# -*- coding: utf-8 -*-

# Resource object code
#
# Created by: The Resource Compiler for PySide6 (Qt v5.13.0)
#
# WARNING! All changes made in this file will be lost!

from PySide6 import QtCore

qt_resource_data = b"\
\x00\x00\x04\xe7\
\x89\
\x50\x4e\x47\x0d\x0a\x1a\x0a\x00\x00\x00\x0d\x49\x48\x44\x52\x00\
\x00\x00\x20\x00\x00\x00\x20\x08\x06\x00\x00\x00\x73\x7a\x7a\xf4\
\x00\x00\x00\x04\x73\x42\x49\x54\x08\x08\x08\x08\x7c\x08\x64\x88\
\x00\x00\x00\x09\x70\x48\x59\x73\x00\x00\x03\x76\x00\x00\x03\x76\
\x01\x7d\xd5\x82\xcc\x00\x00\x00\x19\x74\x45\x58\x74\x53\x6f\x66\
\x74\x77\x61\x72\x65\x00\x77\x77\x77\x2e\x69\x6e\x6b\x73\x63\x61\
\x70\x65\x2e\x6f\x72\x67\x9b\xee\x3c\x1a\x00\x00\x04\x64\x49\x44\
\x41\x54\x78\xda\xc5\x57\xcf\x4f\x1b\x57\x10\x9e\x5d\x7b\xfd\x03\
\xff\x42\x84\x96\x40\x44\x93\x20\x24\x4a\x03\x04\xa4\xe4\x10\x95\
\x23\x1c\x39\xb5\xa7\xf6\xde\x0b\x8a\x50\x2f\x39\x70\x02\x29\x02\
\x91\x4b\xd4\xff\x80\x23\x9c\x39\xf6\x04\xe2\x82\x52\xa9\x8d\x90\
\x4a\x25\x10\x15\x14\x81\xcb\xaf\x52\x62\xaf\xb0\xd7\xde\xed\x7c\
\x4f\x6f\x9c\x65\x65\xc7\xb2\xad\xa4\x23\x7d\x2c\xab\x7d\xef\x9b\
\xef\xcd\x9b\x37\xf3\x6c\x78\x9e\x47\xff\xa7\x85\xe9\x03\x66\x18\
\xc6\x97\x83\x83\x83\xe3\xd4\x82\xed\xec\xec\x6c\xf2\x22\xff\xa0\
\x5a\xc6\x1f\x6b\x82\xed\x1b\xaf\x45\xd3\x1c\x54\x0b\x26\xd5\x31\
\xd7\x75\xe9\x23\x5a\x7d\x01\xa5\x52\x89\x9a\xcc\x13\xcc\x6b\x5d\
\x80\xe3\x94\x9a\x11\x81\xf1\x98\xdb\x5a\x12\xc2\x0a\x85\x82\x26\
\xe4\xc1\xe1\x10\x99\x26\x34\xd7\xdd\x36\x16\x5d\x66\x01\x0e\xd5\
\xb3\xd0\xdc\xdc\x1c\x55\xb3\xa5\xa5\xa5\xcc\xc0\xc0\xc0\x2f\xcf\
\x9e\x7d\x6d\x90\x3a\x11\x10\x71\xeb\x84\xd4\x72\x8c\x88\xc1\x39\
\x8b\x2f\x52\x3e\x9f\xfb\x76\x7b\x7b\xfb\xa7\xf1\xf1\xf1\x42\x23\
\x11\xc0\x4a\xe3\xb6\x6d\x9b\x37\x37\x05\x26\xf6\x14\xb9\x65\x59\
\x8c\x30\x85\x42\x26\x0b\x00\x0c\x11\xa6\xb3\xda\xa5\x72\xd9\x55\
\xa1\x17\x01\xe0\x00\x17\x53\xfe\xdb\x90\x80\x44\x22\x81\x95\x80\
\x00\xce\x19\xb2\xb2\xb0\x6c\x05\x70\x6b\xf5\xc1\x08\x14\x8b\x0e\
\xfe\x07\x57\x73\x39\x80\xfd\xcf\xe7\x6d\x45\x1a\x8b\x45\x79\xf5\
\x25\x76\x8e\x08\x84\x74\x14\x0c\x40\xce\x34\x56\xcf\x78\x2f\x00\
\xd1\x03\x47\xdd\x24\x5c\x58\x58\xe8\x62\xd2\x2c\x56\xd4\xd6\xd6\
\xa6\x80\xff\x41\x94\xcb\xe5\x2b\x84\x91\x48\x04\x5b\x00\x11\x3a\
\x02\xc8\x03\xc0\x93\x6d\xd2\x63\x4b\xbc\xfa\x22\x80\x77\x16\x1f\
\x3b\x59\x5d\x5d\x45\x34\x05\xe0\xbb\x3b\x3b\x3b\xfb\x37\x04\x80\
\x70\x84\x57\x80\x81\x14\x8f\xc7\x01\xb5\xb2\xdd\xdd\x5d\x3a\x3f\
\x3f\x67\xc7\x51\x8a\x46\xc5\xb9\xc2\x07\xb6\xa0\x24\x22\x90\x03\
\xe0\xc0\x82\xc0\x29\x91\xc2\x38\x3c\x47\x88\xe8\xe7\xb0\x9e\x3c\
\x02\xe7\x02\x11\xd0\xd3\xd3\x43\xaf\x5f\xbf\x92\x73\x2d\xcf\x6a\
\x15\x52\xc4\x60\x9e\xff\x09\x0e\x16\x1f\x05\xa7\x38\x97\x6d\xaa\
\x08\x40\x76\x0f\xb1\xca\x02\x92\x85\x21\xdb\x60\x72\xa8\x2c\x84\
\xbd\x15\x43\xb8\xd3\xe9\xb4\xc3\x51\x73\x03\x47\x76\x48\x09\x85\
\xaa\xed\xdf\xdf\xfe\xd6\xdb\x73\xff\x31\xf9\xec\xfa\xfa\x1a\x62\
\x64\x65\xcd\x1a\x1c\x71\x22\xe7\x21\x82\xfc\xf6\xd7\xf1\xc1\xdb\
\xe1\xaf\x1e\x8f\xaa\x08\xc4\x22\xb1\x24\x32\xdb\x6f\x08\xd3\xf4\
\xf4\x74\xcb\xcd\x08\x0b\x58\x5c\x5c\xa4\x20\x3f\x7c\xca\x29\x40\
\x92\x25\x90\x58\xb0\x80\x88\xaa\x3d\xa0\xbf\xbf\x9f\xaa\x09\xde\
\xdb\xdb\xab\xd9\x90\x82\xfc\xf0\xa9\x05\xe0\xa3\x15\xc7\x80\x20\
\xe1\xe9\xe9\x69\x50\x80\xca\x0f\xc9\xf4\xa0\xe5\x72\x39\xec\x79\
\xf0\x52\xa3\xb8\x82\xfc\xf0\x59\xc9\x81\xcd\xcd\xcd\xf2\xf1\xf1\
\xb1\x49\x9f\xce\x70\x3a\x5c\xee\x0f\x21\x25\xe0\xe4\x24\xeb\xa6\
\xd3\x29\x83\x3e\x81\x6d\x6c\x6c\xd0\xd8\xd8\x18\xa1\x24\x74\x77\
\xdf\x35\x11\x17\x94\xcc\x22\xd7\xf7\x28\xf9\xec\xf2\xf2\x12\x61\
\xf3\x9f\xff\xaa\x90\x30\xfb\xcf\x7f\x10\xd8\xae\x8e\x8e\x0e\x82\
\xa1\xce\x38\x0e\x7a\x84\x5b\xac\xe4\xc0\xc5\xc5\xe5\x0d\x27\xab\
\x08\x00\x31\xca\x33\xad\xad\xad\x05\x92\xa9\x31\x13\x51\x53\x53\
\x53\x34\x3f\x3f\xaf\xde\x0f\x0e\x0e\x20\x86\x45\xb8\x37\x0f\x1f\
\xde\x57\x02\xb8\xdc\x5e\xd8\xb1\x98\x95\x91\x89\x28\xbf\xcb\xcb\
\xcb\x94\x4a\xa5\xa4\x7a\x35\x7d\x04\xe1\x14\x5c\xeb\xeb\xeb\xd4\
\xd9\xd9\x89\x13\x84\xc8\xf2\xb6\x9f\xd8\x95\x08\x64\xb3\xa7\x76\
\x2a\x15\xd7\xd3\x10\x91\x0b\x74\x31\x4c\x50\x4d\xe6\xe5\xcb\x57\
\x5c\x4e\x2d\x9e\x08\x48\x3b\x36\xaa\xf4\x02\x4f\xda\x31\xc3\xa1\
\x17\x2f\x7e\x84\x00\x70\x81\x13\x15\x57\xbd\x5f\x5d\x5d\xc1\xe7\
\x7b\x01\xef\xde\xe5\xfe\x41\x68\xc4\xce\xce\xce\x50\x09\x95\x83\
\xae\xae\xcf\xa9\xb7\xf7\x9e\x6e\x46\x16\x00\x01\xa8\x03\x55\xda\
\x71\x59\xae\x62\x0a\xdd\xdd\xf7\xf8\x28\x67\x15\xd7\xd1\xd1\x51\
\xa5\x35\x8b\xcf\x8a\x80\xe7\xcf\x7f\x78\x4a\x01\xdb\xdf\xdf\xf7\
\x50\x3e\x1f\x3d\x1a\xa2\x3b\x77\x3a\xb4\x00\xb9\x11\xd5\xbe\x90\
\x40\x84\xdc\x88\x86\x87\x87\xe8\xcd\x1b\x5b\xd5\x87\x99\x99\x19\
\xa3\xa1\x0b\x09\x8e\xcb\xc4\xc4\x04\xf5\xf5\xf5\x53\x7b\x7b\x86\
\x2b\x97\x05\xf8\xda\xb1\x64\x3e\x20\x6d\xd6\x93\x22\xa5\x6e\x43\
\x4f\x9e\x3c\xa5\x4c\x26\x0d\x2e\xe6\xe9\xa3\x86\x04\x1c\x1e\x1e\
\xd2\xe4\xe4\x24\x37\xa4\x24\x37\x92\x24\x2e\x23\xb7\x6e\x43\xb5\
\xcc\x7f\x2b\x1a\x1d\x1d\xa1\x07\x0f\xbe\xa0\xad\xad\xad\xc6\x7f\
\x17\x60\xbf\x56\x56\x56\x58\x40\x9b\xbe\x50\xc4\x10\x01\x71\x5e\
\xcb\xf0\x1d\xe3\x30\x9e\xe7\x25\xc0\x21\x7b\x5f\xf7\xb7\xa1\x08\
\x8a\x32\x92\x8c\x76\xc6\x77\x9c\x40\xb6\xd7\xa4\xd9\x6c\xcc\xf1\
\x3d\xe3\x33\xcd\x97\xd4\xfc\xa6\xf8\x34\xd4\x1f\x36\xed\x3c\xcc\
\x88\xe8\xa7\xc5\xc0\xc6\x8d\x61\x61\xfa\x3d\xec\x43\xc8\xb7\x85\
\x2e\xa2\xaf\xe1\x04\x9e\xbf\x32\xfe\xc4\xbb\x46\x51\xbe\xb1\x6f\
\xf7\x3f\xa0\xae\x6b\xae\xb7\x1c\xd8\xeb\x00\x00\x00\x00\x49\x45\
\x4e\x44\xae\x42\x60\x82\
\x00\x00\x07\x4a\
\x89\
\x50\x4e\x47\x0d\x0a\x1a\x0a\x00\x00\x00\x0d\x49\x48\x44\x52\x00\
\x00\x00\x20\x00\x00\x00\x20\x08\x06\x00\x00\x00\x73\x7a\x7a\xf4\
\x00\x00\x00\x09\x70\x48\x59\x73\x00\x00\x1b\xaf\x00\x00\x1b\xaf\
\x01\x5e\x1a\x91\x1c\x00\x00\x00\x07\x74\x49\x4d\x45\x07\xd7\x0c\
\x0a\x00\x02\x2b\xf7\x28\x10\x90\x00\x00\x00\x06\x62\x4b\x47\x44\
\x00\xff\x00\xff\x00\xff\xa0\xbd\xa7\x93\x00\x00\x06\xd7\x49\x44\
\x41\x54\x78\xda\xcd\x97\x6d\x68\x5b\xe7\x15\xc7\x9f\xe7\xbe\xe8\
\xea\xdd\x96\x25\xdb\x92\x65\x5b\xb6\x65\x4b\x4e\x6c\xb9\x91\x5b\
\xbb\x4d\x82\xc1\xc3\x49\x37\xb2\x2d\x6c\x0c\xba\x8e\xb2\xd2\x4f\
\x5b\xd6\x0f\x2d\x6c\x10\x02\x63\x5f\xd2\xee\xf3\xba\x7e\xd9\x5a\
\x06\xf5\x58\x06\x63\xac\x26\x64\x0e\x4d\xba\xa5\x5b\x20\xd4\x2e\
\x66\x9e\x53\xdb\xf1\xfb\x8b\x64\xcb\x2f\xb2\xde\x75\xa5\xab\xfb\
\xf2\x3c\xcf\x8e\x86\xc1\x5f\xb6\x16\x1b\x2f\xec\x2f\x0e\xf7\x72\
\xb9\x9c\xf3\xd3\xb9\xff\x73\x2e\x17\xa3\x2f\x16\xb6\x58\x2c\x1c\
\xc6\x98\xa7\x94\x22\x02\xd2\x75\x9d\xc2\x75\x86\x4e\x49\xff\x11\
\x20\x1a\xed\x17\xdf\x7a\xfb\xed\xab\x75\x2e\xd7\xcb\x16\xab\xf5\
\x79\x00\xf0\x31\xca\x10\xfc\x76\x95\xb2\xf2\x59\x36\x9b\xf9\xc3\
\xf5\xeb\xd7\xef\x3c\x79\x32\xaf\x9f\x2a\x80\x24\x49\xf8\x17\xef\
\xbc\x33\x70\xf6\xcc\xd9\xf7\x09\x65\x7d\x9f\x4c\x2c\xa1\xa9\xd9\
\x1d\x94\xcc\x55\x18\x63\x08\x39\xad\x3c\x7e\x26\x54\x8f\x86\x07\
\x3b\xb0\xdb\x5d\xf3\x78\xe1\xc9\xc2\x0f\x5e\x7f\xfd\x47\x53\xd5\
\x8e\x9c\x06\x00\xfe\xe5\xbb\xef\x7e\x07\x8a\xff\xf6\xb3\xc7\x5b\
\x96\x3f\x3e\x88\x33\x62\xaa\x21\x17\xce\x77\x61\xb3\xd3\xc6\x10\
\xc6\x8c\x28\x2a\x9a\x98\x5c\x66\xba\x9c\x17\x86\xce\x4a\xdc\x95\
\xe1\xee\xca\xfa\xda\xfa\xf7\xdf\x7c\xf3\x8d\xb1\x93\x42\xf0\xe8\
\x50\x37\x6e\xdc\x18\xea\x0e\x77\x8f\xdd\xff\x74\xd3\x3c\x3e\x25\
\x1b\xe1\xbe\x90\x1a\x1a\xe8\x56\x23\x83\x21\x62\xf3\x7a\x54\x87\
\xb7\xae\xe2\x6b\xf6\xe8\x36\x8f\xab\x22\x89\x92\x36\xbb\x56\xc6\
\xb1\xcd\x84\x79\x20\xe2\xbf\xda\xd5\xd5\xf9\xf0\xd1\xa3\x47\xf1\
\x93\x00\x08\x08\xe4\x76\xbb\xed\xad\x81\xc0\x7b\x73\x6b\x19\xe9\
\xde\x74\x59\x0b\xf7\x87\x72\xad\xcf\x85\x4a\x5d\x9d\x0d\x96\x80\
\xcb\x2c\x6d\x2b\x44\x21\x08\x91\x80\x95\x97\xb0\xcd\x52\xaa\xab\
\xaf\xd5\x88\x28\x5a\x3f\x9f\x5a\xae\x6b\x9c\x49\xda\xfb\xda\xdb\
\xde\x87\x1c\x83\xe9\x74\x5a\x3e\x51\x07\xae\x5d\xbb\xf6\xaa\xd7\
\xdb\xf4\xda\xad\xbf\xa6\x75\x67\xab\x7f\xff\xfc\xa5\xe8\x81\xc5\
\xe3\x2c\x36\xd4\x59\x98\x20\x09\xca\x0e\x45\xc9\x32\xe6\x0a\x76\
\x13\x6f\x68\x08\xcb\x2a\xe2\xb2\x00\x51\x92\x65\x95\x3e\x9e\x3b\
\xb0\x3c\xd7\x65\xf5\x05\x5a\xfd\x1b\x13\x13\x13\xd3\x27\xe9\x80\
\xe0\x70\x38\xbe\x17\x4f\x1a\x2c\xa5\xf2\xb9\x68\x6f\xe7\x72\xd9\
\x2c\x69\x0a\xe3\xf2\x22\xc5\x0e\x59\x61\xa4\x88\x04\x4a\xe0\xc6\
\x8c\xc2\xf6\xed\x88\xe3\xf7\x29\xce\x19\x48\x30\x39\xba\x02\x99\
\xca\xd2\xb6\xf8\x24\xae\x07\xea\x9d\xce\x97\xe1\x96\x51\x08\xe3\
\xb8\x00\x4e\x70\xff\xb9\xa5\x03\x4a\x2d\x0d\xee\x9d\xa2\xcd\xbe\
\xb5\x4b\x38\xdd\x2e\x99\x54\x2c\x08\x6a\x9d\xc0\xdb\x44\x86\x58\
\x15\xc0\x86\x11\xa0\x60\x9d\x48\xa6\x4c\x91\x37\xc4\x9c\xc5\x9a\
\xb3\x36\xd5\xbb\xe2\xa9\x54\x53\x4b\xd0\x1c\xad\xe6\xaa\x72\x1e\
\x1b\x40\x14\x45\x57\xb1\x82\x55\x73\xbd\x3b\x65\xb3\x9b\xc9\xa7\
\xbf\xb9\xf3\x43\xde\xe1\x43\x7f\xb3\xb8\x11\xc2\x1c\x62\x95\x1c\
\x22\xf2\x1e\xa2\xe5\x14\xa2\x5a\x09\x42\x46\x54\x95\xd1\x0b\xd7\
\x7f\xfa\xab\x42\x83\x3b\x5d\xd8\xc8\x6a\x26\x93\xe8\x3a\x29\x00\
\xcf\xaa\x27\x82\xc8\x04\x9b\x45\xe1\x44\xc1\xc8\x17\x09\xec\x04\
\x11\x99\x1d\xb5\x48\x34\x8b\x88\xe7\x09\xc2\xac\x88\x34\xa3\x80\
\x0c\xb5\x84\x54\x18\x47\x4d\x2e\x21\x1e\x3c\x21\xd8\xad\x0a\xc7\
\xf3\x94\xe3\xf8\xa3\xa9\x3a\x26\x80\xa2\xa9\x6a\xa1\xce\x21\x58\
\x56\x09\xe1\x15\x46\xd5\x6f\xfe\xfc\xd5\x9b\x35\x36\x51\xb1\x8b\
\x9c\x06\xbb\xc7\x10\xb8\x20\xc1\x70\xa3\x4e\x19\x57\x21\x4c\x90\
\x0d\x66\x2a\x54\x0c\x69\x3f\x91\xb3\x33\x42\xb9\xfa\x1a\x93\xa0\
\x69\xd9\x42\x35\xd7\x71\x01\x38\x88\x7c\xa1\x50\x58\x0e\x36\x99\
\x78\x35\x93\xaf\x21\x3a\xe5\x65\x4a\xb5\x32\x24\xd3\x39\x24\x53\
\x01\x17\x38\x11\xe7\x31\x04\x83\x73\x9d\xc7\x32\x54\x29\xcb\x8c\
\xa9\x14\x8a\x43\x5d\x47\xa8\xd9\x2a\x65\x32\x99\xe5\x6a\xae\x93\
\x00\x28\x5b\x5b\x5b\xe3\x7e\x17\xe3\xfc\xbc\x11\x30\xe4\x8a\x99\
\x54\x0c\x91\x56\x77\x1f\xc2\xc8\xc4\x63\x62\x15\xb0\x6e\x15\xb1\
\x2e\xc1\x39\x07\xad\x00\x4f\x62\xa2\x11\x81\x94\x54\x49\x2a\xe4\
\x3b\x7a\x5a\x04\x2e\x1e\xdf\x1a\x3f\x69\x07\xe8\xd8\xd8\xd8\xad\
\x44\x62\x6b\xe7\xbb\x17\xdc\xbe\xd2\x42\xac\xbd\x92\x96\x1d\x8a\
\x46\x4c\x2a\x65\x3c\xa5\x08\x57\x21\x24\x0e\x93\x2a\x94\x4a\x18\
\xaf\xe8\x54\x54\xb3\x65\x7b\x69\x35\xd1\xf2\xd2\x80\xa7\x7d\x2f\
\xb1\xb9\xfb\xe1\x87\x7f\xba\x55\xcd\x75\xa2\x45\x44\x08\xc9\x33\
\xc6\x8a\x03\xd1\xee\x2b\x67\x7c\x1e\xff\x3f\x57\x0a\x39\x66\x35\
\x97\xa9\xc5\xa4\x23\x0e\x33\xc2\x10\x57\x32\x98\x98\x51\xa9\x25\
\xad\x10\x5b\x2e\x29\xbb\x4a\x8b\xdb\xc1\x2b\x6e\x72\xf9\xac\xa7\
\x6c\xc1\x18\x3f\x9c\x9d\x9d\x7d\xaf\xb1\xb1\x11\x1f\x1c\x1c\xb0\
\x93\xbc\x0b\xd8\xfa\xfa\xfa\x82\x20\x0a\xfc\x0b\xe7\x82\x43\x17\
\x02\xee\xce\xdd\x58\x51\x4a\x64\x35\xb5\x44\x11\x9f\xd5\xa8\xf9\
\x40\x36\xec\xa9\x74\xb9\x36\x1f\xcb\xf8\x6a\xe3\x7b\xe7\x5f\xe9\
\x10\x46\x82\xce\x82\x2d\x95\x4a\xe1\x91\xcb\x97\xc3\x43\x17\x2f\
\x0e\x45\x22\x91\x61\xc8\xf5\x60\x71\x71\x51\x3b\x2e\x40\x55\xfa\
\xfc\xfc\xfc\x64\x2e\x9b\x4b\x76\xb5\x79\x07\x5e\xec\xf5\x84\xfb\
\x9d\x42\xa4\x85\x92\x76\x8f\xa2\x05\x7d\x8a\xd2\x1b\x61\x95\xc1\
\x61\x87\x36\xfc\x62\x80\x75\x1c\xc4\xe6\x53\xa3\x1f\x7c\xf0\xb3\
\x70\x38\xa4\xec\xed\xed\x85\x7d\x4d\x4d\x6d\x91\x48\x5f\xd4\xe7\
\xf5\x0e\xc2\x62\xbb\x3f\x33\x33\x53\x3a\x06\xc0\x11\xc4\xda\xda\
\xda\x3f\xee\xde\xbd\xfb\x91\x41\x0c\x45\x60\x4a\x9d\x47\x50\xfc\
\x01\xb3\xd2\xd2\xc4\xe5\x1b\xb9\x5c\xcc\xb4\xbd\x32\xb3\x7e\x77\
\xfc\xcf\xbf\x7b\xeb\xe6\xcd\x9f\x2c\x2e\x2e\xdc\x85\x09\x7a\xbc\
\xb1\xb1\xf1\x5a\x72\x7f\x5f\x6a\x6e\x6d\x45\xdd\x67\xce\x74\xb4\
\x34\x37\x5f\xaa\xad\xad\x7d\x30\x39\x39\xf9\xa5\x4b\x09\x7f\x09\
\x9c\x0b\xa2\xe9\xf0\x58\x55\x16\x62\xe7\xf0\x48\x10\x28\x18\x0c\
\xda\x9a\x9b\x9b\x7f\xdd\xd1\xd1\xf1\x0a\xbc\x11\xf1\x37\xae\x5e\
\x45\xe1\x70\x37\xda\xd9\xde\xda\xbc\x7d\xfb\xf6\x4b\xa3\xa3\xa3\
\x53\x30\x65\x5f\x50\xe4\xbf\x8b\x41\x94\x21\xf6\x21\x62\x87\xb1\
\x7f\x78\x8d\xa1\x43\x65\xb3\x59\x1d\x56\xf9\x47\x60\xe2\x06\x78\
\xa9\xf5\x2f\x2f\x2d\x61\xab\xd5\x8a\x3a\x43\xa1\xda\xee\x50\xe8\
\xdb\x35\x35\x35\xf3\xbb\xbb\xbb\xab\x60\xce\x63\x00\x1c\x53\xb0\
\x84\x0c\x00\xf8\x98\x52\xea\x80\x49\x18\x5c\x58\x58\xc0\x20\xd4\
\xd6\xde\x61\xed\x8b\x44\xbe\x05\x8f\x63\x17\x40\x3f\x87\x4e\xb0\
\x53\x06\x38\x52\x3e\x9f\x27\x50\xf4\x13\x5d\xd7\xf9\xb6\xb6\xb6\
\x8b\x2b\x2b\x2b\x5c\x45\x51\x90\xd7\xef\x37\x3d\x1b\x8d\x5e\x71\
\xb9\x5c\x7a\xb1\x58\x9c\x84\x69\xa3\xa7\x0c\x70\xa4\x5c\x2e\x47\
\x35\x4d\x7b\x08\x51\x0a\x87\xc3\xc3\xdb\xdb\xdb\x7c\x36\x9d\x46\
\x75\x9e\x7a\xfe\xd9\xfe\xe8\x57\x1a\x1a\x1a\x5c\xaa\xaa\xfe\x7d\
\x69\x69\xc9\x38\x02\x38\x65\xc1\xbf\x64\xd0\x89\x49\x98\x8e\x44\
\x4f\x4f\xcf\x65\xe8\x8c\xb8\x93\x48\x20\xbb\xc3\x89\xcf\x9d\x7b\
\x66\x10\x0c\xdb\x65\x18\xc6\xc7\x73\x73\x73\xea\xe9\x03\x1c\x19\
\x93\x81\x1f\x66\xa0\xf8\x3c\x40\x7c\x95\x10\x62\xd9\xd8\x58\x47\
\x26\xc9\x8c\x7b\x7a\x7b\x7a\xdb\xdb\xdb\x9f\x07\xe3\xde\x9f\x9e\
\x9e\x2e\x9d\x3e\xc0\x91\x27\xaa\x20\x8b\xb2\x2c\x4f\xf4\xf6\xf6\
\x7e\x0d\xbe\xb0\x1c\x6b\xab\xab\x88\x03\x73\x86\xc2\xe1\x76\x18\
\xdf\x7f\xef\x0a\x1e\xfd\x0f\x05\xcf\x1b\x6d\x6e\x6e\xc6\x2a\x95\
\xca\x5f\x00\xe2\x12\x18\xd1\x0d\x26\x44\xba\xa6\x21\xe8\x82\x17\
\x3c\x71\x9e\x47\x4f\x41\xb1\x58\x6c\x1f\x3c\x31\x0e\x10\xc3\x5e\
\x10\x98\x13\xc1\x5e\x50\x61\x2c\x7f\xcc\xa3\xa7\xa4\x78\x3c\x9e\
\x4b\x26\x93\x77\x00\xe2\x82\xc9\x64\xaa\xbf\x77\xef\xde\x1b\xb0\
\xf2\x7f\x8f\x9e\xb6\xfa\xfa\xfa\xdc\x23\x23\x23\x5f\xf7\xfb\xfd\
\x18\xfd\x3f\xe8\x5f\x10\x15\x65\x65\x78\xed\x7a\x25\x00\x00\x00\
\x00\x49\x45\x4e\x44\xae\x42\x60\x82\
\x00\x00\x03\xa9\
\x89\
\x50\x4e\x47\x0d\x0a\x1a\x0a\x00\x00\x00\x0d\x49\x48\x44\x52\x00\
\x00\x00\x20\x00\x00\x00\x20\x08\x06\x00\x00\x00\x73\x7a\x7a\xf4\
\x00\x00\x00\x04\x73\x42\x49\x54\x08\x08\x08\x08\x7c\x08\x64\x88\
\x00\x00\x00\x09\x70\x48\x59\x73\x00\x00\x03\x76\x00\x00\x03\x76\
\x01\x7d\xd5\x82\xcc\x00\x00\x00\x19\x74\x45\x58\x74\x53\x6f\x66\
\x74\x77\x61\x72\x65\x00\x77\x77\x77\x2e\x69\x6e\x6b\x73\x63\x61\
\x70\x65\x2e\x6f\x72\x67\x9b\xee\x3c\x1a\x00\x00\x03\x26\x49\x44\
\x41\x54\x78\xda\xa5\x57\x4b\x6b\x13\x51\x14\x3e\x93\xa6\xd4\xbc\
\xc0\x40\x0a\x5a\x6c\xa1\x1b\xdd\x74\xd1\x7d\xff\x40\xc5\x1f\x10\
\xdc\xba\xb1\x50\x28\xb8\x14\x6b\x83\x58\xa2\x91\x4a\x17\x6a\x0d\
\x68\x43\x90\x42\xb6\x6e\xdc\xd9\x9d\x75\xa5\xd2\xae\xb2\xb1\x2d\
\x1a\xb4\xa3\x58\xc9\xab\xcd\x3b\xe3\x39\xb1\x77\x38\xf4\x76\x72\
\xa6\x99\x2f\x5c\xce\x9d\xfb\xfa\xbe\x7b\xce\xb9\x33\x37\x86\x65\
\x59\xe0\x06\xa6\x69\xfe\x36\x0c\x63\xb4\xdb\xed\x02\x2f\x38\x9f\
\x4a\x61\x72\x72\x72\x02\x06\x80\xdf\xed\xc0\xed\xed\xed\xf7\x68\
\x6e\x3a\x74\x7f\x40\x01\x30\x08\x5c\x79\x60\x69\x69\xa9\x37\x88\
\xc6\x72\x7b\xba\x2d\x99\x4c\x1a\x03\x0b\x58\x58\x58\xb8\x11\x89\
\x44\xee\xfa\xfd\xfe\x19\x74\x35\x70\x82\xf9\xf9\x79\xe8\x74\x3a\
\xca\xed\xaa\xae\xb5\xa5\xd3\x69\xc0\xf9\x6a\x9e\xea\xdf\xaa\xd7\
\xeb\x8f\x32\x99\xcc\xbb\xbe\x21\x88\x46\xa3\x8f\xa7\xa7\xa7\xa7\
\x02\x81\x00\xf8\x7c\x3e\xbb\xd0\xe2\xa1\x50\x08\xdc\x20\x1e\x8f\
\x43\x38\x1c\x86\xe1\xe1\x61\x7b\x7e\xb9\x5c\x9e\xd9\xdc\xdc\x7c\
\x8a\xdd\x8e\x02\x14\xa6\x76\x76\x76\x80\x83\xc8\x6b\xb5\x1a\x4c\
\x4c\xb8\xcb\xaf\x6c\x36\x0b\xc1\x60\x90\x27\x67\xaf\x3e\x36\x36\
\x76\x4d\x4c\x42\x22\xa2\xc9\xca\x7d\x6a\x11\xda\x4d\x2a\x95\x82\
\x76\xbb\x6d\xf7\xf1\x7e\x0c\x97\x6a\x23\x2f\x92\xdb\xb5\x31\x85\
\x42\x81\xc6\xf1\xcd\x5a\xb4\x3f\x0b\xa1\x1a\xb5\x89\xdc\xc6\x62\
\x31\x68\xb5\x5a\x5a\xfb\xa9\xf1\x34\x86\xac\x56\x1a\x8d\x06\x51\
\x5c\x56\x79\x77\x22\x80\x8e\x75\x53\x09\xd0\xce\xb6\xb2\x6a\xe1\
\xd5\xd5\x55\xf0\x82\x5c\x2e\xf7\x9d\x3f\x23\xf9\x55\x34\x7b\xdc\
\x03\x67\x7a\x41\x65\x33\xa1\x58\x2a\xd1\xc4\xff\x85\x1a\x58\x9d\
\x2c\x30\x0b\x6a\x0c\xc7\x49\xdf\x85\x91\x11\xbb\x85\x0b\x38\x73\
\xf7\xca\x2b\x04\x9b\x9c\x93\xea\x75\x26\x44\xab\x6b\x70\x0a\x01\
\x17\xd2\x4f\x00\x15\xde\x27\x90\x0b\x02\x84\x10\x38\x0b\x70\x08\
\x83\x1b\x78\x0d\x81\xe3\xce\xf5\x67\x59\x80\x14\x02\x27\x72\x89\
\xd8\x63\x08\xb8\x00\x80\xbe\xe4\xb2\x10\xef\x21\x10\xc8\xb5\xba\
\x20\xc8\xc3\x29\xd0\xe3\xee\xdd\x03\xd2\x29\x90\xc9\xf5\x3a\x6f\
\xf3\x1c\x02\x79\x71\x59\x88\xe7\x10\xf0\xc5\xa5\x36\x05\xfd\x16\
\xe5\x21\x04\xe7\x26\xe7\x1e\xb4\xad\x31\x64\xeb\xf0\x33\x85\x52\
\x08\x74\xe8\xe4\x1a\x31\x7d\x49\xe9\x2e\xa1\x42\x4c\xa8\x75\xba\
\x3f\xd1\x94\x69\xd8\x80\x39\xe0\x6c\xf9\x3b\x05\xef\x82\xbd\x52\
\x2c\x96\xa0\x52\xad\x80\x81\xbf\x68\xf4\x62\x67\x63\xe3\xcd\x0a\
\x7d\x5c\x71\xfd\x2e\xf7\x80\x90\x03\x32\xf8\x3a\x74\xc3\x32\xcd\
\x03\xd8\xdb\xdf\x87\x70\x28\x0c\xe3\xe3\x57\x48\x26\xac\xaf\xbf\
\x5a\x59\x5e\x4e\xa6\xf1\xa1\x75\xae\x8f\x91\x33\xf4\xdd\xd3\x0d\
\xa8\x5a\xad\xc2\xd7\xdd\x3d\xb8\x3e\x3b\x8b\xf3\xdb\x70\x70\x60\
\xc2\x8b\xb5\x67\xaf\x9f\xa4\x56\x1e\xe2\xb0\xba\x85\xd0\x04\x08\
\x21\x10\x13\x4e\x89\x6d\x36\x9b\xf0\xe7\xf0\x90\x6e\xd3\x36\xf9\
\xda\xcb\xe7\x6f\x91\xfc\x0e\x0e\x3b\x56\xe4\x7a\x12\xca\xc7\x50\
\x74\x3f\x25\x1c\xb9\xbf\x5c\xae\x90\xdb\x7b\xe4\x89\x07\x09\xc8\
\x66\xb2\xb7\x18\xb9\xab\x63\xc8\xeb\xe7\x8a\x7f\xbd\xde\x00\x0b\
\xed\x90\x6f\x08\x16\xef\xdf\x83\xcf\x9f\xbe\x50\x77\x89\x92\xce\
\xf1\x45\x94\xcf\xe7\x4d\x74\xdd\xa5\x53\x0b\x72\x2b\xe6\x01\x0f\
\x03\xdd\xa4\xe7\xe6\x6e\xc3\xd6\xd6\x47\xfa\xb7\x64\x6a\xe4\x8c\
\x44\x2c\x88\xc8\xd1\xd1\xd1\x2f\x4b\x40\xb3\xdd\xb1\xfe\x56\x8e\
\xad\xdd\x6f\xfb\x3f\x12\x89\x45\x8a\x77\x80\xb4\xf5\x5b\xdb\x70\
\xb9\x3b\x1f\x9a\x51\x12\x42\x8f\x52\x24\x4e\x5e\x32\x45\x2c\x2d\
\x4b\x20\xf8\x07\xaf\x80\x4a\x25\xf3\xd7\x85\xfd\x00\x00\x00\x00\
\x49\x45\x4e\x44\xae\x42\x60\x82\
\x00\x00\x1a\x3f\
\x2f\
\x2a\x20\x58\x50\x4d\x20\x2a\x2f\x0a\x73\x74\x61\x74\x69\x63\x20\
\x63\x6f\x6e\x73\x74\x20\x63\x68\x61\x72\x20\x2a\x20\x69\x63\x6f\
\x6e\x33\x32\x78\x33\x32\x5f\x78\x70\x6d\x5b\x5d\x20\x3d\x20\x7b\
\x0a\x22\x33\x32\x20\x33\x32\x20\x32\x38\x30\x20\x32\x22\x2c\x0a\
\x22\x20\x20\x09\x63\x20\x4e\x6f\x6e\x65\x22\x2c\x0a\x22\x2e\x20\
\x09\x63\x20\x23\x32\x44\x32\x44\x32\x44\x22\x2c\x0a\x22\x2b\x20\
\x09\x63\x20\x23\x31\x38\x31\x38\x31\x38\x22\x2c\x0a\x22\x40\x20\
\x09\x63\x20\x23\x32\x35\x32\x35\x32\x35\x22\x2c\x0a\x22\x23\x20\
\x09\x63\x20\x23\x31\x36\x31\x36\x31\x36\x22\x2c\x0a\x22\x24\x20\
\x09\x63\x20\x23\x30\x30\x30\x30\x30\x30\x22\x2c\x0a\x22\x25\x20\
\x09\x63\x20\x23\x30\x45\x30\x45\x30\x45\x22\x2c\x0a\x22\x26\x20\
\x09\x63\x20\x23\x44\x32\x44\x32\x44\x32\x22\x2c\x0a\x22\x2a\x20\
\x09\x63\x20\x23\x45\x37\x45\x37\x45\x37\x22\x2c\x0a\x22\x3d\x20\
\x09\x63\x20\x23\x42\x32\x42\x32\x42\x32\x22\x2c\x0a\x22\x2d\x20\
\x09\x63\x20\x23\x38\x41\x42\x43\x39\x38\x22\x2c\x0a\x22\x3b\x20\
\x09\x63\x20\x23\x30\x31\x45\x30\x33\x45\x22\x2c\x0a\x22\x3e\x20\
\x09\x63\x20\x23\x30\x34\x45\x30\x34\x30\x22\x2c\x0a\x22\x2c\x20\
\x09\x63\x20\x23\x43\x35\x45\x36\x43\x45\x22\x2c\x0a\x22\x27\x20\
\x09\x63\x20\x23\x41\x38\x41\x38\x41\x38\x22\x2c\x0a\x22\x29\x20\
\x09\x63\x20\x23\x45\x39\x45\x39\x45\x39\x22\x2c\x0a\x22\x21\x20\
\x09\x63\x20\x23\x46\x46\x46\x46\x46\x46\x22\x2c\x0a\x22\x7e\x20\
\x09\x63\x20\x23\x43\x35\x43\x35\x43\x35\x22\x2c\x0a\x22\x7b\x20\
\x09\x63\x20\x23\x42\x45\x43\x37\x43\x31\x22\x2c\x0a\x22\x5d\x20\
\x09\x63\x20\x23\x32\x32\x45\x46\x35\x41\x22\x2c\x0a\x22\x5e\x20\
\x09\x63\x20\x23\x30\x30\x46\x38\x34\x34\x22\x2c\x0a\x22\x2f\x20\
\x09\x63\x20\x23\x37\x34\x46\x42\x39\x39\x22\x2c\x0a\x22\x28\x20\
\x09\x63\x20\x23\x42\x41\x42\x41\x42\x41\x22\x2c\x0a\x22\x5f\x20\
\x09\x63\x20\x23\x42\x34\x42\x34\x42\x34\x22\x2c\x0a\x22\x3a\x20\
\x09\x63\x20\x23\x35\x31\x45\x33\x37\x39\x22\x2c\x0a\x22\x3c\x20\
\x09\x63\x20\x23\x31\x46\x46\x30\x35\x38\x22\x2c\x0a\x22\x5b\x20\
\x09\x63\x20\x23\x42\x45\x43\x37\x43\x30\x22\x2c\x0a\x22\x7d\x20\
\x09\x63\x20\x23\x37\x44\x44\x37\x39\x36\x22\x2c\x0a\x22\x7c\x20\
\x09\x63\x20\x23\x30\x36\x46\x36\x34\x38\x22\x2c\x0a\x22\x31\x20\
\x09\x63\x20\x23\x41\x30\x43\x45\x41\x44\x22\x2c\x0a\x22\x32\x20\
\x09\x63\x20\x23\x43\x43\x46\x45\x44\x39\x22\x2c\x0a\x22\x33\x20\
\x09\x63\x20\x23\x30\x39\x46\x38\x34\x42\x22\x2c\x0a\x22\x34\x20\
\x09\x63\x20\x23\x37\x37\x44\x39\x39\x32\x22\x2c\x0a\x22\x35\x20\
\x09\x63\x20\x23\x45\x34\x46\x45\x45\x42\x22\x2c\x0a\x22\x36\x20\
\x09\x63\x20\x23\x31\x42\x46\x39\x35\x38\x22\x2c\x0a\x22\x37\x20\
\x09\x63\x20\x23\x34\x46\x45\x34\x37\x38\x22\x2c\x0a\x22\x38\x20\
\x09\x63\x20\x23\x46\x32\x46\x46\x46\x35\x22\x2c\x0a\x22\x39\x20\
\x09\x63\x20\x23\x33\x30\x46\x39\x36\x37\x22\x2c\x0a\x22\x30\x20\
\x09\x63\x20\x23\x34\x30\x46\x41\x37\x33\x22\x2c\x0a\x22\x61\x20\
\x09\x63\x20\x23\x43\x31\x43\x36\x43\x32\x22\x2c\x0a\x22\x62\x20\
\x09\x63\x20\x23\x45\x39\x42\x44\x42\x45\x22\x2c\x0a\x22\x63\x20\
\x09\x63\x20\x23\x46\x39\x46\x46\x46\x42\x22\x2c\x0a\x22\x64\x20\
\x09\x63\x20\x23\x34\x36\x46\x41\x37\x37\x22\x2c\x0a\x22\x65\x20\
\x09\x63\x20\x23\x32\x37\x46\x39\x36\x31\x22\x2c\x0a\x22\x66\x20\
\x09\x63\x20\x23\x45\x44\x46\x45\x46\x31\x22\x2c\x0a\x22\x67\x20\
\x09\x63\x20\x23\x45\x39\x34\x36\x34\x38\x22\x2c\x0a\x22\x68\x20\
\x09\x63\x20\x23\x46\x46\x44\x39\x44\x41\x22\x2c\x0a\x22\x69\x20\
\x09\x63\x20\x23\x46\x44\x46\x46\x46\x44\x22\x2c\x0a\x22\x6a\x20\
\x09\x63\x20\x23\x35\x38\x46\x41\x38\x34\x22\x2c\x0a\x22\x6b\x20\
\x09\x63\x20\x23\x31\x37\x46\x39\x35\x35\x22\x2c\x0a\x22\x6c\x20\
\x09\x63\x20\x23\x44\x45\x46\x45\x45\x37\x22\x2c\x0a\x22\x6d\x20\
\x09\x63\x20\x23\x45\x39\x34\x30\x34\x33\x22\x2c\x0a\x22\x6e\x20\
\x09\x63\x20\x23\x46\x46\x36\x33\x36\x36\x22\x2c\x0a\x22\x6f\x20\
\x09\x63\x20\x23\x46\x46\x46\x39\x46\x39\x22\x2c\x0a\x22\x70\x20\
\x09\x63\x20\x23\x43\x34\x43\x35\x43\x35\x22\x2c\x0a\x22\x71\x20\
\x09\x63\x20\x23\x36\x38\x46\x42\x39\x30\x22\x2c\x0a\x22\x72\x20\
\x09\x63\x20\x23\x30\x46\x46\x38\x34\x46\x22\x2c\x0a\x22\x73\x20\
\x09\x63\x20\x23\x43\x45\x46\x45\x44\x42\x22\x2c\x0a\x22\x74\x20\
\x09\x63\x20\x23\x45\x39\x35\x34\x35\x37\x22\x2c\x0a\x22\x75\x20\
\x09\x63\x20\x23\x46\x46\x34\x36\x34\x39\x22\x2c\x0a\x22\x76\x20\
\x09\x63\x20\x23\x46\x46\x41\x34\x41\x36\x22\x2c\x0a\x22\x77\x20\
\x09\x63\x20\x23\x35\x38\x45\x31\x37\x45\x22\x2c\x0a\x22\x78\x20\
\x09\x63\x20\x23\x43\x30\x46\x44\x44\x31\x22\x2c\x0a\x22\x79\x20\
\x09\x63\x20\x23\x45\x39\x42\x42\x42\x43\x22\x2c\x0a\x22\x7a\x20\
\x09\x63\x20\x23\x46\x46\x34\x45\x35\x31\x22\x2c\x0a\x22\x41\x20\
\x09\x63\x20\x23\x46\x46\x45\x44\x45\x44\x22\x2c\x0a\x22\x42\x20\
\x09\x63\x20\x23\x35\x42\x45\x30\x38\x30\x22\x2c\x0a\x22\x43\x20\
\x09\x63\x20\x23\x30\x36\x46\x38\x34\x39\x22\x2c\x0a\x22\x44\x20\
\x09\x63\x20\x23\x42\x36\x46\x44\x43\x41\x22\x2c\x0a\x22\x45\x20\
\x09\x63\x20\x23\x46\x45\x46\x45\x46\x46\x22\x2c\x0a\x22\x46\x20\
\x09\x63\x20\x23\x42\x46\x43\x30\x46\x46\x22\x2c\x0a\x22\x47\x20\
\x09\x63\x20\x23\x38\x32\x38\x34\x46\x46\x22\x2c\x0a\x22\x48\x20\
\x09\x63\x20\x23\x37\x45\x38\x30\x46\x46\x22\x2c\x0a\x22\x49\x20\
\x09\x63\x20\x23\x38\x36\x38\x38\x45\x31\x22\x2c\x0a\x22\x4a\x20\
\x09\x63\x20\x23\x42\x42\x42\x42\x43\x39\x22\x2c\x0a\x22\x4b\x20\
\x09\x63\x20\x23\x45\x43\x36\x46\x37\x31\x22\x2c\x0a\x22\x4c\x20\
\x09\x63\x20\x23\x45\x37\x37\x42\x37\x43\x22\x2c\x0a\x22\x4d\x20\
\x09\x63\x20\x23\x35\x41\x45\x31\x37\x46\x22\x2c\x0a\x22\x4e\x20\
\x09\x63\x20\x23\x30\x34\x46\x37\x34\x37\x22\x2c\x0a\x22\x4f\x20\
\x09\x63\x20\x23\x38\x38\x44\x35\x39\x44\x22\x2c\x0a\x22\x50\x20\
\x09\x63\x20\x23\x42\x38\x42\x38\x43\x42\x22\x2c\x0a\x22\x51\x20\
\x09\x63\x20\x23\x36\x32\x36\x35\x46\x30\x22\x2c\x0a\x22\x52\x20\
\x09\x63\x20\x23\x34\x31\x34\x35\x46\x46\x22\x2c\x0a\x22\x53\x20\
\x09\x63\x20\x23\x34\x45\x35\x31\x46\x39\x22\x2c\x0a\x22\x54\x20\
\x09\x63\x20\x23\x41\x46\x42\x30\x43\x45\x22\x2c\x0a\x22\x55\x20\
\x09\x63\x20\x23\x41\x34\x41\x35\x43\x34\x22\x2c\x0a\x22\x56\x20\
\x09\x63\x20\x23\x43\x45\x42\x31\x42\x31\x22\x2c\x0a\x22\x57\x20\
\x09\x63\x20\x23\x46\x45\x34\x37\x34\x41\x22\x2c\x0a\x22\x58\x20\
\x09\x63\x20\x23\x46\x45\x34\x39\x34\x43\x22\x2c\x0a\x22\x59\x20\
\x09\x63\x20\x23\x31\x45\x30\x38\x30\x39\x22\x2c\x0a\x22\x5a\x20\
\x09\x63\x20\x23\x43\x34\x43\x35\x43\x34\x22\x2c\x0a\x22\x60\x20\
\x09\x63\x20\x23\x35\x34\x45\x32\x37\x42\x22\x2c\x0a\x22\x20\x2e\
\x09\x63\x20\x23\x38\x37\x44\x35\x39\x43\x22\x2c\x0a\x22\x2e\x2e\
\x09\x63\x20\x23\x42\x30\x42\x31\x43\x45\x22\x2c\x0a\x22\x2b\x2e\
\x09\x63\x20\x23\x35\x30\x35\x33\x46\x38\x22\x2c\x0a\x22\x40\x2e\
\x09\x63\x20\x23\x38\x44\x38\x46\x44\x44\x22\x2c\x0a\x22\x23\x2e\
\x09\x63\x20\x23\x39\x38\x39\x39\x44\x39\x22\x2c\x0a\x22\x24\x2e\
\x09\x63\x20\x23\x36\x30\x36\x34\x46\x31\x22\x2c\x0a\x22\x25\x2e\
\x09\x63\x20\x23\x35\x36\x35\x39\x46\x36\x22\x2c\x0a\x22\x26\x2e\
\x09\x63\x20\x23\x43\x31\x43\x31\x43\x37\x22\x2c\x0a\x22\x2a\x2e\
\x09\x63\x20\x23\x42\x35\x42\x35\x43\x43\x22\x2c\x0a\x22\x3d\x2e\
\x09\x63\x20\x23\x34\x41\x34\x44\x45\x43\x22\x2c\x0a\x22\x2d\x2e\
\x09\x63\x20\x23\x46\x46\x38\x38\x38\x41\x22\x2c\x0a\x22\x3b\x2e\
\x09\x63\x20\x23\x39\x37\x32\x39\x32\x42\x22\x2c\x0a\x22\x3e\x2e\
\x09\x63\x20\x23\x46\x41\x46\x46\x46\x43\x22\x2c\x0a\x22\x2c\x2e\
\x09\x63\x20\x23\x35\x44\x46\x41\x38\x38\x22\x2c\x0a\x22\x27\x2e\
\x09\x63\x20\x23\x30\x38\x46\x38\x34\x41\x22\x2c\x0a\x22\x29\x2e\
\x09\x63\x20\x23\x38\x42\x44\x34\x39\x46\x22\x2c\x0a\x22\x21\x2e\
\x09\x63\x20\x23\x41\x46\x41\x46\x43\x46\x22\x2c\x0a\x22\x7e\x2e\
\x09\x63\x20\x23\x35\x31\x35\x34\x46\x46\x22\x2c\x0a\x22\x7b\x2e\
\x09\x63\x20\x23\x36\x45\x37\x31\x46\x46\x22\x2c\x0a\x22\x5d\x2e\
\x09\x63\x20\x23\x45\x46\x45\x46\x46\x46\x22\x2c\x0a\x22\x5e\x2e\
\x09\x63\x20\x23\x43\x30\x43\x30\x43\x37\x22\x2c\x0a\x22\x2f\x2e\
\x09\x63\x20\x23\x35\x37\x35\x41\x46\x35\x22\x2c\x0a\x22\x28\x2e\
\x09\x63\x20\x23\x41\x35\x41\x37\x46\x46\x22\x2c\x0a\x22\x5f\x2e\
\x09\x63\x20\x23\x45\x44\x45\x44\x46\x46\x22\x2c\x0a\x22\x3a\x2e\
\x09\x63\x20\x23\x35\x35\x35\x39\x46\x36\x22\x2c\x0a\x22\x3c\x2e\
\x09\x63\x20\x23\x33\x44\x34\x31\x46\x31\x22\x2c\x0a\x22\x5b\x2e\
\x09\x63\x20\x23\x45\x38\x45\x39\x45\x38\x22\x2c\x0a\x22\x7d\x2e\
\x09\x63\x20\x23\x46\x46\x45\x32\x45\x33\x22\x2c\x0a\x22\x7c\x2e\
\x09\x63\x20\x23\x46\x46\x34\x38\x34\x42\x22\x2c\x0a\x22\x31\x2e\
\x09\x63\x20\x23\x46\x38\x34\x34\x34\x37\x22\x2c\x0a\x22\x32\x2e\
\x09\x63\x20\x23\x31\x43\x31\x35\x30\x43\x22\x2c\x0a\x22\x33\x2e\
\x09\x63\x20\x23\x34\x36\x46\x41\x37\x38\x22\x2c\x0a\x22\x34\x2e\
\x09\x63\x20\x23\x30\x44\x46\x38\x34\x44\x22\x2c\x0a\x22\x35\x2e\
\x09\x63\x20\x23\x42\x44\x46\x44\x43\x45\x22\x2c\x0a\x22\x36\x2e\
\x09\x63\x20\x23\x42\x33\x42\x34\x43\x44\x22\x2c\x0a\x22\x37\x2e\
\x09\x63\x20\x23\x34\x45\x35\x32\x46\x39\x22\x2c\x0a\x22\x38\x2e\
\x09\x63\x20\x23\x37\x38\x37\x41\x46\x46\x22\x2c\x0a\x22\x39\x2e\
\x09\x63\x20\x23\x46\x38\x46\x38\x46\x46\x22\x2c\x0a\x22\x30\x2e\
\x09\x63\x20\x23\x41\x33\x41\x34\x44\x34\x22\x2c\x0a\x22\x61\x2e\
\x09\x63\x20\x23\x34\x38\x34\x43\x46\x46\x22\x2c\x0a\x22\x62\x2e\
\x09\x63\x20\x23\x43\x36\x43\x37\x46\x46\x22\x2c\x0a\x22\x63\x2e\
\x09\x63\x20\x23\x45\x33\x45\x34\x46\x46\x22\x2c\x0a\x22\x64\x2e\
\x09\x63\x20\x23\x42\x36\x42\x38\x46\x46\x22\x2c\x0a\x22\x65\x2e\
\x09\x63\x20\x23\x35\x36\x35\x39\x46\x46\x22\x2c\x0a\x22\x66\x2e\
\x09\x63\x20\x23\x35\x32\x35\x35\x45\x38\x22\x2c\x0a\x22\x67\x2e\
\x09\x63\x20\x23\x39\x33\x45\x36\x41\x41\x22\x2c\x0a\x22\x68\x2e\
\x09\x63\x20\x23\x46\x46\x38\x36\x38\x38\x22\x2c\x0a\x22\x69\x2e\
\x09\x63\x20\x23\x44\x42\x35\x46\x34\x38\x22\x2c\x0a\x22\x6a\x2e\
\x09\x63\x20\x23\x32\x34\x44\x38\x34\x33\x22\x2c\x0a\x22\x6b\x2e\
\x09\x63\x20\x23\x43\x42\x46\x45\x44\x39\x22\x2c\x0a\x22\x6c\x2e\
\x09\x63\x20\x23\x46\x30\x46\x31\x46\x46\x22\x2c\x0a\x22\x6d\x2e\
\x09\x63\x20\x23\x35\x35\x35\x38\x46\x36\x22\x2c\x0a\x22\x6e\x2e\
\x09\x63\x20\x23\x37\x33\x37\x36\x46\x46\x22\x2c\x0a\x22\x6f\x2e\
\x09\x63\x20\x23\x46\x39\x46\x39\x46\x46\x22\x2c\x0a\x22\x70\x2e\
\x09\x63\x20\x23\x38\x45\x39\x30\x46\x46\x22\x2c\x0a\x22\x71\x2e\
\x09\x63\x20\x23\x36\x30\x36\x33\x46\x31\x22\x2c\x0a\x22\x72\x2e\
\x09\x63\x20\x23\x42\x30\x42\x30\x42\x46\x22\x2c\x0a\x22\x73\x2e\
\x09\x63\x20\x23\x30\x35\x45\x32\x34\x32\x22\x2c\x0a\x22\x74\x2e\
\x09\x63\x20\x23\x38\x36\x46\x43\x41\x36\x22\x2c\x0a\x22\x75\x2e\
\x09\x63\x20\x23\x44\x34\x46\x45\x44\x46\x22\x2c\x0a\x22\x76\x2e\
\x09\x63\x20\x23\x39\x38\x45\x37\x39\x46\x22\x2c\x0a\x22\x77\x2e\
\x09\x63\x20\x23\x30\x45\x45\x46\x34\x34\x22\x2c\x0a\x22\x78\x2e\
\x09\x63\x20\x23\x32\x42\x46\x39\x36\x34\x22\x2c\x0a\x22\x79\x2e\
\x09\x63\x20\x23\x46\x42\x46\x42\x46\x46\x22\x2c\x0a\x22\x7a\x2e\
\x09\x63\x20\x23\x36\x46\x37\x32\x46\x46\x22\x2c\x0a\x22\x41\x2e\
\x09\x63\x20\x23\x35\x42\x35\x45\x46\x34\x22\x2c\x0a\x22\x42\x2e\
\x09\x63\x20\x23\x46\x36\x46\x36\x46\x46\x22\x2c\x0a\x22\x43\x2e\
\x09\x63\x20\x23\x46\x46\x45\x41\x45\x42\x22\x2c\x0a\x22\x44\x2e\
\x09\x63\x20\x23\x45\x43\x37\x30\x37\x32\x22\x2c\x0a\x22\x45\x2e\
\x09\x63\x20\x23\x46\x43\x34\x43\x34\x46\x22\x2c\x0a\x22\x46\x2e\
\x09\x63\x20\x23\x46\x44\x34\x45\x35\x33\x22\x2c\x0a\x22\x47\x2e\
\x09\x63\x20\x23\x41\x35\x34\x36\x39\x46\x22\x2c\x0a\x22\x48\x2e\
\x09\x63\x20\x23\x36\x33\x35\x33\x45\x44\x22\x2c\x0a\x22\x49\x2e\
\x09\x63\x20\x23\x35\x42\x35\x45\x46\x46\x22\x2c\x0a\x22\x4a\x2e\
\x09\x63\x20\x23\x37\x37\x37\x41\x46\x46\x22\x2c\x0a\x22\x4b\x2e\
\x09\x63\x20\x23\x42\x38\x42\x41\x46\x46\x22\x2c\x0a\x22\x4c\x2e\
\x09\x63\x20\x23\x43\x33\x43\x34\x43\x36\x22\x2c\x0a\x22\x4d\x2e\
\x09\x63\x20\x23\x30\x30\x45\x32\x33\x45\x22\x2c\x0a\x22\x4e\x2e\
\x09\x63\x20\x23\x35\x37\x42\x42\x34\x36\x22\x2c\x0a\x22\x4f\x2e\
\x09\x63\x20\x23\x46\x32\x39\x43\x39\x35\x22\x2c\x0a\x22\x50\x2e\
\x09\x63\x20\x23\x38\x43\x38\x45\x46\x46\x22\x2c\x0a\x22\x51\x2e\
\x09\x63\x20\x23\x35\x30\x35\x33\x46\x39\x22\x2c\x0a\x22\x52\x2e\
\x09\x63\x20\x23\x46\x46\x45\x46\x45\x46\x22\x2c\x0a\x22\x53\x2e\
\x09\x63\x20\x23\x46\x46\x35\x44\x35\x46\x22\x2c\x0a\x22\x54\x2e\
\x09\x63\x20\x23\x46\x46\x35\x33\x35\x36\x22\x2c\x0a\x22\x55\x2e\
\x09\x63\x20\x23\x46\x46\x44\x37\x44\x38\x22\x2c\x0a\x22\x56\x2e\
\x09\x63\x20\x23\x41\x33\x45\x37\x42\x36\x22\x2c\x0a\x22\x57\x2e\
\x09\x63\x20\x23\x35\x33\x46\x41\x38\x31\x22\x2c\x0a\x22\x58\x2e\
\x09\x63\x20\x23\x32\x38\x46\x39\x36\x31\x22\x2c\x0a\x22\x59\x2e\
\x09\x63\x20\x23\x33\x36\x46\x39\x36\x42\x22\x2c\x0a\x22\x5a\x2e\
\x09\x63\x20\x23\x31\x44\x35\x42\x31\x46\x22\x2c\x0a\x22\x60\x2e\
\x09\x63\x20\x23\x46\x43\x34\x35\x34\x38\x22\x2c\x0a\x22\x20\x2b\
\x09\x63\x20\x23\x46\x46\x34\x41\x34\x44\x22\x2c\x0a\x22\x2e\x2b\
\x09\x63\x20\x23\x42\x32\x39\x44\x45\x39\x22\x2c\x0a\x22\x2b\x2b\
\x09\x63\x20\x23\x41\x42\x41\x43\x44\x30\x22\x2c\x0a\x22\x40\x2b\
\x09\x63\x20\x23\x46\x46\x38\x34\x38\x36\x22\x2c\x0a\x22\x23\x2b\
\x09\x63\x20\x23\x46\x32\x36\x32\x36\x34\x22\x2c\x0a\x22\x24\x2b\
\x09\x63\x20\x23\x43\x42\x42\x37\x42\x38\x22\x2c\x0a\x22\x25\x2b\
\x09\x63\x20\x23\x46\x46\x45\x38\x45\x39\x22\x2c\x0a\x22\x26\x2b\
\x09\x63\x20\x23\x46\x46\x37\x44\x37\x46\x22\x2c\x0a\x22\x2a\x2b\
\x09\x63\x20\x23\x46\x46\x35\x32\x35\x35\x22\x2c\x0a\x22\x3d\x2b\
\x09\x63\x20\x23\x46\x46\x45\x33\x45\x33\x22\x2c\x0a\x22\x2d\x2b\
\x09\x63\x20\x23\x39\x46\x32\x43\x32\x44\x22\x2c\x0a\x22\x3b\x2b\
\x09\x63\x20\x23\x44\x38\x34\x36\x36\x45\x22\x2c\x0a\x22\x3e\x2b\
\x09\x63\x20\x23\x34\x36\x34\x35\x46\x41\x22\x2c\x0a\x22\x2c\x2b\
\x09\x63\x20\x23\x42\x42\x42\x44\x46\x46\x22\x2c\x0a\x22\x27\x2b\
\x09\x63\x20\x23\x43\x42\x42\x37\x42\x37\x22\x2c\x0a\x22\x29\x2b\
\x09\x63\x20\x23\x46\x46\x46\x43\x46\x43\x22\x2c\x0a\x22\x21\x2b\
\x09\x63\x20\x23\x46\x46\x38\x31\x38\x33\x22\x2c\x0a\x22\x7e\x2b\
\x09\x63\x20\x23\x46\x46\x36\x36\x36\x39\x22\x2c\x0a\x22\x7b\x2b\
\x09\x63\x20\x23\x32\x31\x30\x43\x31\x38\x22\x2c\x0a\x22\x5d\x2b\
\x09\x63\x20\x23\x35\x42\x34\x35\x45\x36\x22\x2c\x0a\x22\x5e\x2b\
\x09\x63\x20\x23\x39\x32\x38\x42\x46\x36\x22\x2c\x0a\x22\x2f\x2b\
\x09\x63\x20\x23\x46\x46\x37\x46\x38\x31\x22\x2c\x0a\x22\x28\x2b\
\x09\x63\x20\x23\x46\x46\x39\x43\x39\x45\x22\x2c\x0a\x22\x5f\x2b\
\x09\x63\x20\x23\x46\x46\x46\x37\x46\x37\x22\x2c\x0a\x22\x3a\x2b\
\x09\x63\x20\x23\x46\x46\x36\x33\x36\x35\x22\x2c\x0a\x22\x3c\x2b\
\x09\x63\x20\x23\x46\x46\x39\x44\x39\x46\x22\x2c\x0a\x22\x5b\x2b\
\x09\x63\x20\x23\x32\x34\x32\x34\x32\x34\x22\x2c\x0a\x22\x7d\x2b\
\x09\x63\x20\x23\x32\x37\x32\x37\x32\x37\x22\x2c\x0a\x22\x7c\x2b\
\x09\x63\x20\x23\x32\x43\x32\x45\x41\x43\x22\x2c\x0a\x22\x31\x2b\
\x09\x63\x20\x23\x36\x37\x34\x35\x44\x41\x22\x2c\x0a\x22\x32\x2b\
\x09\x63\x20\x23\x45\x35\x34\x42\x35\x33\x22\x2c\x0a\x22\x33\x2b\
\x09\x63\x20\x23\x33\x33\x32\x41\x32\x42\x22\x2c\x0a\x22\x34\x2b\
\x09\x63\x20\x23\x31\x45\x31\x45\x31\x45\x22\x2c\x0a\x22\x35\x2b\
\x09\x63\x20\x23\x35\x42\x33\x35\x33\x36\x22\x2c\x0a\x22\x36\x2b\
\x09\x63\x20\x23\x46\x46\x34\x37\x34\x41\x22\x2c\x0a\x22\x37\x2b\
\x09\x63\x20\x23\x46\x35\x34\x33\x34\x36\x22\x2c\x0a\x22\x38\x2b\
\x09\x63\x20\x23\x33\x33\x32\x33\x32\x34\x22\x2c\x0a\x22\x39\x2b\
\x09\x63\x20\x23\x34\x42\x32\x34\x32\x34\x22\x2c\x0a\x22\x30\x2b\
\x09\x63\x20\x23\x34\x36\x32\x39\x32\x41\x22\x2c\x0a\x22\x61\x2b\
\x09\x63\x20\x23\x31\x44\x31\x44\x31\x44\x22\x2c\x0a\x22\x62\x2b\
\x09\x63\x20\x23\x31\x42\x31\x43\x36\x39\x22\x2c\x0a\x22\x63\x2b\
\x09\x63\x20\x23\x33\x44\x34\x31\x46\x30\x22\x2c\x0a\x22\x64\x2b\
\x09\x63\x20\x23\x42\x42\x33\x41\x35\x35\x22\x2c\x0a\x22\x65\x2b\
\x09\x63\x20\x23\x41\x36\x32\x45\x33\x30\x22\x2c\x0a\x22\x66\x2b\
\x09\x63\x20\x23\x30\x31\x30\x30\x30\x30\x22\x2c\x0a\x22\x67\x2b\
\x09\x63\x20\x23\x30\x36\x30\x32\x30\x32\x22\x2c\x0a\x22\x68\x2b\
\x09\x63\x20\x23\x43\x41\x33\x37\x33\x41\x22\x2c\x0a\x22\x69\x2b\
\x09\x63\x20\x23\x38\x39\x32\x35\x32\x37\x22\x2c\x0a\x22\x6a\x2b\
\x09\x63\x20\x23\x39\x39\x32\x41\x32\x43\x22\x2c\x0a\x22\x6b\x2b\
\x09\x63\x20\x23\x41\x46\x33\x30\x33\x32\x22\x2c\x0a\x22\x6c\x2b\
\x09\x63\x20\x23\x44\x38\x44\x38\x44\x38\x22\x2c\x0a\x22\x6d\x2b\
\x09\x63\x20\x23\x42\x39\x42\x41\x44\x38\x22\x2c\x0a\x22\x6e\x2b\
\x09\x63\x20\x23\x33\x46\x34\x32\x46\x35\x22\x2c\x0a\x22\x6f\x2b\
\x09\x63\x20\x23\x42\x31\x42\x33\x46\x31\x22\x2c\x0a\x22\x70\x2b\
\x09\x63\x20\x23\x45\x39\x43\x42\x43\x42\x22\x2c\x0a\x22\x71\x2b\
\x09\x63\x20\x23\x46\x46\x35\x30\x35\x33\x22\x2c\x0a\x22\x72\x2b\
\x09\x63\x20\x23\x44\x32\x35\x41\x35\x43\x22\x2c\x0a\x22\x73\x2b\
\x09\x63\x20\x23\x41\x43\x39\x39\x39\x41\x22\x2c\x0a\x22\x74\x2b\
\x09\x63\x20\x23\x44\x38\x42\x41\x42\x42\x22\x2c\x0a\x22\x75\x2b\
\x09\x63\x20\x23\x45\x32\x36\x30\x36\x32\x22\x2c\x0a\x22\x76\x2b\
\x09\x63\x20\x23\x46\x46\x35\x43\x35\x46\x22\x2c\x0a\x22\x77\x2b\
\x09\x63\x20\x23\x45\x30\x44\x36\x44\x36\x22\x2c\x0a\x22\x78\x2b\
\x09\x63\x20\x23\x41\x37\x41\x37\x41\x37\x22\x2c\x0a\x22\x79\x2b\
\x09\x63\x20\x23\x45\x32\x44\x31\x44\x31\x22\x2c\x0a\x22\x7a\x2b\
\x09\x63\x20\x23\x46\x45\x34\x36\x34\x39\x22\x2c\x0a\x22\x41\x2b\
\x09\x63\x20\x23\x41\x39\x38\x34\x38\x34\x22\x2c\x0a\x22\x42\x2b\
\x09\x63\x20\x23\x46\x41\x46\x41\x46\x46\x22\x2c\x0a\x22\x43\x2b\
\x09\x63\x20\x23\x36\x35\x36\x38\x46\x46\x22\x2c\x0a\x22\x44\x2b\
\x09\x63\x20\x23\x32\x38\x32\x42\x39\x45\x22\x2c\x0a\x22\x45\x2b\
\x09\x63\x20\x23\x46\x46\x43\x46\x44\x30\x22\x2c\x0a\x22\x46\x2b\
\x09\x63\x20\x23\x46\x46\x34\x46\x35\x31\x22\x2c\x0a\x22\x47\x2b\
\x09\x63\x20\x23\x46\x46\x44\x42\x44\x43\x22\x2c\x0a\x22\x48\x2b\
\x09\x63\x20\x23\x46\x46\x39\x43\x39\x44\x22\x2c\x0a\x22\x49\x2b\
\x09\x63\x20\x23\x45\x31\x36\x34\x36\x36\x22\x2c\x0a\x22\x4a\x2b\
\x09\x63\x20\x23\x39\x42\x39\x44\x46\x46\x22\x2c\x0a\x22\x4b\x2b\
\x09\x63\x20\x23\x33\x38\x33\x42\x44\x42\x22\x2c\x0a\x22\x4c\x2b\
\x09\x63\x20\x23\x30\x33\x30\x33\x30\x43\x22\x2c\x0a\x22\x4d\x2b\
\x09\x63\x20\x23\x46\x46\x45\x31\x45\x32\x22\x2c\x0a\x22\x4e\x2b\
\x09\x63\x20\x23\x45\x44\x36\x44\x36\x46\x22\x2c\x0a\x22\x4f\x2b\
\x09\x63\x20\x23\x46\x42\x34\x45\x35\x31\x22\x2c\x0a\x22\x50\x2b\
\x09\x63\x20\x23\x46\x46\x35\x39\x35\x43\x22\x2c\x0a\x22\x51\x2b\
\x09\x63\x20\x23\x46\x46\x38\x44\x38\x46\x22\x2c\x0a\x22\x52\x2b\
\x09\x63\x20\x23\x46\x46\x45\x39\x45\x39\x22\x2c\x0a\x22\x53\x2b\
\x09\x63\x20\x23\x46\x46\x45\x44\x45\x45\x22\x2c\x0a\x22\x54\x2b\
\x09\x63\x20\x23\x46\x44\x34\x41\x34\x44\x22\x2c\x0a\x22\x55\x2b\
\x09\x63\x20\x23\x46\x31\x34\x32\x34\x35\x22\x2c\x0a\x22\x56\x2b\
\x09\x63\x20\x23\x44\x41\x44\x41\x44\x41\x22\x2c\x0a\x22\x57\x2b\
\x09\x63\x20\x23\x43\x43\x43\x44\x46\x30\x22\x2c\x0a\x22\x58\x2b\
\x09\x63\x20\x23\x33\x46\x34\x33\x46\x30\x22\x2c\x0a\x22\x59\x2b\
\x09\x63\x20\x23\x33\x45\x34\x32\x46\x30\x22\x2c\x0a\x22\x5a\x2b\
\x09\x63\x20\x23\x30\x46\x31\x30\x33\x39\x22\x2c\x0a\x22\x60\x2b\
\x09\x63\x20\x23\x46\x30\x46\x30\x46\x30\x22\x2c\x0a\x22\x20\x40\
\x09\x63\x20\x23\x42\x39\x42\x39\x42\x39\x22\x2c\x0a\x22\x2e\x40\
\x09\x63\x20\x23\x44\x42\x36\x45\x37\x30\x22\x2c\x0a\x22\x2b\x40\
\x09\x63\x20\x23\x45\x32\x33\x45\x34\x31\x22\x2c\x0a\x22\x40\x40\
\x09\x63\x20\x23\x30\x46\x30\x46\x30\x46\x22\x2c\x0a\x22\x2e\x20\
\x2b\x20\x2b\x20\x2b\x20\x2b\x20\x2b\x20\x2b\x20\x2b\x20\x2b\x20\
\x2b\x20\x2b\x20\x2b\x20\x2b\x20\x2b\x20\x2b\x20\x2b\x20\x2b\x20\
\x2b\x20\x2b\x20\x2b\x20\x2b\x20\x2b\x20\x2b\x20\x2b\x20\x2b\x20\
\x2b\x20\x2b\x20\x2b\x20\x2b\x20\x2b\x20\x2b\x20\x40\x20\x22\x2c\
\x0a\x22\x23\x20\x24\x20\x24\x20\x24\x20\x24\x20\x24\x20\x24\x20\
\x24\x20\x24\x20\x24\x20\x24\x20\x24\x20\x24\x20\x24\x20\x24\x20\
\x24\x20\x24\x20\x24\x20\x24\x20\x24\x20\x24\x20\x24\x20\x24\x20\
\x24\x20\x24\x20\x24\x20\x24\x20\x24\x20\x24\x20\x24\x20\x24\x20\
\x25\x20\x22\x2c\x0a\x22\x23\x20\x24\x20\x26\x20\x2a\x20\x2a\x20\
\x2a\x20\x24\x20\x24\x20\x2a\x20\x2a\x20\x2a\x20\x2a\x20\x3d\x20\
\x3d\x20\x2a\x20\x2a\x20\x2a\x20\x2a\x20\x2a\x20\x2a\x20\x3d\x20\
\x2d\x20\x3b\x20\x3e\x20\x2c\x20\x2a\x20\x2a\x20\x2a\x20\x3d\x20\
\x27\x20\x24\x20\x25\x20\x22\x2c\x0a\x22\x23\x20\x24\x20\x29\x20\
\x21\x20\x21\x20\x21\x20\x24\x20\x24\x20\x21\x20\x21\x20\x21\x20\
\x21\x20\x7e\x20\x7e\x20\x21\x20\x21\x20\x21\x20\x21\x20\x21\x20\
\x21\x20\x7b\x20\x5d\x20\x5e\x20\x2f\x20\x21\x20\x21\x20\x21\x20\
\x21\x20\x7e\x20\x28\x20\x24\x20\x25\x20\x22\x2c\x0a\x22\x23\x20\
\x24\x20\x5f\x20\x7e\x20\x7e\x20\x7e\x20\x24\x20\x24\x20\x7e\x20\
\x7e\x20\x7e\x20\x7e\x20\x7e\x20\x7e\x20\x7e\x20\x7e\x20\x7e\x20\
\x7e\x20\x7e\x20\x7e\x20\x3a\x20\x5e\x20\x3c\x20\x5b\x20\x7e\x20\
\x7e\x20\x7e\x20\x7e\x20\x7e\x20\x28\x20\x24\x20\x25\x20\x22\x2c\
\x0a\x22\x23\x20\x24\x20\x5f\x20\x7e\x20\x7e\x20\x7e\x20\x24\x20\
\x24\x20\x7e\x20\x7e\x20\x7e\x20\x7e\x20\x7e\x20\x7e\x20\x7e\x20\
\x7e\x20\x7e\x20\x7e\x20\x7e\x20\x7d\x20\x5e\x20\x7c\x20\x31\x20\
\x7e\x20\x7e\x20\x7e\x20\x7e\x20\x7e\x20\x7e\x20\x28\x20\x24\x20\
\x25\x20\x22\x2c\x0a\x22\x23\x20\x24\x20\x29\x20\x21\x20\x21\x20\
\x21\x20\x24\x20\x24\x20\x21\x20\x21\x20\x21\x20\x21\x20\x7e\x20\
\x7e\x20\x21\x20\x21\x20\x21\x20\x21\x20\x32\x20\x33\x20\x5e\x20\
\x34\x20\x21\x20\x21\x20\x21\x20\x21\x20\x21\x20\x21\x20\x7e\x20\
\x28\x20\x24\x20\x25\x20\x22\x2c\x0a\x22\x23\x20\x24\x20\x29\x20\
\x21\x20\x21\x20\x21\x20\x24\x20\x24\x20\x21\x20\x21\x20\x21\x20\
\x21\x20\x7e\x20\x7e\x20\x21\x20\x21\x20\x21\x20\x35\x20\x36\x20\
\x5e\x20\x37\x20\x7e\x20\x21\x20\x21\x20\x21\x20\x21\x20\x21\x20\
\x21\x20\x7e\x20\x28\x20\x24\x20\x25\x20\x22\x2c\x0a\x22\x23\x20\
\x24\x20\x29\x20\x21\x20\x21\x20\x21\x20\x24\x20\x24\x20\x21\x20\
\x21\x20\x21\x20\x21\x20\x7e\x20\x7e\x20\x21\x20\x21\x20\x38\x20\
\x39\x20\x5e\x20\x30\x20\x61\x20\x7e\x20\x21\x20\x21\x20\x21\x20\
\x21\x20\x21\x20\x21\x20\x7e\x20\x28\x20\x24\x20\x25\x20\x22\x2c\
\x0a\x22\x23\x20\x24\x20\x62\x20\x21\x20\x21\x20\x21\x20\x24\x20\
\x24\x20\x21\x20\x21\x20\x21\x20\x21\x20\x7e\x20\x7e\x20\x21\x20\
\x63\x20\x64\x20\x5e\x20\x65\x20\x66\x20\x7e\x20\x7e\x20\x21\x20\
\x21\x20\x21\x20\x21\x20\x21\x20\x21\x20\x7e\x20\x28\x20\x24\x20\
\x25\x20\x22\x2c\x0a\x22\x23\x20\x24\x20\x67\x20\x68\x20\x21\x20\
\x21\x20\x24\x20\x24\x20\x21\x20\x21\x20\x21\x20\x21\x20\x7e\x20\
\x7e\x20\x69\x20\x6a\x20\x5e\x20\x6b\x20\x6c\x20\x21\x20\x7e\x20\
\x7e\x20\x21\x20\x21\x20\x21\x20\x21\x20\x21\x20\x21\x20\x7e\x20\
\x28\x20\x24\x20\x25\x20\x22\x2c\x0a\x22\x23\x20\x24\x20\x6d\x20\
\x6e\x20\x6f\x20\x21\x20\x24\x20\x24\x20\x21\x20\x21\x20\x21\x20\
\x21\x20\x7e\x20\x70\x20\x71\x20\x5e\x20\x72\x20\x73\x20\x21\x20\
\x21\x20\x7e\x20\x7e\x20\x21\x20\x21\x20\x21\x20\x21\x20\x21\x20\
\x21\x20\x7e\x20\x28\x20\x24\x20\x25\x20\x22\x2c\x0a\x22\x23\x20\
\x24\x20\x74\x20\x75\x20\x76\x20\x21\x20\x24\x20\x24\x20\x21\x20\
\x21\x20\x21\x20\x21\x20\x7e\x20\x77\x20\x5e\x20\x33\x20\x78\x20\
\x21\x20\x21\x20\x21\x20\x7e\x20\x7e\x20\x21\x20\x21\x20\x21\x20\
\x21\x20\x21\x20\x21\x20\x7e\x20\x28\x20\x24\x20\x25\x20\x22\x2c\
\x0a\x22\x23\x20\x24\x20\x79\x20\x75\x20\x7a\x20\x41\x20\x24\x20\
\x24\x20\x21\x20\x21\x20\x21\x20\x21\x20\x42\x20\x5e\x20\x43\x20\
\x44\x20\x45\x20\x46\x20\x47\x20\x48\x20\x49\x20\x4a\x20\x21\x20\
\x21\x20\x21\x20\x21\x20\x21\x20\x21\x20\x7e\x20\x28\x20\x24\x20\
\x25\x20\x22\x2c\x0a\x22\x23\x20\x24\x20\x5f\x20\x4b\x20\x75\x20\
\x4c\x20\x24\x20\x24\x20\x7e\x20\x7e\x20\x7e\x20\x4d\x20\x5e\x20\
\x4e\x20\x4f\x20\x50\x20\x51\x20\x52\x20\x52\x20\x52\x20\x52\x20\
\x53\x20\x54\x20\x7e\x20\x7e\x20\x7e\x20\x7e\x20\x7e\x20\x7e\x20\
\x55\x20\x24\x20\x25\x20\x22\x2c\x0a\x22\x23\x20\x24\x20\x5f\x20\
\x56\x20\x57\x20\x58\x20\x59\x20\x24\x20\x7e\x20\x5a\x20\x60\x20\
\x5e\x20\x4e\x20\x20\x2e\x2e\x2e\x2b\x2e\x52\x20\x53\x20\x40\x2e\
\x23\x2e\x24\x2e\x52\x20\x25\x2e\x26\x2e\x7e\x20\x7e\x20\x7e\x20\
\x7e\x20\x2a\x2e\x3d\x2e\x24\x20\x25\x20\x22\x2c\x0a\x22\x23\x20\
\x24\x20\x29\x20\x21\x20\x2d\x2e\x75\x20\x3b\x2e\x24\x20\x3e\x2e\
\x2c\x2e\x5e\x20\x27\x2e\x29\x2e\x21\x2e\x7e\x2e\x52\x20\x7b\x2e\
\x5d\x2e\x21\x20\x21\x20\x5e\x2e\x2f\x2e\x52\x20\x28\x2e\x21\x20\
\x21\x20\x21\x20\x5f\x2e\x3a\x2e\x3c\x2e\x24\x20\x25\x20\x22\x2c\
\x0a\x22\x23\x20\x24\x20\x5b\x2e\x21\x20\x7d\x2e\x7c\x2e\x31\x2e\
\x32\x2e\x33\x2e\x5e\x20\x34\x2e\x35\x2e\x36\x2e\x37\x2e\x52\x20\
\x38\x2e\x39\x2e\x21\x20\x21\x20\x21\x20\x7e\x20\x30\x2e\x52\x20\
\x61\x2e\x62\x2e\x63\x2e\x64\x2e\x65\x2e\x52\x20\x66\x2e\x24\x20\
\x25\x20\x22\x2c\x0a\x22\x23\x20\x24\x20\x67\x2e\x21\x20\x21\x20\
\x68\x2e\x69\x2e\x6a\x2e\x5e\x20\x6b\x20\x6b\x2e\x6c\x2e\x6d\x2e\
\x52\x20\x6e\x2e\x6f\x2e\x21\x20\x21\x20\x21\x20\x21\x20\x7e\x20\
\x7e\x20\x70\x2e\x52\x20\x52\x20\x52\x20\x52\x20\x52\x20\x71\x2e\
\x72\x2e\x24\x20\x25\x20\x22\x2c\x0a\x22\x23\x20\x24\x20\x73\x2e\
\x74\x2e\x75\x2e\x76\x2e\x77\x2e\x5e\x20\x78\x2e\x6c\x20\x79\x2e\
\x7a\x2e\x52\x20\x41\x2e\x42\x2e\x21\x20\x21\x20\x21\x20\x21\x20\
\x43\x2e\x44\x2e\x45\x2e\x46\x2e\x47\x2e\x48\x2e\x49\x2e\x4a\x2e\
\x4b\x2e\x4c\x2e\x28\x20\x24\x20\x25\x20\x22\x2c\x0a\x22\x23\x20\
\x24\x20\x4d\x2e\x5e\x20\x5e\x20\x5e\x20\x5e\x20\x4e\x2e\x4f\x2e\
\x21\x20\x50\x2e\x52\x20\x51\x2e\x50\x20\x21\x20\x21\x20\x21\x20\
\x21\x20\x52\x2e\x53\x2e\x75\x20\x75\x20\x75\x20\x75\x20\x54\x2e\
\x55\x2e\x21\x20\x21\x20\x7e\x20\x28\x20\x24\x20\x25\x20\x22\x2c\
\x0a\x22\x23\x20\x24\x20\x56\x2e\x57\x2e\x58\x2e\x59\x2e\x5a\x2e\
\x60\x2e\x20\x2b\x2e\x2b\x52\x20\x61\x2e\x2b\x2b\x7e\x20\x21\x20\
\x21\x20\x21\x20\x21\x20\x40\x2b\x75\x20\x23\x2b\x24\x2b\x25\x2b\
\x26\x2b\x75\x20\x2a\x2b\x3d\x2b\x21\x20\x7e\x20\x28\x20\x24\x20\
\x25\x20\x22\x2c\x0a\x22\x23\x20\x24\x20\x29\x20\x21\x20\x21\x20\
\x21\x20\x24\x20\x2d\x2b\x3b\x2b\x3e\x2b\x52\x20\x2c\x2b\x7e\x20\
\x7e\x20\x21\x20\x21\x20\x21\x20\x68\x20\x75\x20\x7a\x20\x27\x2b\
\x7e\x20\x21\x20\x29\x2b\x21\x2b\x75\x20\x7e\x2b\x6f\x20\x7e\x20\
\x28\x20\x24\x20\x25\x20\x22\x2c\x0a\x22\x23\x20\x24\x20\x29\x20\
\x21\x20\x21\x20\x21\x20\x24\x20\x7b\x2b\x5d\x2b\x52\x20\x5e\x2b\
\x21\x20\x7e\x20\x7e\x20\x21\x20\x21\x20\x21\x20\x2f\x2b\x75\x20\
\x28\x2b\x7e\x20\x7e\x20\x21\x20\x21\x20\x5f\x2b\x3a\x2b\x75\x20\
\x3c\x2b\x7e\x20\x28\x20\x24\x20\x25\x20\x22\x2c\x0a\x22\x23\x20\
\x24\x20\x5b\x2b\x7d\x2b\x7d\x2b\x7d\x2b\x24\x20\x7c\x2b\x52\x20\
\x31\x2b\x32\x2b\x33\x2b\x34\x2b\x34\x2b\x7d\x2b\x7d\x2b\x35\x2b\
\x36\x2b\x37\x2b\x38\x2b\x34\x2b\x34\x2b\x7d\x2b\x7d\x2b\x7d\x2b\
\x39\x2b\x60\x2e\x58\x20\x30\x2b\x61\x2b\x24\x20\x25\x20\x22\x2c\
\x0a\x22\x23\x20\x24\x20\x24\x20\x24\x20\x24\x20\x24\x20\x62\x2b\
\x52\x20\x63\x2b\x64\x2b\x75\x20\x65\x2b\x66\x2b\x24\x20\x24\x20\
\x67\x2b\x68\x2b\x75\x20\x69\x2b\x24\x20\x24\x20\x24\x20\x24\x20\
\x24\x20\x24\x20\x24\x20\x6a\x2b\x75\x20\x6b\x2b\x24\x20\x24\x20\
\x25\x20\x22\x2c\x0a\x22\x23\x20\x24\x20\x7e\x20\x6c\x2b\x6c\x2b\
\x6d\x2b\x6e\x2b\x52\x20\x6f\x2b\x70\x2b\x71\x2b\x75\x20\x72\x2b\
\x73\x2b\x74\x2b\x75\x2b\x75\x20\x76\x2b\x77\x2b\x6c\x2b\x78\x2b\
\x78\x2b\x6c\x2b\x6c\x2b\x6c\x2b\x6c\x2b\x79\x2b\x7a\x20\x7a\x2b\
\x41\x2b\x24\x20\x25\x20\x22\x2c\x0a\x22\x23\x20\x24\x20\x29\x20\
\x21\x20\x42\x2b\x43\x2b\x52\x20\x44\x2b\x21\x20\x21\x20\x45\x2b\
\x46\x2b\x75\x20\x75\x20\x75\x20\x75\x20\x54\x2e\x47\x2b\x21\x20\
\x21\x20\x7e\x20\x7e\x20\x21\x20\x21\x20\x21\x20\x21\x20\x21\x20\
\x48\x2b\x75\x20\x49\x2b\x24\x20\x25\x20\x22\x2c\x0a\x22\x23\x20\
\x24\x20\x29\x20\x21\x20\x4a\x2b\x52\x20\x4b\x2b\x4c\x2b\x21\x20\
\x21\x20\x21\x20\x4d\x2b\x4e\x2b\x4f\x2b\x50\x2b\x51\x2b\x52\x2b\
\x21\x20\x21\x20\x21\x20\x7e\x20\x7e\x20\x21\x20\x21\x20\x21\x20\
\x21\x20\x21\x20\x53\x2b\x54\x2b\x55\x2b\x24\x20\x25\x20\x22\x2c\
\x0a\x22\x23\x20\x24\x20\x56\x2b\x57\x2b\x58\x2b\x59\x2b\x5a\x2b\
\x24\x20\x60\x2b\x60\x2b\x60\x2b\x60\x2b\x20\x40\x20\x40\x60\x2b\
\x60\x2b\x60\x2b\x60\x2b\x60\x2b\x60\x2b\x20\x40\x20\x40\x60\x2b\
\x60\x2b\x60\x2b\x60\x2b\x60\x2b\x60\x2b\x2e\x40\x2b\x40\x24\x20\
\x25\x20\x22\x2c\x0a\x22\x23\x20\x24\x20\x24\x20\x24\x20\x24\x20\
\x24\x20\x24\x20\x24\x20\x24\x20\x24\x20\x24\x20\x24\x20\x24\x20\
\x24\x20\x24\x20\x24\x20\x24\x20\x24\x20\x24\x20\x24\x20\x24\x20\
\x24\x20\x24\x20\x24\x20\x24\x20\x24\x20\x24\x20\x24\x20\x24\x20\
\x24\x20\x24\x20\x25\x20\x22\x2c\x0a\x22\x5b\x2b\x40\x40\x40\x40\
\x40\x40\x40\x40\x40\x40\x40\x40\x40\x40\x40\x40\x40\x40\x40\x40\
\x40\x40\x40\x40\x40\x40\x40\x40\x40\x40\x40\x40\x40\x40\x40\x40\
\x40\x40\x40\x40\x40\x40\x40\x40\x40\x40\x40\x40\x40\x40\x40\x40\
\x40\x40\x40\x40\x40\x40\x40\x40\x61\x2b\x22\x7d\x3b\x0a\
\x00\x00\x00\x98\
\x89\
\x50\x4e\x47\x0d\x0a\x1a\x0a\x00\x00\x00\x0d\x49\x48\x44\x52\x00\
\x00\x00\x20\x00\x00\x00\x20\x08\x06\x00\x00\x00\x73\x7a\x7a\xf4\
\x00\x00\x00\x09\x70\x48\x59\x73\x00\x00\x1b\xaf\x00\x00\x1b\xaf\
\x01\x5e\x1a\x91\x1c\x00\x00\x00\x4a\x49\x44\x41\x54\x58\x85\xed\
\x94\xb1\x0d\x00\x20\x0c\xc3\x02\x8f\xe7\x74\xf8\x20\x4c\x6d\x07\
\xec\x35\x8b\x55\xa9\x96\x02\xb6\x8f\xed\x53\xb5\x4b\xd2\x4e\x63\
\x07\x08\x20\x30\x2e\xb0\x5e\x6f\x52\xcd\xf8\x05\x22\x84\x08\x81\
\x2f\x04\xe8\x40\x84\x0e\x20\xf0\x85\x00\x1d\x88\xd0\x01\x04\x10\
\xe8\xe0\x02\xed\x89\x43\x4a\x5c\x3f\x35\x3a\x00\x00\x00\x00\x49\
\x45\x4e\x44\xae\x42\x60\x82\
\x00\x00\x07\x4f\
\x89\
\x50\x4e\x47\x0d\x0a\x1a\x0a\x00\x00\x00\x0d\x49\x48\x44\x52\x00\
\x00\x00\x20\x00\x00\x00\x20\x08\x06\x00\x00\x00\x73\x7a\x7a\xf4\
\x00\x00\x00\x09\x70\x48\x59\x73\x00\x00\x1b\xaf\x00\x00\x1b\xaf\
\x01\x5e\x1a\x91\x1c\x00\x00\x00\x07\x74\x49\x4d\x45\x07\xd7\x0c\
\x0a\x00\x12\x1c\x05\x57\xa7\xce\x00\x00\x00\x06\x62\x4b\x47\x44\
\x00\xff\x00\xff\x00\xff\xa0\xbd\xa7\x93\x00\x00\x06\xdc\x49\x44\
\x41\x54\x78\xda\xc5\x96\x7b\x50\x53\x77\x16\xc7\x03\x08\xa2\xdd\
\xae\x33\xeb\xce\xb4\x53\x47\x2d\xca\x3a\x2e\xb8\xb4\xb4\x53\xdc\
\xf1\x09\xc8\xa3\x22\x48\x31\xc4\xc7\xee\x14\x0d\x25\x40\x10\x28\
\x4f\x03\x44\x1e\xab\x3c\x12\x5e\x21\x09\x24\x81\x40\x78\x28\x12\
\x84\x80\x40\x22\xcf\x40\x62\x6a\x78\x44\x08\x50\x45\x84\x00\x1a\
\x20\x11\x28\x95\x02\xe6\x85\xb9\xbf\xbd\x77\xa7\xb3\xff\xee\x4c\
\x10\xf7\x3b\x73\x66\xee\xfc\xee\xbd\xdf\xf3\x99\x73\x7f\xe7\xdc\
\x1f\xea\x7f\xc8\x6c\xc7\x8e\x1d\x16\x3b\x77\xee\xb4\xb2\xb6\xb6\
\xb6\xb2\xb4\xb4\xb4\x40\xd6\x50\x5b\x2d\x47\xc7\xaf\x2c\xf9\x82\
\x87\x68\xa9\xb4\xb7\x4e\x3e\x3c\xa2\x1c\x1e\x19\xdd\x90\xcb\x47\
\x36\x86\xe4\xc3\xca\xc7\x8f\x7b\xeb\xf8\x7c\x01\xda\xce\xce\xde\
\xf2\xbd\x27\xde\xbe\x7d\xbb\x19\x83\xc9\x74\x12\x89\xc4\xc3\xc2\
\x6e\x11\x44\xcc\x28\x86\x3c\x2e\xa7\x42\x5f\x7e\x4b\x30\x7e\xe1\
\x49\x30\x9e\xf4\x4b\x82\xc2\x09\x14\xa8\x9e\xd7\x04\x7a\x44\xa2\
\x61\x06\x83\xe9\xf4\x3e\x2b\x62\x46\xa5\xd1\xfc\x3b\x3b\xbb\xde\
\xa6\xe7\x96\x43\x0e\x67\xff\x65\xb4\xf7\x2d\x30\xe0\x48\x82\x8d\
\x08\x86\xc8\x10\xc1\x14\xeb\xc3\xf2\x3b\xf4\x8e\x17\x0b\x75\x47\
\xbc\x32\xde\xe1\xe3\x72\xa1\x16\x3e\x5f\x43\xa5\xd2\xd0\xef\x05\
\x22\x21\x21\xe1\x64\x7d\x3d\x4f\x13\x9e\x58\x68\x3c\xe2\x93\xa7\
\xf7\x4f\xe4\xad\xe3\x8a\xa5\x2b\x34\xe9\xec\x6a\x4e\x9f\x6a\x85\
\xdc\x3b\xbf\x0c\x5f\x2f\x87\x57\x3d\x59\x44\x13\x1b\x97\x1d\xfd\
\xe9\x1a\x74\x10\x09\xaa\xa9\xe1\x6a\xe0\x77\x4f\x6c\x2a\xf9\xee\
\xdd\xbb\xff\x00\x97\x7e\x2c\x8d\xcc\x36\xda\x7a\x66\x6b\xcf\x25\
\x3e\x50\xc7\xf0\xc6\x14\xcc\x91\x5f\xe6\x05\xb3\xeb\xcb\x58\x56\
\x0f\x08\x2c\xee\x01\x0f\x67\xd7\xd5\xf4\x91\x5f\x14\x29\xad\x8a\
\xb1\xef\xd2\xf8\x2f\xff\x72\x2e\x7f\x35\x8c\x40\x83\x58\x2c\xd6\
\x18\xe2\x61\x32\x40\x74\x74\x74\x10\xbb\x94\x63\x74\x3c\x4f\xd6\
\xfd\x3d\xf4\xee\xcb\x24\xfe\xe4\x50\xea\x4f\xaa\xbe\x4a\xc5\xea\
\xb3\x46\x95\xf6\x45\xc8\x5d\x19\x08\xbd\xd3\x0f\xee\xcf\x6b\x46\
\x59\x93\xab\xb2\xf4\xfe\x85\x9e\x9b\xed\xd3\x3f\xb9\xdd\x68\x7c\
\x71\xd8\x2b\x67\xbd\x90\xc1\x86\x62\x62\x62\x82\x4c\xcd\xbf\x2d\
\x25\x25\x45\x98\x9c\x59\xf2\x6e\xaf\x67\xee\xeb\xf3\x85\x7d\x1d\
\x51\x5d\x4a\x7e\x88\xe4\x75\x75\xfa\xc4\x5a\x33\x71\x5a\xdb\x7c\
\x95\x23\x83\x02\x4a\xa4\x20\x56\xa1\x69\x48\x9b\x5c\x6f\xc2\xf7\
\x2e\x56\xe2\xda\x95\x35\x7e\xec\xa1\xe6\xcf\x7d\xe9\xd3\x61\x09\
\x0c\x63\x6a\x5a\x5a\x17\xe2\x65\x0a\xc0\x9f\x32\x32\x32\x96\x03\
\xa2\x59\x86\x43\xdf\x97\x0f\xb9\x94\x3f\x2b\xf3\xef\x98\x63\x5d\
\x7d\xf2\x6b\xc1\xad\x19\x2d\x87\x34\x6f\xa8\xbb\xc2\x1e\x82\x30\
\xf4\xc7\xe0\xd6\xac\x9e\x9b\xa9\xd4\x55\x05\xca\x57\xf2\xfd\x85\
\x2a\xba\xf3\x9d\xe7\x4c\x3b\x3c\x57\xe2\x1d\x54\xa8\xcb\xca\x22\
\x2d\x23\x5e\xa6\x00\x7c\x9e\x9d\x9d\x0d\xf9\xe1\x8b\xb5\x0e\x31\
\xcd\x1d\x67\xeb\x15\x25\x2e\x89\x2d\xc0\x2b\x5b\x02\x2e\x30\x47\
\x00\x86\x33\x0e\x30\xec\x67\xc0\x27\x5f\x0a\x5c\x12\x9b\xc1\x37\
\x41\xa5\xe0\x6f\x17\xf3\x81\xdd\x85\x1c\x70\x86\x37\x55\xf0\x75\
\x6a\xe7\x83\x53\x01\xcc\xd5\xbc\xbc\x3c\x08\xf1\x32\x05\xe0\x20\
\x19\x06\xc0\x44\x70\x34\x5f\x25\x77\x36\x79\x35\xcd\x14\x39\x86\
\xd5\x81\xe3\xc9\x22\xe0\x51\xf0\x33\x38\xcf\x51\x82\xb3\x45\xe3\
\xe0\x64\x9a\x18\x7c\x11\x5c\x03\x6c\xbc\x73\xc1\xa7\xc7\x93\xfe\
\x13\xee\x2d\xaf\x72\x8f\xe6\x3c\xae\x71\xc6\x96\xac\x50\x28\x05\
\x10\xe2\x65\x0a\xc0\x67\xb7\x6f\xdf\x5e\x09\x49\xaa\xd2\x3b\x26\
\xb5\xf1\xdd\x1a\xa7\x29\xbe\xb2\x15\x62\xc0\x73\x4d\xd4\x75\x85\
\x0e\x9f\xa8\xd4\x87\x9d\x2f\x9d\x30\xba\x66\x4a\xc0\x8d\x97\x3a\
\x5c\xc4\x94\x2e\xf4\xda\xb8\xe6\xc7\x0b\xf2\x55\x82\xc7\xc3\xd9\
\x6c\x27\x92\xa4\x16\x13\x55\xb1\x4e\x26\x93\x57\x10\x2f\x53\x00\
\x3e\x8a\x8f\x8f\x1f\xc8\x2e\xe4\xbe\xb3\x0b\xad\x95\xb8\xde\x57\
\xd0\x7c\x65\x6f\x88\x48\x92\xe8\x19\x5d\xf0\xad\x79\x43\x88\x0f\
\x6b\x14\x72\x23\x89\x41\xea\x9c\x01\x1b\xfb\x52\x8f\xfb\xe1\x85\
\x36\xe2\xc2\xf0\x2a\x01\xa9\xc0\x97\x04\xc1\x43\x62\xee\xfd\x0d\
\x02\x81\x30\x80\x78\x99\x02\x60\x7e\xf9\xf2\xe5\x94\xea\xea\x1a\
\xc8\xfd\x7a\xb5\xf2\x14\xe7\x69\x89\xb7\x64\x29\x0d\xa9\x40\xcc\
\x8c\x3e\x38\x4b\xbd\x81\xf3\x2e\xec\x87\xdc\x49\x42\x90\xa1\xda\
\x08\x88\x7f\xa5\xc7\x05\xbe\xd0\x44\xfa\x0e\xbc\x21\xba\x72\x27\
\xe8\x47\xf1\xf7\xc6\xef\xd5\x36\x18\xaf\x5c\xf9\x47\x0a\xe2\x85\
\x32\x45\x56\x56\x56\x07\xe0\x8d\x38\x57\x5a\xdd\xb6\xf1\x75\xbc\
\xa0\xd3\xed\xc1\x4c\x1e\x66\x64\xed\xc6\xf5\x29\x1d\x1e\x4e\x1a\
\xec\x45\x11\x03\xf7\xcc\x56\x90\xae\xda\xb8\x1a\x39\xad\x0b\xbd\
\xf2\x74\x3d\xf6\xdb\xf6\xf9\xac\xa3\xe9\x3d\x0f\xf2\x38\x1d\xfa\
\xfc\xfc\xfc\x39\xc4\x03\xb5\x09\x99\xbb\xb9\xb9\x05\x57\x57\xdf\
\x33\x14\xdd\x13\xbf\x3d\x9e\xf9\xa8\xc9\x53\xa0\x24\x5f\x1a\x5d\
\x8b\x0b\x87\x21\x52\xe0\xd2\x23\xe5\xff\x71\x5a\x17\xf2\xcf\x67\
\x6f\x63\xbc\xba\x5f\xdf\x3e\x45\x1f\xe0\xa6\x73\xc4\xbf\x35\x37\
\xb7\x40\x95\x95\x95\xcd\x87\x0e\x1d\xb2\xb0\xb3\xb3\x33\xdf\x0c\
\xc4\xce\x8b\x97\x2e\x65\xf0\x1a\x1a\x0d\x0d\xed\x32\x3d\x96\xd5\
\xdf\xe7\x72\x77\x9c\x79\xae\xfb\xf5\x2d\xb4\xec\x4d\xa2\xff\x93\
\x95\x04\x9f\x47\x8b\xa9\xee\xf5\x53\xd4\x4b\xcc\x01\x49\x75\xeb\
\x90\xae\xb5\xad\x1d\x54\x54\x56\x81\x59\x95\x0a\x88\xc5\xe2\xee\
\xaa\xaa\xaa\x0a\x3f\x3f\xbf\x8f\x37\x05\xe1\xe1\xe1\x19\x5e\x5e\
\x5e\xa9\x96\xf6\xf6\x43\x02\xc9\x53\x6d\x59\xf7\xe4\x54\x6e\xe7\
\xcc\x10\xb9\x63\x5a\xce\x12\x2a\xa6\x1a\xc4\x63\xda\x3e\x99\x1c\
\x54\x56\xdd\x51\x7b\x7b\xfb\x44\x95\x95\x95\x35\x70\x6b\x6b\x8d\
\x83\x72\xb9\x71\x6e\x5e\x05\x5a\x5a\x5a\xba\xae\x5d\xbb\xf6\xc9\
\x66\x20\x2c\xb6\x6d\xb3\x3c\x82\x0d\xfc\x21\x97\x42\xa5\xfd\x7c\
\xbf\x8e\xb7\xd6\xd1\x29\x34\x76\x76\x75\x1b\xeb\xea\x1b\xd6\x0a\
\xe0\x35\xe4\x1e\xf2\x0c\xf2\xac\xb3\xb3\xf3\x5f\xd1\x68\xf4\x5a\
\x52\x52\x12\x90\x0d\x0e\x01\xf5\xc2\x02\x10\x89\x44\xf2\xa8\xa8\
\x28\x5b\xd4\x26\x65\x01\xc7\x9f\xe1\x70\x80\xe3\xf4\xef\xe1\xf0\
\xfb\x9a\xc5\x7f\xa7\xd8\xc1\x83\x1f\x9d\x3e\x7d\xfa\x0e\x16\x8b\
\x85\xe2\xe2\xe2\x80\xe8\xd1\x23\x18\x62\x11\x0c\x0e\x0e\xce\x24\
\x27\x27\x7f\xb3\x77\xef\x5e\xd4\x96\xcb\xd6\xd6\xd6\xda\xc5\xc5\
\xa5\x38\x24\x24\x04\x8a\x88\x88\x00\x7c\x81\x00\xcc\xa9\xd5\x60\
\x7c\x7c\x7c\x09\x1e\x50\x5e\xf6\xf6\xf6\x5b\x7f\x8e\xdc\xbf\x7f\
\xbf\x15\x0c\x41\x89\x8c\x8c\x34\x86\x86\x86\x82\x1a\x2e\x17\xcc\
\xbc\x52\x02\xa5\x52\xb9\xce\x60\x30\xb0\xc7\x8e\x1d\x33\xdf\x72\
\x08\x1b\x1b\x1b\x4b\x57\x57\xd7\x74\x78\xb2\xbe\xc3\xe3\xf1\xa0\
\xb4\xb4\x14\x3c\x9f\x98\x00\x0b\x0b\x0b\x06\xb8\x43\x12\xe1\x56\
\xdf\xb6\xe5\x10\x7b\xf6\xec\xb1\x80\x21\xe2\x6e\xde\xbc\xa9\x87\
\x37\x22\xa0\xd1\x68\x40\x3e\x32\x0a\x96\x96\x96\x8c\x3c\x1e\x8f\
\xea\xeb\xeb\x6b\xbd\xe5\x10\x07\x0e\x1c\x30\x87\x3f\x47\x20\xfc\
\x93\x7b\x4b\x24\x12\x41\x4e\x4e\x0e\xe8\xed\xeb\x07\x8b\x8b\x8b\
\x50\x5b\x5b\x1b\x17\x1e\xfd\x7f\xdc\x72\x88\x7d\xfb\xf6\x99\xc1\
\x10\xdf\xc1\x9b\xf0\xd7\xac\xac\x2c\x90\x99\x99\x09\xba\x7b\x44\
\x40\xa5\x56\x23\x6d\x2a\xc4\xe1\x70\x9f\x6c\x39\xc4\xae\x5d\xbb\
\x50\xf0\x9c\x38\x45\xa1\x50\x54\x74\x3a\x1d\xc0\x27\x2f\xd0\xda\
\xda\x0a\x5e\x29\x95\x40\x2a\x95\xca\x63\x63\x63\x6d\x51\x1f\x42\
\xf0\x9c\x70\x28\x2a\x2a\x9a\xe0\x70\x38\x80\x44\x22\x81\xc6\xc6\
\x46\x30\x39\x39\x09\x84\x42\xe1\x00\xea\x43\xe9\xc4\x89\x13\x36\
\xc5\xc5\xc5\xc3\x5c\xb8\x3d\xe1\x8a\x80\x8a\x8a\x0a\x1d\x95\x4a\
\x45\xa3\x3e\xa4\x9c\x9c\x9c\x3e\x63\xb3\xd9\x52\x38\xb4\x18\x0c\
\x06\x77\xf8\xf0\x61\x33\xd4\x87\x96\x83\x83\xc3\xee\x33\x67\xce\
\x9c\x83\xdb\x15\x49\xfe\xff\xd7\xbf\x01\x4b\x38\xba\x0d\x8f\x71\
\x47\xd7\x00\x00\x00\x00\x49\x45\x4e\x44\xae\x42\x60\x82\
\x00\x00\x05\x15\
\x89\
\x50\x4e\x47\x0d\x0a\x1a\x0a\x00\x00\x00\x0d\x49\x48\x44\x52\x00\
\x00\x00\x20\x00\x00\x00\x20\x08\x06\x00\x00\x00\x73\x7a\x7a\xf4\
\x00\x00\x00\x04\x73\x42\x49\x54\x08\x08\x08\x08\x7c\x08\x64\x88\
\x00\x00\x00\x09\x70\x48\x59\x73\x00\x00\x03\x76\x00\x00\x03\x76\
\x01\x7d\xd5\x82\xcc\x00\x00\x00\x19\x74\x45\x58\x74\x53\x6f\x66\
\x74\x77\x61\x72\x65\x00\x77\x77\x77\x2e\x69\x6e\x6b\x73\x63\x61\
\x70\x65\x2e\x6f\x72\x67\x9b\xee\x3c\x1a\x00\x00\x04\x92\x49\x44\
\x41\x54\x78\xda\xb5\x97\xdd\x6b\x1c\x55\x1c\x86\x9f\x99\x4d\xd2\
\x64\x37\x49\x53\xd3\x24\x4d\x9a\x90\x04\x49\x91\x96\x56\x9b\x2a\
\xc5\x18\x51\x10\xbc\x30\x44\x44\xb0\xa6\xd5\x8a\xd5\x8b\x22\x0a\
\x2a\x5e\x88\x5e\xe8\x95\xf8\x0f\x14\xf5\xc6\x22\x58\x10\x41\xf0\
\xa2\xb7\x0a\xa2\xa5\x45\xfc\xe8\x17\x56\x12\x93\x60\x9b\x8f\x6d\
\x9a\xa4\x6d\x76\xed\x6e\x32\xb3\x33\xc7\xf9\x1d\x3b\xc3\x2c\x27\
\x43\x46\xaa\x6f\x78\x39\x33\xbb\x99\x7d\xde\xf3\x9e\xd9\xd9\x19\
\x4b\x29\x45\x28\x2b\x10\x60\xcb\x26\xff\x8f\x04\xe6\xab\x18\x54\
\x02\x84\x70\x01\x6f\xb9\xed\x4c\xf8\xfe\x7f\x0c\xf7\x80\x1b\xe2\
\x80\xeb\x03\xd4\x40\xa4\x5a\x60\xe0\xe6\xca\xca\x19\xd7\x71\x24\
\x11\x56\x68\x88\xef\x57\x27\x0b\xf7\x65\x8c\xa7\xb6\xcc\xec\x99\
\x4c\x86\x6c\x43\xc3\x83\xc0\x59\x60\x2d\x0c\x10\x57\x9d\xeb\xb8\
\x38\x6e\x25\x84\x45\xb6\xed\x08\x14\x02\x8c\x31\x09\x6e\x55\x8f\
\x75\x44\xaa\x0e\x60\x69\x6b\x98\x0c\xa6\x81\xf8\xb6\x31\x56\x07\
\x31\x25\xff\x17\x71\xcc\x00\x5a\x26\xdc\x5c\x8a\x74\x2d\xac\xd7\
\x84\x6d\x13\x2a\x31\x80\x25\xd6\x2d\xd8\x00\xeb\x06\x28\xdd\xa8\
\x30\xf5\xf5\x32\x6b\x8b\x15\xdc\x35\x1f\xbf\x02\xcd\xfd\xf5\x6c\
\x7b\xb8\x99\x6d\x03\x59\xac\x8c\x65\x84\x09\xb7\x37\x0c\xc0\x3f\
\x70\xa3\x72\x71\x21\xef\xf0\xe3\x87\xb3\x78\x6b\xd0\xf3\x78\x2b\
\xed\xbb\x1a\xa8\xa9\xb3\x41\xc1\xf5\xf1\x12\x97\x3e\x59\xe4\x87\
\x99\x5b\x74\xee\x69\x62\xe8\xed\x1e\xea\xb2\x19\x63\x09\x36\x0c\
\x20\x70\xdf\xf7\x51\x5f\x9c\xc5\x3e\x38\x18\xc1\x3d\x47\xf1\xfd\
\xbb\x97\xb9\xff\xad\x3e\xda\xfa\xb2\x28\xdf\x0a\x0c\xc8\xe8\xc1\
\xd6\xee\x46\xfc\x47\xdb\x51\xca\xe2\xf2\xa9\x65\x4e\x1e\x1e\x67\
\xe7\xf3\x1d\xec\x7c\x7a\xab\x90\xd3\x07\xb0\xd0\xd6\xf0\x9a\xf3\
\x65\xbc\xbd\x39\x7d\xe0\xd9\x8f\xe6\xe8\x1f\x6d\xa3\xad\x37\x80\
\x7b\x96\x06\xe1\x21\x41\xa2\x6d\x7c\x74\x98\x9e\x07\x5a\xe9\xbc\
\xf7\x2e\x7e\x3e\x36\x89\x52\xb0\xfb\x99\xf6\xc4\x00\x36\x98\xd2\
\x89\x6d\x4b\xe0\x3a\x84\xac\xbe\x1d\x80\x72\x5d\x0d\x1a\x8e\x2f\
\x40\x2b\xda\x56\x15\xf0\x3d\xd0\xfb\x81\x25\x54\xc6\xce\x30\x78\
\x74\x80\x4b\x27\x16\x59\xb9\xba\x26\xf0\x94\x01\xe2\x27\x9d\x6d\
\xe1\x4b\x88\x73\x25\x1a\x5b\x6b\x29\xe6\x1d\xf9\xf0\x2a\x90\x5f\
\x09\x97\x21\xb0\x8c\x51\x38\xa8\xa9\xb1\xd9\xf3\xf2\xdd\xf8\x6f\
\x1e\xc7\x50\x52\x80\x08\x1e\x0f\x31\xd8\x48\x4f\xfb\x26\x66\x4f\
\x5e\xc3\x77\x6f\x83\x3d\xc2\x10\xd5\x4d\x04\x46\x45\xc7\xd3\x37\
\x94\xa5\xf5\xcb\x57\xc3\xfd\xb4\x01\xcc\x10\x9b\x9f\xdc\xca\xae\
\x81\x1c\xbf\x7e\x36\x23\x10\x81\x86\xb3\x8d\xea\x17\xcb\x5f\xa8\
\xe6\x1e\x68\xec\x08\x3f\x27\x6d\x80\x24\x5b\xb0\xe3\xfd\x5e\xea\
\x2e\x16\x98\x3f\x57\x8c\xea\x8f\x9a\xf0\xaa\x27\x20\xf0\x5c\x3b\
\x86\x12\x02\x18\x2d\x24\x36\xb1\xef\xd3\x7b\xd8\xfe\xd5\x09\x6e\
\x2d\x3b\xa8\x68\xed\xa9\x9a\x61\x53\xb7\x32\x66\x2e\x06\xd2\x9d\
\x84\xda\x09\x21\x72\x5b\x6a\x59\x7d\xe7\x30\x13\xef\x5d\xc2\x2d\
\xf9\xa0\x34\xdc\xa8\x3d\xae\xf4\x01\xe2\x95\x27\x84\x10\x6d\xbf\
\xaf\x99\xee\xd7\xbb\x98\xf8\xe0\x37\x50\x71\xb8\xae\x3d\x69\xe6\
\xff\xf2\x6b\x08\x62\xe3\xe0\x70\xdc\xf5\x54\x07\xf5\x8f\x35\x73\
\xe5\xe3\x49\x50\xd1\xcc\x0d\x88\x52\x2a\xee\x74\x0d\x60\xce\x9e\
\xf5\x34\xf4\x46\x2f\x93\x4b\x05\x9a\xae\xae\xd0\xd8\x6e\xc5\xa1\
\xfa\x72\xee\x79\x5e\xdc\xf2\x5a\xca\x06\x40\xbc\xe1\xef\xbf\xfc\
\x74\xef\x78\xa2\x8b\xdf\xf3\x2b\xf0\x4b\x11\x14\x11\xb8\x52\xa9\
\xe0\xba\xae\xb6\xe3\x38\x62\xfd\x1a\xa0\xb4\x93\x1b\x30\xc1\x24\
\x2c\xc5\xca\x0c\xb4\xed\x6c\x63\xf6\x74\x11\x06\x1b\x29\x1e\x3f\
\x95\x00\x8f\x2c\xe0\x8a\xf1\x63\x94\x00\x31\x80\x71\x09\xbc\xbc\
\x68\xb1\x5a\x70\xc8\xb5\xd4\xe0\xa3\xa8\x7f\x61\x7f\x08\x0f\x67\
\x2c\x8d\x04\xd6\xeb\xcf\x85\x0b\xe7\x4f\x03\x73\x80\x6b\x04\x48\
\x0e\x62\xaa\x30\x6b\x51\xba\x06\xbe\xe7\x73\xf1\xf3\x69\xf6\xbd\
\xd6\x25\xa0\x08\xbe\xbc\xbc\xcc\xc2\xc2\x82\x3e\x3e\x9b\xcd\x52\
\x5b\x5b\xcb\xd4\xd4\xd4\xc4\xe8\xe8\xe8\x51\x20\x2f\x77\xc4\x1b\
\x05\x48\xac\xff\xe6\x65\xc5\x95\x9f\x6e\x31\xfb\xcd\x1c\xd7\xf3\
\x65\xf6\xbe\xd8\x49\xff\x43\x9b\x05\x2e\xf5\xeb\x99\xcf\xcd\xcd\
\x31\x3c\x3c\x4c\xa9\x54\x62\x7e\x7e\x9e\xf1\xf1\xf1\xd9\x00\x3e\
\x06\x4c\x05\x70\x27\xe5\x12\x98\xfb\x4b\x07\x8e\xf1\x2d\x8f\xd0\
\xda\xbb\x89\xdd\xaf\x74\xd1\xbb\xb7\x59\xaa\x15\xb0\x38\x0a\x20\
\x95\x97\xcb\x65\xf2\xf9\x3c\xd3\xd3\xd3\x4b\x87\x0e\x1d\x3a\x08\
\x4c\x28\xa5\x56\x89\x64\x3e\x98\xd4\x03\xfb\xcb\xab\xab\xdf\xa1\
\x54\xda\x3b\xe2\xa8\x7a\x01\x4b\xfd\x85\x42\x41\x2f\x41\x4b\x4b\
\x0b\x93\x93\x93\x4b\x47\x8e\x1c\x79\x2e\x08\x72\x26\xe0\x14\x89\
\xe9\x8e\xce\x01\x92\x2f\x34\x3a\x48\x2e\x97\xd3\xb5\x8f\x8d\x8d\
\x3d\x5b\x2c\x16\x2f\x02\x7f\x61\xc8\x0c\xa0\xb4\xd3\x6b\xdd\xab\
\x1e\x20\xb5\x4f\x8c\x8c\x8c\x1c\x00\xfe\x50\x4a\x95\x30\x94\xdc\
\x40\x25\x63\xdb\xf2\x41\x46\xdd\x09\xc0\xf0\x16\x5e\x1e\xbb\xc4\
\x2a\xa8\xfd\x4c\x00\x7f\x09\xf8\x53\x29\xb5\x86\xa1\xe4\x73\x40\
\xc2\x6c\x07\xba\x8d\x60\xe9\xe5\x00\x33\xc0\x82\x52\xca\x05\x48\
\x1b\x20\x1e\x22\x73\x07\x4f\xc5\x0a\x70\xf5\xf7\x3c\xa5\xfe\x06\
\x9f\x7f\x6d\xc6\xd9\x53\x4f\x8d\x00\x00\x00\x00\x49\x45\x4e\x44\
\xae\x42\x60\x82\
\x00\x00\x08\x86\
\x89\
\x50\x4e\x47\x0d\x0a\x1a\x0a\x00\x00\x00\x0d\x49\x48\x44\x52\x00\
\x00\x00\x20\x00\x00\x00\x20\x08\x06\x00\x00\x00\x73\x7a\x7a\xf4\
\x00\x00\x00\x04\x73\x42\x49\x54\x08\x08\x08\x08\x7c\x08\x64\x88\
\x00\x00\x00\x09\x70\x48\x59\x73\x00\x00\x03\x76\x00\x00\x03\x76\
\x01\x7d\xd5\x82\xcc\x00\x00\x00\x19\x74\x45\x58\x74\x53\x6f\x66\
\x74\x77\x61\x72\x65\x00\x77\x77\x77\x2e\x69\x6e\x6b\x73\x63\x61\
\x70\x65\x2e\x6f\x72\x67\x9b\xee\x3c\x1a\x00\x00\x08\x03\x49\x44\
\x41\x54\x78\xda\xc5\x97\x7b\x8c\x15\x57\x1d\xc7\xbf\xe7\x9c\x79\
\xcf\x7d\xdf\xbd\x77\xbb\xbb\xc0\xee\xf2\x28\xb8\x80\x9a\xb0\x10\
\xb4\x94\xd6\x60\x95\x1a\xdf\x44\xb0\xa6\x6a\x1a\xc0\x22\xc4\xda\
\x3f\x14\xd4\x34\x21\xa6\x26\x9a\xfa\x48\x34\xb6\x09\x0d\x62\xfd\
\xa3\x0d\x4a\xac\x34\xa4\x7f\x94\xa4\x82\x21\x58\x52\x89\x96\xa6\
\x10\x62\xbb\x65\x97\x37\xfb\xb8\xaf\xbd\x73\x67\xee\xcc\x9c\x73\
\x9c\x3b\xbb\xd9\x65\x59\xa1\x14\x9b\xf8\x9d\x7c\xef\xc9\xbd\xf3\
\xf8\x7d\xe6\x7b\x7e\x77\x4e\x86\x48\x29\xf1\xbf\x88\x80\x10\x89\
\x3b\xbf\xc8\x6d\x03\x90\x1f\x13\x05\x35\x7c\x2a\x6f\xe4\x1f\xea\
\xcd\xf4\xae\x5c\x98\x5b\x58\x5c\x52\x5c\x92\x6e\x4b\xb5\xe1\x42\
\xf9\x82\xf3\xee\xd8\xbb\xa3\x03\xa5\x81\x37\x22\x3f\x5f\x35\xaa\
\x87\xe4\x6e\xe9\x7f\x20\x00\x64\x07\x49\xc0\xc4\x0f\x19\x67\x3b\
\xd6\x2f\x5e\x9f\x5e\xd1\xbb\x02\x9d\x85\x4e\x58\xa6\x05\xd3\x30\
\x11\x8a\x10\x25\xa7\x84\x91\xea\x08\xc6\x4a\x63\x38\x7f\xf5\x3c\
\x5e\x3e\xfd\x72\x3d\x64\xe1\x5e\x64\xb0\x3b\x02\xa9\xe1\x06\xdd\
\xb7\xff\xbe\x39\x6b\xe7\xae\xbd\xeb\xc9\x7b\x9e\x3c\x79\x4b\x00\
\xe5\x47\xe4\x11\x12\xb0\xa7\xbe\xb2\x7c\x63\xdb\xda\xe5\x6b\xd1\
\x64\x4d\x04\x22\xc0\xad\xa4\x52\x15\xb2\x29\x71\xe8\xb5\x43\xf8\
\xdb\xc0\xd1\xb2\x54\xc5\x13\xfc\x17\xf2\x99\xa9\xfd\x3f\x65\x4f\
\x6e\xea\xfb\xea\x13\x75\xd4\xcb\x07\xbf\xf0\x52\x6e\x02\x60\x76\
\xdc\x54\xaf\xb0\x67\x16\xe4\x17\x3d\xfa\xb5\x7b\x1f\x06\x35\x28\
\xb8\xe4\xef\xb7\x37\x70\x75\xf4\x2a\x5e\x7a\xfd\x20\x86\x9b\x57\
\xf6\x36\x2d\xfe\x6d\x83\x28\x3f\x59\x52\x58\xba\x6b\xcb\xaa\xad\
\xf8\xde\xf1\xc7\xe1\x3e\x16\x10\xe5\xbf\x35\x95\x75\x4d\x7d\x65\
\x55\xef\xc7\x3e\xf9\x89\x55\xeb\xe0\x4a\x17\x70\x71\x47\x4a\x27\
\xd2\xd8\xbc\x6e\x0b\xfe\x71\xe6\xc4\x96\xa3\x17\xfe\xba\x6e\x71\
\xfb\x92\xde\xcf\xf7\x7d\x09\x55\xaf\x0a\x03\x6a\x0c\x39\x2b\x81\
\xd4\x36\x63\xef\xb2\xf6\xe5\x9b\xef\x5f\xf3\x00\x9a\xbc\x89\x5b\
\xc9\x60\x06\x82\x30\x80\xa0\x02\xb3\x92\x24\x37\x1c\xd7\xf4\xa1\
\xe9\x3a\xdc\xd0\x85\xa9\x9a\xd8\x73\xe6\xd7\x18\x2d\xd5\x67\x26\
\x90\xd9\x6e\x7f\xab\x83\x75\x6e\x5e\xf9\xd1\x8f\xa3\xea\x54\x71\
\xa3\x28\xa1\x28\x8f\x96\x31\x30\x34\x80\xe1\xd1\xe1\xb8\xe1\x38\
\xe7\x28\x64\x0a\xc8\xe5\x73\xe8\x2c\x76\x62\x5e\xcf\x3c\x58\xb6\
\x85\xeb\xe5\xc1\x8b\x47\xa7\xd1\x40\x2c\x0e\x68\x94\xcd\xfc\x17\
\x14\x77\x10\x3b\x18\x33\xce\x7f\xf6\x81\x0d\x39\xd5\xd6\x66\x17\
\x97\x14\x27\xff\x75\x12\xa7\xce\x9e\x9a\xfe\x0d\x14\x84\x90\x89\
\xfe\x60\x88\x6d\xda\x26\x56\xf7\xaf\x46\xcf\x9c\x1e\xcc\x90\x9c\
\xb6\x46\x35\xbc\x72\xe5\x00\x06\x8b\xa5\xe9\x04\x48\x60\x3d\xb5\
\xb0\xe3\xee\x9c\x50\x24\xbc\xa6\x37\xf3\x0e\xc6\x3d\xbc\x7a\xfc\
\x55\xd4\x9c\x5a\xab\x24\x0c\x5f\x01\xf5\x09\x88\x24\x1e\x24\xa4\
\xe4\xcc\x0c\x6d\x09\x3f\x17\xc2\x55\x5d\x1c\x39\x7d\x04\x3d\x95\
\x1e\xf4\x7f\xa8\x1f\x2a\x53\x27\x0a\x0b\x4c\x8d\x3c\xe4\x60\x60\
\xb8\xbf\x00\xd0\xb8\xf8\x46\xc2\x44\x09\xdf\xe8\x8c\xe2\x6b\x78\
\x0d\xb8\x9e\x3b\x65\xcf\xf1\x70\xf8\xd8\xe1\xb8\xb8\x11\xf1\xa6\
\x42\xc3\x4f\xe4\xf5\xa7\x93\x73\xcc\x15\xb5\x23\x9e\x59\x3b\xea\
\x59\xa9\xf9\xd6\xe2\x64\x56\xff\x4d\x6a\x44\x6f\x6a\x9c\x01\x19\
\x60\xd0\x1d\xc4\x89\xc1\x13\x70\x89\x8b\x78\x93\x91\xb9\x1b\xf7\
\x80\x13\x3a\x11\x18\xc3\xf8\xbf\x81\x38\x81\x79\x73\xb2\x9f\xd1\
\xae\x59\x09\x1f\x3e\xe0\x61\x4a\x8c\x32\xbc\x75\xfa\x2d\x38\xae\
\x03\x93\xa8\x48\xea\xfa\x90\xd5\xae\xdc\x73\xee\xd9\xf2\x25\x5c\
\xa7\x4b\x7f\x28\x47\x97\xc2\x77\xbb\xb7\xe5\xf7\x28\x17\x9a\xaf\
\x95\xbb\xdc\x14\xcf\x08\x5c\x14\x17\x91\xad\x66\xd1\x95\xea\x42\
\x2c\x31\x31\xff\x84\x13\xa8\x84\x01\x98\x04\x20\x0d\x6c\x32\x33\
\xa9\xf8\x8e\xaf\x57\xa5\x54\xc1\xd0\xe5\x21\x30\x49\x91\xd2\xf4\
\xc0\x28\x1a\xab\xce\xfd\x76\x64\x18\x37\x11\x2f\x87\xbb\x83\x04\
\x4f\xf1\x45\x02\x2d\xd9\xd1\x26\x6d\x19\xa7\x10\x4b\x4e\x02\xb4\
\xa6\xaf\x09\x78\x1d\x4b\x27\x00\x82\x86\x58\x4e\xf2\xca\xac\xb9\
\x1f\xba\x38\x14\x8f\x96\x50\xa1\xa4\xd9\xcf\x06\x6f\x51\xbc\x63\
\x43\xf2\xd9\x3a\x0b\x36\x3a\x5b\x9a\x30\x4d\x13\x5d\xb4\x0b\x39\
\x99\x03\x71\x09\x3c\xcf\x03\x7c\x40\xfa\x12\xd5\x4a\x15\xe5\xe1\
\x32\x32\x09\x01\x3f\xe5\x4c\x02\xd4\x79\x5b\x98\x0d\xe1\xba\x53\
\x09\xc4\xdd\x3d\xde\x18\x8f\x33\x62\x9c\x40\xa8\x64\x3f\x6e\xa2\
\xd5\x3b\x17\x2f\xa1\x26\xdb\xea\xec\x74\x90\xcb\xe6\x91\x0b\xa2\
\xc2\x0e\x41\xad\x5e\x8b\x63\x77\xc6\x1d\xd4\x46\x6a\xa8\x5e\xab\
\x02\x4e\x2b\x71\x02\x9b\x65\x46\x7a\x86\x06\x27\x00\xb8\xcf\x33\
\xbe\xf0\x11\x36\x39\x30\xa9\x30\x08\xc1\x35\x0e\xa2\x01\xc4\x45\
\x70\xa5\x54\x39\x8b\x9b\x28\x99\x60\x73\xdb\x64\xce\xab\x6f\xf3\
\x8c\x80\x39\x18\x66\x8e\x04\x85\x24\x0c\x20\x8c\x90\x68\x24\x8a\
\x46\x50\xd0\x6c\x50\x03\xa0\x09\x7a\xc9\x17\x62\xd3\x91\xdd\x72\
\xe2\x39\x90\x7d\xd0\xac\x8b\xb4\x6a\x13\x85\xc6\x8d\x47\x14\x82\
\x50\x09\x51\xe5\x55\x40\x07\xd2\x83\x46\x58\x9d\xeb\x19\x72\xcf\
\xed\x2f\x08\xc5\x47\x12\x18\xfe\x7d\x1d\xef\xa5\x38\x01\xa1\xc8\
\x6a\xa3\xe6\xd8\xa1\x22\x00\x06\xc0\xc2\xc4\x68\x47\x36\xd1\x6a\
\x24\xa5\x2d\x48\x2c\x07\xf0\x06\x6e\x43\x85\x8d\x06\x1a\x17\x84\
\x61\xaf\xd1\x04\xd5\x29\xa7\x3a\x11\x44\x07\x2a\x7f\x71\xe5\xcd\
\x00\xc6\xa2\x43\x3b\x43\x22\xe2\x82\xb0\xa6\x1c\x7f\x27\x05\x40\
\x34\xc5\x66\x00\xdf\xc1\x6d\x28\x0c\x88\x69\x2c\x64\x85\xf1\x3e\
\xbf\x29\x6a\x61\x80\x32\x02\x3a\x4e\xb9\xb1\x41\x09\x4d\xa6\x0a\
\xa2\x80\x97\x5e\x98\x80\xa1\x88\x24\x35\xbc\xa9\x0a\x36\xb3\xb8\
\x7d\x9d\x17\x00\x44\x92\x6d\x5d\x3f\xc8\x2d\x78\xef\xe8\xb3\x94\
\x56\xc9\x0a\xd2\x47\xe6\x28\x36\xeb\x60\xed\xb4\x20\xef\x46\x2e\
\xf8\x30\x4f\x36\x97\x71\xab\xd2\xed\xe9\x2c\x45\xb5\xf4\x76\x9d\
\x4c\x03\x18\xfc\x79\x55\x4e\x02\x18\x88\xc6\x69\xab\x8c\xc2\x57\
\x39\xec\xc5\x4c\x91\x6e\x70\x6c\xce\xee\x64\x3b\x6e\xa2\xf6\xad\
\x39\x2a\x87\x83\x87\x33\x2b\x8d\x7e\x99\x25\x8b\xa2\x73\x7b\x22\
\x77\x45\x6e\x67\x2a\x69\x83\x85\xac\x9d\x52\x93\x7e\x9d\x5b\xbe\
\x4e\xe5\xd4\x62\x44\x40\x48\xf2\xd3\x6a\x0d\xf3\x48\x62\x3c\xe3\
\x03\x09\xc4\x56\x28\x8d\x01\x14\xc6\x60\xaa\x0a\x68\x95\xc2\x1c\
\xd3\xb8\xd4\xc4\x56\x29\xe8\xc1\xc4\x47\xc6\xca\x38\x00\xd4\xbb\
\xb3\x56\x50\x0b\xef\xa5\x23\xe4\xfb\xb9\x65\x66\x58\xee\xf1\x46\
\x42\x21\xae\x85\x5c\x8c\x06\x9c\x97\x02\x21\xca\x21\xe7\xd5\x80\
\x8b\x5a\xa1\x6a\xd5\x2b\x43\xcd\x61\xef\xb9\x60\x78\xaa\x07\x24\
\xa4\x54\x93\x6c\x5f\xd1\x4d\x3c\x36\xde\xee\xc7\x29\x30\x4a\xa0\
\xb4\x8a\x53\x16\x43\x50\x12\xc1\xe4\x29\xd2\x77\x69\x6c\xfc\x72\
\x73\x5f\x1b\x37\xf6\xd5\xfe\x5e\x6c\x90\x36\x88\xb6\x50\x49\x94\
\x6c\xb7\x99\x5f\x6d\x56\xeb\x5a\x50\xd5\x85\x92\x66\x5c\x24\x28\
\xe1\x29\x42\x90\x44\x88\x04\xa4\xb4\x15\xc2\x2c\x59\x41\x55\x1a\
\x62\x70\xba\x09\x27\x15\x52\xb1\xab\x5a\xf1\xbe\x5e\x20\x56\x76\
\x54\x69\x80\x51\xda\x72\x0c\xa1\x31\x06\x4d\xa1\xf1\x02\xd2\xa4\
\x21\xac\x6e\x0d\x01\x05\x8a\x7d\xb6\x05\x29\xd1\x40\x88\x36\x61\
\xeb\x5c\x88\x5c\x54\x5c\x61\x42\x44\xfc\x5c\x10\x32\xb1\xfe\x49\
\x09\x19\x7d\xc8\xf6\x30\x21\xdf\xa9\x94\x1c\x59\x94\xce\xf4\x92\
\x3e\x29\xf9\x27\xe9\x39\xa6\xbf\x93\x0d\x52\xa4\x89\x01\x46\xe8\
\x8c\x29\x50\x63\x88\x09\xeb\x91\xa5\x21\x51\xd2\x5d\x8c\xd9\x2e\
\x1a\x89\x00\x6e\x64\x6e\x49\x45\xd1\x68\x2e\xda\x9f\x8f\xa0\x0b\
\xd1\x39\x6d\x91\xf3\x0a\xa3\xb9\x2e\x2d\x95\xbd\x7c\xa6\x96\x92\
\x09\x79\x4c\xfe\x5c\xca\x59\x09\xc4\x10\x07\xe4\x5e\xb2\x81\xf4\
\x2f\xba\x98\x7f\x74\x6c\x7e\x23\xc6\x8b\x53\xa0\x53\x10\xb1\x03\
\x93\x23\x30\x04\x42\x5d\x80\x33\x01\x10\x80\x08\x02\x16\x44\xc0\
\xcd\xc8\x1e\x4b\x6b\x60\x90\x80\x10\x52\xf2\x0c\x4d\x8a\xf3\xaf\
\x97\xa4\x23\x82\xdf\xc9\xa7\xa5\x37\xeb\x39\x30\x03\xe2\xcf\x72\
\x1b\xf9\x32\xe9\xee\x33\x8b\xeb\xbd\xee\x00\x01\x15\x2d\x80\x29\
\x87\x86\x80\x6f\x71\xf8\x2d\x88\x16\x80\x3a\x09\xc0\x09\x14\x9f\
\x42\x32\x86\x96\x74\xae\xa4\x15\x41\x79\x56\x4f\x84\x83\xff\x2c\
\x8b\x52\xdd\xfb\xa3\x7c\x4e\x0e\xe1\x06\x51\x60\xb6\xe4\x8b\xf2\
\xc1\x33\xef\x0c\xff\x92\x0c\x40\x76\x29\x49\x30\x4a\x62\x13\x85\
\xc4\x45\x23\xc7\x00\x4d\x3b\x84\x97\x0c\xe1\x26\x03\x34\x13\x61\
\x04\x16\xd9\x98\x00\xd3\x2d\x05\x95\x0b\xae\xfd\xf6\xf1\xd1\xcc\
\xc5\x4b\xb5\x43\xe8\xc5\x8b\xef\xfb\xcd\x88\x3c\x44\xbe\x68\xa5\
\xb4\x5f\xd1\x2c\x7a\xd7\xac\xea\xc6\x88\xea\xb4\xe6\x3b\x2e\xea\
\x25\x22\xdb\x61\x9c\x86\xa4\x32\xbe\x7b\xdd\x51\x60\x39\x1a\x16\
\x5e\xcb\xe2\xd2\xb1\x1a\xce\xbe\x3d\x7a\x14\xc0\x37\xe5\x0b\xf2\
\xfc\x9d\xbf\x9a\x6d\x24\x2a\x54\x6c\xb7\x4d\x6d\xd7\xd2\x05\x85\
\x8e\x01\xa5\x0c\x36\x9f\x80\xb7\x4b\xcc\x9d\x97\x82\xd4\x81\x37\
\x2f\x5d\x83\x72\x8e\x82\x0e\x01\x7d\xa2\x88\x53\x27\xaf\x5e\x16\
\x90\x8f\xcb\xfd\xf2\xc0\x07\xf7\x72\x1a\x09\x1b\xb0\x02\x02\x9f\
\x83\x44\x3f\x08\x3a\x13\x86\xda\xe5\xfa\x9c\x71\x21\xae\x02\x68\
\xf9\x44\xe4\xc3\x28\xe0\xb8\xdc\x23\xc3\xdb\x7e\x39\xfd\x7f\xea\
\x3f\xf3\x33\xcc\xf5\x2a\xfc\xfd\xe4\x00\x00\x00\x00\x49\x45\x4e\
\x44\xae\x42\x60\x82\
\x00\x00\x06\x47\
\x89\
\x50\x4e\x47\x0d\x0a\x1a\x0a\x00\x00\x00\x0d\x49\x48\x44\x52\x00\
\x00\x00\x20\x00\x00\x00\x20\x08\x06\x00\x00\x00\x73\x7a\x7a\xf4\
\x00\x00\x00\x01\x73\x52\x47\x42\x00\xae\xce\x1c\xe9\x00\x00\x00\
\x06\x62\x4b\x47\x44\x00\xff\x00\xff\x00\xff\xa0\xbd\xa7\x93\x00\
\x00\x00\x09\x70\x48\x59\x73\x00\x00\x1b\xaf\x00\x00\x1b\xaf\x01\
\x5e\x1a\x91\x1c\x00\x00\x00\x07\x74\x49\x4d\x45\x07\xd9\x01\x04\
\x03\x29\x25\x46\xe3\xac\x55\x00\x00\x05\xc7\x49\x44\x41\x54\x58\
\xc3\xb5\x97\x6d\x50\x94\xe5\x1a\xc7\x7f\xcf\xbe\xb0\x2c\xb8\xbb\
\xbc\x0d\x9c\x0d\x78\x76\x37\x60\x4c\x27\x05\x74\x14\xb5\x7c\x29\
\x6d\xc4\x31\x6d\x8a\x9a\x5e\xa4\x1a\x9b\xac\xa4\x3c\x27\x8f\xf6\
\xa2\x1d\xd1\x50\xd3\xd3\x74\x48\xb1\xe3\x5b\x64\xa7\x53\x07\x32\
\x50\xc1\x6a\xd2\x61\x46\xc3\x08\xb1\x64\xb1\x24\x13\x44\x48\x5c\
\x85\x25\x01\x5b\x60\x61\xd9\x7d\x9e\xfb\x7c\xd1\x99\x72\x2c\x53\
\x97\xff\xb7\xfb\xcb\x73\xfd\x9e\xeb\xba\xfe\xd7\x75\xdf\x12\x43\
\x20\xbb\xdd\xa6\x9d\x3f\x7f\x7e\xd6\xf8\x8c\x8c\x79\x21\x21\x21\
\x23\x55\x55\x09\xf4\xf6\xf6\x9c\xe8\xf8\xb9\xa3\x68\xf1\x8b\x4b\
\xca\xbc\x7d\x5e\x85\xa1\xd2\xf8\x8c\x71\xe1\xc5\xc5\x45\x7b\xfb\
\xfb\xfb\x85\x6f\xd0\x27\xdc\xee\x76\xd1\x78\xaa\x41\xd4\x1c\xa9\
\x16\x1f\xef\x2c\x52\x9e\x7d\x6e\xc1\x6b\x80\x76\xa8\xe2\x6b\xfe\
\xfa\xb7\x45\xf9\x1d\x1d\x6e\xd1\xd3\xd3\x23\x06\xfd\x83\xc2\xed\
\x6e\x17\x6b\xd6\xae\x56\x26\x4d\x9c\x78\x46\xab\xd5\x16\x00\x63\
\x01\xcd\x50\x01\x58\xfe\xbd\x79\x93\xdb\x75\xce\x25\xba\xba\xba\
\xc4\xc0\x40\xbf\x38\xf9\xe3\x09\x01\xe4\x03\xc9\x80\x01\x90\x7e\
\x43\x1c\xcc\xe8\xa3\x53\x6f\xb7\x9d\x3f\xdf\x16\xab\xaa\x0a\x8a\
\xaa\xe0\xf7\x07\xf0\x07\x02\x84\x19\xc3\xca\x80\x26\xc0\x07\x88\
\x21\x03\x48\x4a\x4a\x4a\x47\x82\xb3\xad\x67\x51\x15\x15\xbf\x7f\
\x10\xab\xd5\x4a\xce\x0b\x39\x23\xae\xfc\x73\x40\xba\xe3\xce\x49\
\x52\x30\x01\x34\xb2\x6c\x1b\x6b\x93\x65\xaa\xab\xbf\x46\x20\x08\
\x28\x0a\x8a\xaa\x92\x99\x39\x33\x2f\x6f\xcd\xca\xfb\x2e\x41\x68\
\x8a\x8a\x3f\x9a\xb1\x6b\x77\xc9\x3e\x77\xbb\x3b\x23\x98\x00\x21\
\xc9\xc9\xc9\x13\xe2\xe2\xe2\x70\xb9\x5c\xb8\xdd\xed\xf4\x7a\x3c\
\xa8\xaa\x8a\xc3\xe1\x88\x8d\x8a\x8c\xde\xb3\x64\xe9\xe2\xd2\xca\
\xca\x83\x87\x47\x0c\x1f\x51\xd1\xd2\xf2\xd3\x94\xa6\xa6\xd3\xc3\
\x74\xc1\x8a\x1e\x9f\x70\x4b\xac\xdd\x6e\x4f\x35\x99\x86\x11\x11\
\x19\xc5\xab\xcb\x57\x10\x16\x16\xc6\x86\xfc\xb7\x2e\xcd\x06\x07\
\x6d\x6d\x6d\x0f\x98\x4c\x66\x42\x42\x0d\x94\x96\xec\x6a\x02\x1a\
\x83\x95\x01\x29\x2b\x2b\x6b\xa6\x2c\xcb\x21\xdb\x0b\xdf\xa7\xa5\
\xd5\x45\x66\xe6\x4c\x4e\x36\x35\xe1\x74\x3a\x01\x90\x65\x19\x9d\
\x56\x87\x24\x49\x94\x97\x95\xfb\x6b\x6a\x6a\xfe\x03\xb4\x05\x05\
\x40\xb6\x25\x86\x4f\x9f\x3e\xfd\xf9\x48\x4b\x24\xf7\xcd\x99\xc3\
\xd1\xda\x5a\x62\x63\xa2\xb1\x25\x26\x52\xf4\xf1\x27\x08\x55\xa0\
\xd5\x6a\x19\x66\x32\x51\x54\x5c\xac\xe4\xe6\xae\x2c\x05\xfe\x07\
\xf8\xb5\x37\x3f\x76\xed\xc6\xfc\xb7\xf3\x8b\xed\xb2\x7d\x6a\x48\
\xa8\x81\x94\xe4\x24\x6a\x8e\x7c\x43\x5b\xbb\x1b\x0d\x82\xc7\x1e\
\x79\x18\xb3\xc5\xcc\x91\x9a\x1a\xa5\xbe\xbe\xbe\xbb\x60\x63\xc1\
\x87\xaa\xaa\xe6\x01\xe7\xb8\x8a\x35\xae\x4b\xe9\x63\xd2\xc2\x97\
\x2f\x5b\xbe\xd3\xdd\xd1\x31\xbb\xa4\xa4\x04\x45\x51\xd9\x5b\x5e\
\x8e\xbb\xc3\x8d\xcb\x75\x56\xdd\xb2\x79\x8b\xa7\xa1\xa1\xd1\x35\
\x30\x30\x70\xf2\xf4\xe9\xd3\x87\x81\x5a\xe0\x7b\xa0\xfb\xf2\x37\
\x6e\xb8\x09\xef\xba\x6b\x9a\xe5\xe9\x05\x4f\x97\xd6\x3a\x9d\x33\
\x0e\x55\x1e\x22\x22\x2a\x82\x98\xe8\x18\x02\x01\xbf\x5a\x50\x50\
\x50\xb7\x75\xcb\xd6\xcf\x84\x10\xd5\xc0\x29\xe0\x02\xe0\x05\x82\
\xb3\x84\x66\xdf\x3b\x2b\xe6\x83\xff\xbe\x5f\x9d\xfd\x44\xb6\x18\
\x7e\xdb\x70\x91\x31\x21\x43\xcc\x99\x3b\x57\x38\xeb\x9c\x6a\x76\
\xf6\xbc\x12\xe0\x36\x40\x7f\xb3\x19\xbe\xaa\x1e\xc8\xba\x3f\x7e\
\x7b\xe1\xd6\x63\x73\xef\x9f\x2b\xe2\xfe\x12\x27\x92\x53\x92\xc5\
\xd8\x71\x63\x45\xf9\xde\x72\x91\xf3\x7c\xce\xe7\x97\x66\xbe\x34\
\x24\x9b\xe6\x91\x47\x1f\x4a\xda\xf8\xce\x86\xc6\x19\xf7\xcc\x10\
\x71\xd6\x38\x61\xbd\xc5\x2a\x12\x12\x13\xc4\x86\x8d\x6f\x8b\x97\
\x5f\x7e\xa9\x0a\x18\x75\xbd\xc1\xff\xb4\x0b\xb2\x1f\x7f\xec\xf6\
\xb4\xb4\xf4\x8a\x7d\x5f\xec\x77\x34\x37\x37\x83\x00\x45\x51\x78\
\xf0\xa1\x07\x09\xd1\xe9\x4f\xac\x5e\xbd\x66\x11\x50\x77\xe5\xb2\
\xb9\x96\xfe\x54\x13\x3e\xf1\x64\xf6\xf8\x94\x94\x94\x4f\x2b\x2b\
\xbf\x8a\xf5\xfc\xe2\xc1\x6c\x36\xe3\xf5\x7a\x49\x1f\x93\x8e\xdd\
\x96\x78\x6e\xe9\x92\x57\x5e\x01\xbe\x05\xd4\xeb\xcd\xea\xb5\x00\
\xa4\xbf\x2f\x5d\x3c\xd5\x62\x31\xef\x39\x56\xf7\x7d\x84\x10\x02\
\x93\xd9\x84\xd6\xab\xc5\x71\xab\x83\xf1\x19\xe3\x2e\xae\x5a\xf1\
\x7a\xae\x10\xa2\x02\x08\xdc\x48\x59\xff\xa8\x04\xd2\xc6\x82\x0d\
\xb3\x6d\xb2\xbc\xbb\xce\xf9\x9d\x59\xaf\xd7\xa3\xd3\xe9\x40\x02\
\x8b\xc5\xc2\xa4\x49\x13\xfa\xf3\xdf\xca\x5f\xd7\xd9\xd9\xb9\x03\
\xe8\xbf\xd1\xbe\xfa\x3d\x00\x69\xfb\xbb\xdb\x1e\x76\x38\xec\x45\
\x5f\x57\x55\x1b\x8d\xa1\x46\x74\x3a\x1d\x92\x46\x42\xa7\xd7\x33\
\x26\x7d\x54\xa0\xf0\xbd\x1d\xdb\x7e\x6a\x39\xf3\x2f\xc0\x73\x33\
\x8d\x7d\xb5\x12\x68\xd6\xae\xcd\x7b\x2a\x3a\x3a\x6a\xcb\x97\x07\
\x0f\xe9\x2c\x11\x11\x20\xa0\xcf\xdb\x87\x2a\x54\x92\x53\x1c\x62\
\xe7\xce\xd2\x5d\x8d\x27\x4f\xbd\x09\x74\xdd\xf4\x25\xe2\xca\xf3\
\xb3\x39\x0b\x5e\x34\x18\x43\xb7\x1d\x38\xf0\xa5\x4e\xaf\xd7\x63\
\x30\x18\xd0\xea\x74\x68\x24\x0d\xf1\x09\x56\xf6\xef\xab\x38\xe8\
\xac\xad\x5b\x05\x9c\x0f\x86\xb5\x7f\x5d\x02\xcd\x73\x39\xcf\x2c\
\x8b\x89\x8a\xfe\xe7\x8f\x27\x1a\xa4\x50\x43\x28\x92\x46\x42\x51\
\x14\x7c\xbe\x01\x12\xe4\x78\xaa\xbe\xaa\x3a\xb6\x7f\x5f\xc5\x62\
\xe0\xf8\xf5\xda\xed\x5a\x19\xd0\xbc\xb0\x68\xe1\x4a\xab\xd5\xba\
\xa6\xa9\xa9\x05\xa1\x0a\xfa\xbc\x7d\xf4\xf4\xf4\xd0\xd5\xd5\x45\
\x5a\x5a\x2a\x9d\x9d\x17\xce\x94\x97\x7d\xba\x0c\x38\x7a\x23\x76\
\xfb\x23\x00\x4d\xee\xeb\xaf\xbd\x64\xb5\x5a\xff\x71\xfc\x78\x7d\
\x47\x78\xb8\xf1\xe2\xe4\x69\x93\x09\x04\x02\x74\x77\x77\x33\x65\
\xca\x9d\x84\x87\x87\x77\xae\x7f\xe3\xcd\x15\xc0\x81\xa0\x2d\x94\
\xcb\x4d\x38\x75\xda\x14\x39\x32\x22\x32\x6f\xeb\xe6\xed\xbb\x1b\
\x1a\x1a\x37\x01\xd1\x02\xb1\xce\x68\x0c\x1d\x9e\x9a\x3a\x9a\xc4\
\x44\xd9\x9b\x3d\xef\xf1\xf5\x3e\x9f\x6f\x17\x30\x18\xf4\x97\x8c\
\xc9\x34\x6c\x94\x40\xe8\x1b\x1a\x1a\xdf\x05\xaa\x80\xcf\x3c\xbf\
\x78\xca\x6e\x4d\x72\x60\xb3\xc9\xbe\x85\x0b\x73\x36\xb5\xb6\xb6\
\x16\x5e\x5a\xa7\xc1\x7f\x4a\x1d\xae\xae\xb9\x10\xf0\x07\xfc\xeb\
\xd6\xaf\xbd\x1b\xd0\x4c\x9e\x3a\xd9\x90\x96\x9e\x3a\x11\xf0\xaf\
\x5a\xb9\xea\xbd\x1f\xea\x7f\xc8\x07\x2e\x0e\xd5\x53\x4a\x02\xa2\
\x67\xdf\x3b\x6b\x47\xe6\xac\x99\x73\x94\x80\x72\x54\x51\x95\x98\
\xde\xbe\xde\xf8\x0f\x76\x7c\xf8\x51\x73\x73\x4b\xee\xe5\xab\xd3\
\x50\x02\x48\xc0\xe8\x91\x23\x47\xbc\x9a\x94\x92\x34\xce\xdb\xd7\
\xd7\xf3\xed\x37\xb5\x7b\x3c\x1e\x4f\x21\xd0\x16\x2c\xbb\xfd\x9e\
\xfe\x0f\x98\xe3\x5c\x32\x97\x54\xbe\x67\x00\x00\x00\x00\x49\x45\
\x4e\x44\xae\x42\x60\x82\
\x00\x00\x06\x01\
\x89\
\x50\x4e\x47\x0d\x0a\x1a\x0a\x00\x00\x00\x0d\x49\x48\x44\x52\x00\
\x00\x00\x20\x00\x00\x00\x20\x08\x06\x00\x00\x00\x73\x7a\x7a\xf4\
\x00\x00\x00\x04\x73\x42\x49\x54\x08\x08\x08\x08\x7c\x08\x64\x88\
\x00\x00\x00\x09\x70\x48\x59\x73\x00\x00\x03\x76\x00\x00\x03\x76\
\x01\x7d\xd5\x82\xcc\x00\x00\x00\x19\x74\x45\x58\x74\x53\x6f\x66\
\x74\x77\x61\x72\x65\x00\x77\x77\x77\x2e\x69\x6e\x6b\x73\x63\x61\
\x70\x65\x2e\x6f\x72\x67\x9b\xee\x3c\x1a\x00\x00\x05\x7e\x49\x44\
\x41\x54\x78\xda\xb5\x97\x5b\x68\x14\x67\x14\xc7\xeb\xa5\x55\x5a\
\xf2\x54\x6f\xd1\x4a\x1f\xac\x26\x12\x41\xab\xa8\x35\x95\xf6\x41\
\x28\x88\xf8\xe2\x0d\x45\xf0\x4d\x7c\xf0\xf2\x20\x82\x44\xd0\x17\
\xc1\xcb\xa3\xe0\x2d\x0a\x5e\x40\x11\xd1\x37\x8d\x48\x15\x4c\x63\
\x9b\xf8\x60\xbd\x34\x75\xb7\xbb\x9b\x64\xdd\x9d\xc9\x5e\x66\x77\
\xb3\xb3\xb7\x5c\x76\x63\xfe\x3d\xe7\x30\xa7\x4c\xd9\x2c\xb3\x48\
\x1b\xf8\x33\xb3\x3b\xdf\xce\xef\x7f\xfe\xe7\xfb\xbe\x99\x7c\x02\
\xe0\x1f\xd1\xdf\x14\xd2\x34\xd2\xf4\xff\x49\xd3\x98\xe1\x66\xba\
\xe1\x53\x49\x5f\x92\xbe\x21\x35\x39\x6a\xfe\x0f\xd5\xc4\xf7\x66\
\x06\xb3\x26\x33\x30\x83\xf4\x9d\x9d\xcb\x21\x95\x4a\x21\x95\x4e\
\x23\x9d\xc9\x20\x33\x34\x84\x21\x56\x36\x8b\xac\x6d\x83\xae\x8b\
\x06\x07\x07\x91\xa1\xeb\xb9\x7c\x5e\x94\x2f\x14\x44\x16\xfd\x36\
\x47\xd7\x0b\xc5\x62\x95\x86\x47\x46\xc0\x0c\x66\xd5\x32\xf0\x43\
\x2a\x95\xc6\x60\x2c\x8e\x58\x3c\x81\x78\x22\x89\x44\xd2\x42\xdc\
\x30\xe1\x7f\xf8\x10\x7f\xde\xba\x85\x3f\xda\xdb\x31\xf0\xe4\x09\
\x0c\xd3\x84\x49\x62\x83\x59\xc7\x1c\x2b\x1e\x8f\x43\x8d\xaa\x72\
\x8e\x8a\x64\x82\x19\xb5\x0c\xcc\x24\xfd\x98\x4a\x67\x08\x9c\x20\
\x70\x12\x49\xcb\x92\x8a\x5e\x9c\x3a\x05\x2b\x16\x83\x26\xf2\xea\
\xf8\x71\x24\x08\x4e\x26\x78\xac\x1b\x24\x9f\x25\x91\x49\x54\x2a\
\x95\xc0\x0c\x66\xd5\x34\x40\x00\x37\x5c\x5a\xf1\x74\xd7\x2e\x58\
\x14\xb9\xb6\x22\xda\xd9\x89\xd0\xd5\xab\x3c\x8e\x5b\xc1\x47\x86\
\x73\x0b\xe4\xbc\x40\x47\x51\x75\x0b\xbc\x0d\x10\x84\xe1\x02\xd6\
\x79\xf0\xa2\xad\x0d\x2f\x0e\x1d\xd2\xa8\xe5\xf8\xd7\x99\x33\x52\
\xa9\x45\x63\x63\x14\x7b\x92\xc0\xfa\x99\xa3\x2e\x96\x4a\xa2\x92\
\x4b\x23\xf5\x18\xa0\x0a\x15\x2c\x92\x44\x42\x21\x3c\x6a\x6e\x46\
\xef\xe9\xd3\x5c\xa9\x80\x42\x67\xcf\x42\xab\x4c\xd3\x78\xaa\x9c\
\xe1\x32\x81\x4b\xc3\xc3\x18\x9e\x44\xa3\xa3\xa3\xde\x06\xb8\x97\
\x02\x66\xb9\x66\x7f\xf4\xd9\x33\xfc\x3c\x77\x2e\x7a\x0f\x1f\x46\
\x8e\xbe\x0f\x1e\x3d\xca\x95\x6a\x75\x92\x8a\xe5\xb4\x8d\x53\xd4\
\x8a\x45\x04\x66\x8d\x8d\x8d\x79\x1b\xa0\x0a\x05\x3e\xe4\x9a\xdd\
\xb6\x53\xf5\xfb\xdb\xb7\xd1\xd5\xd8\x88\x37\x1b\x37\xc2\xb7\x73\
\x27\x8a\x74\x5d\xaa\x73\x40\xf4\x1b\x4e\x40\x25\x13\x6f\xd4\x01\
\xb3\xca\xe5\x72\x7d\x06\xb4\x72\x37\x3c\xef\xc4\x9d\xa4\x24\x7e\
\x5f\xbc\x18\xaf\x66\xcf\x46\xe2\xe6\x4d\x06\x33\x84\xc5\x06\x18\
\xca\x47\x2e\x82\xa5\x69\x08\xbc\x52\xa9\x78\x1b\x20\x58\x4d\xb8\
\x4e\x2a\xdb\xe7\x83\x7f\xe5\x4a\xf8\xe6\xcc\x81\xb1\x6d\x1b\x4a\
\x7e\xbf\x26\xc0\x20\x96\xb6\x45\x8d\xf0\x79\x7d\x73\x80\x60\xb5\
\xe0\x3a\xb9\x04\x16\xd9\xbd\x1b\xb1\xfd\xfb\x11\x9e\x3f\x1f\xe6\
\xc2\x85\xc8\x9c\x38\x81\x5c\x3c\xae\x95\xb2\xf8\x9c\xe7\x09\xc3\
\xb5\xa5\xde\x06\x08\xe6\x05\x97\x4a\x8c\xcd\x9b\x51\xa6\xbe\x0e\
\xbf\x7e\x8d\xf4\xa6\x4d\x88\xcd\x9b\x87\xf8\xf2\xe5\xc8\xdf\xbd\
\x8b\x0a\x5d\x67\x03\xe3\xe3\xe3\x2c\x3e\x17\x23\xb6\x6d\x7b\x1b\
\xe0\x81\xb2\xa9\x90\x01\x5e\x66\x3a\xd3\x15\xae\x93\x2a\xb6\x75\
\x2b\x34\xee\x31\xfa\xce\xba\x72\x05\x83\x4b\x97\x22\x4a\x2b\xc5\
\x5c\xbb\x16\xf6\xf5\xeb\xa8\x94\x4a\x6a\x42\x8d\xd4\x65\xc0\x13\
\x5e\xa6\x73\x6b\xcf\x1e\x68\xd4\xfa\x9b\x0a\x19\xcf\x5e\xbc\x88\
\xe8\x8a\x15\xe8\xa7\xf9\x11\x5e\xb6\x0c\x99\x73\xe7\x50\xa1\xca\
\x3f\x7c\xf8\x80\xd1\x48\xa4\x0e\x03\x04\x94\xe8\x6b\xc0\xb9\xe2\
\x11\xc3\x40\xb6\xad\x4d\x0d\x70\x62\x3c\x86\x21\xa2\x71\x1a\x9b\
\xbb\x73\x07\xef\xd7\xaf\x47\x80\x56\x4b\x60\xd1\x22\x84\x56\xad\
\x42\x60\xf5\x6a\x6f\x03\x04\x95\xea\xa5\xef\xd5\x70\xd1\xf0\xf3\
\xe7\xc8\x5f\xbe\xcc\xb1\xca\x35\xdb\xa9\x50\x55\x8e\x46\x91\xa6\
\x07\x58\x1f\x25\x10\xa4\xb6\x18\x07\x0e\x20\xb0\x6e\x1d\x7a\x67\
\xcd\xf2\x36\x40\xd0\x49\xa3\x57\xb8\x54\x7c\xfe\x3c\x4a\x8f\x1e\
\xb1\x01\x8e\x5e\xc6\x8c\x93\xc1\x42\x47\x07\x06\xe9\xc1\x15\xa4\
\x79\xd0\x47\x6d\x48\x5c\xba\x04\x3b\x99\x64\x83\x32\xae\x18\x0e\
\x7b\x1b\x20\x68\xcd\xea\xd5\x40\x7a\xef\x5e\x8c\xbe\x7b\x27\x9f\
\x6d\x5a\x5e\x36\xc5\x1d\xa5\x78\x43\xdc\xf7\xd6\x56\x24\x6e\xdc\
\xc0\x90\xb3\x25\x6b\x7b\xea\xde\x88\x68\x5b\x75\x57\x5f\x05\x67\
\xc5\xd6\xac\x41\x85\x37\xac\xfb\xf7\x11\xa1\x68\x65\xc2\xd1\xd1\
\xba\x77\x0f\x59\x82\x2a\x58\x93\xa4\x23\x8b\xef\xe7\xfd\x42\x32\
\xe2\x18\xa8\x55\x7d\x99\x2a\x8b\xd2\xc6\x63\x6e\xd8\x80\x01\x02\
\x0f\x2c\x59\x82\xc4\x85\x0b\xb0\x33\x19\x8e\x5a\xe6\x8f\xce\x23\
\x32\xa1\x9b\x90\x9a\x9a\x20\x46\xab\x97\x81\x5a\xbd\x97\x0d\x26\
\x7d\xe4\x08\xc2\xd4\xe3\xf0\x82\x05\x88\xd1\x13\xd1\x36\x0c\xae\
\x4e\xcd\x32\x5c\x8c\xc8\x7b\x42\x2c\x26\xaf\x6d\xd1\xa8\x81\x48\
\x24\x8a\x07\x0f\x1e\xfc\x4a\x8c\xaf\x49\x53\x3d\x0c\x54\xc7\x3f\
\xc6\xcf\xfc\xed\xdb\x05\x6e\xee\xd8\x81\xcc\x9b\x37\x3c\x4e\x37\
\x19\x19\xa3\xf0\xfe\xfe\x7e\x74\x77\x77\xa3\xa7\xa7\x07\x6f\xdf\
\xbe\x85\xcf\xe7\x63\x78\x80\xee\xdf\x42\xfa\x8c\x79\x5e\x06\xfe\
\xbd\xee\x83\x41\x98\xd4\xe3\x48\x4b\x0b\xde\x37\x35\xc1\x4e\x24\
\x64\xcc\xc4\xc4\x04\x8b\xd3\x11\xc3\x79\xe7\x8d\xa8\xab\xab\x8b\
\xbf\x97\x64\x82\xc1\x20\xc3\x0d\xba\xf7\xb7\x3a\xf9\x3c\x0d\xb8\
\xfb\x5f\xa4\x0a\x22\xd4\x67\x93\x76\xbe\xd4\xb5\x6b\x48\x9e\x3c\
\xc9\x20\x85\xf3\xba\x77\x3f\x74\x24\xf2\xce\xce\x5f\x24\x8d\x50\
\x28\x84\xc7\x8f\x1f\xa7\x1a\x1a\x1a\xd6\xd3\xbd\xbf\x60\x8e\xb7\
\x01\x02\xab\x01\x96\x49\xb1\x5b\xed\xed\x62\xc6\xdc\xb2\x05\xf6\
\xc0\x00\x57\xac\x06\x74\x33\x62\x53\xf2\xd8\x0d\xd3\x5a\x7f\xf9\
\xf2\x25\xfa\xfa\xfa\x04\xde\xd8\xd8\xf8\x13\xdd\xb7\xa1\x1a\xee\
\x6d\x40\x66\x71\xe2\xd8\x31\x01\x16\x28\x56\xf3\xe0\x41\xfe\x9e\
\xab\xae\x8a\x9f\xc6\xca\xbb\x61\x20\x10\x80\xdf\xef\x47\x47\x47\
\x87\x41\x95\xb7\x32\x9c\x34\xc5\xd3\x80\xfe\x63\xe2\x36\x20\x0f\
\x99\xa7\x4f\x45\xc6\xbe\x7d\x28\x58\x96\xc0\xd5\x00\x00\xb7\x01\
\x7e\x0d\x63\x03\x0c\xe7\x09\xb7\x9c\xf4\x79\x15\xd4\xc3\x40\x2b\
\xf5\x53\xe2\xd6\x23\x49\xf7\x05\x06\xab\xdc\x2d\xe0\x31\x6c\x96\
\xd7\xfa\x04\xc1\x7f\x73\xfe\x0f\xd4\xb5\x5e\xb7\x81\xe9\xce\x1a\
\xfd\x9e\x5b\xf1\x91\x5a\x47\xfa\x8a\xf4\x69\x15\xcc\xcb\x80\x9a\
\x70\x92\x98\xf9\x91\x9a\xa1\x9b\x4c\xbd\xfa\x1b\xcb\xfe\x38\x7e\
\xf7\x6e\x90\x7c\x00\x00\x00\x00\x49\x45\x4e\x44\xae\x42\x60\x82\
\
\x00\x00\x06\x1a\
\x89\
\x50\x4e\x47\x0d\x0a\x1a\x0a\x00\x00\x00\x0d\x49\x48\x44\x52\x00\
\x00\x00\x20\x00\x00\x00\x20\x08\x06\x00\x00\x00\x73\x7a\x7a\xf4\
\x00\x00\x00\x04\x73\x42\x49\x54\x08\x08\x08\x08\x7c\x08\x64\x88\
\x00\x00\x00\x09\x70\x48\x59\x73\x00\x00\x03\x76\x00\x00\x03\x76\
\x01\x7d\xd5\x82\xcc\x00\x00\x00\x19\x74\x45\x58\x74\x53\x6f\x66\
\x74\x77\x61\x72\x65\x00\x77\x77\x77\x2e\x69\x6e\x6b\x73\x63\x61\
\x70\x65\x2e\x6f\x72\x67\x9b\xee\x3c\x1a\x00\x00\x05\x97\x49\x44\
\x41\x54\x78\xda\xed\x97\x5b\x6c\x1c\x57\x19\xc7\x7f\x67\xe6\xcc\
\xcc\x5e\xed\x5d\x6f\xe2\xcb\x3a\x8e\x9d\xd8\x25\x71\x8c\xdd\x50\
\x47\x81\x26\xdc\x2a\x88\x52\x21\x0a\x4d\x14\xf1\xc0\x03\x0f\xa1\
\xf2\x53\x85\x50\x04\x7d\xec\x0b\x2f\x80\x50\x1f\x1d\x21\x54\x21\
\x78\x40\x42\x88\x06\x24\x78\xc8\x43\x70\x2a\xa0\x91\x13\x1c\xdb\
\x4d\xdc\x14\x1b\x3b\xce\xad\xbe\xc5\x4e\x76\xd7\xbb\xde\x9d\x2b\
\xb3\xa3\xb1\x52\x5f\x36\x16\xa8\xd0\x97\xfe\x46\x7f\xcd\xd1\x6a\
\x66\xfe\xdf\x7e\xdf\x77\xce\x9c\x11\x9e\xe7\xf1\x71\xa2\x00\x9f\
\x04\xf0\xb1\x22\x01\x84\x4f\x18\x8c\xe0\xff\x83\x07\xb8\x9e\xcf\
\xba\x71\x3a\x94\x0a\x01\xe2\x7f\x6c\xee\x00\x8f\xaa\x92\x80\x06\
\x3c\x93\xcb\xe5\xaf\x58\xb6\x85\x10\x82\xe0\x50\x44\x38\x06\xfc\
\x73\x98\x29\x02\x11\x12\x8c\x37\x9f\x77\x46\x55\x55\x74\x5d\x7f\
\x1e\x18\x95\x10\xa0\x57\xcd\x3f\xf3\xea\xfb\x7c\x76\xe2\xb7\x74\
\x15\xa6\x28\xdb\x37\x91\x66\x8e\x87\xa9\x36\x66\xe4\x51\x5a\xee\
\x5b\xe8\x65\x93\x78\x5d\x0a\xb3\xb3\x99\xfb\xc6\xdf\x38\x2c\xc6\
\x48\x24\x1a\xc9\xdf\xf6\xc8\xc6\x13\x64\xed\xcf\xf1\xb3\x74\x0f\
\x0b\x8d\xcf\xf2\x34\xa6\x7e\xd9\x1f\x78\xae\xf7\x80\x58\x6f\x83\
\xfa\xdc\x0c\x59\xb3\x80\x6d\xdf\xc0\x8d\x68\xe4\xdb\xda\xc9\xd8\
\x33\x30\x72\x00\xc5\x71\x00\x48\x79\x2e\x7b\x1e\xba\x1c\x49\x76\
\x72\xb7\x7f\x91\x96\xfc\x7d\x9a\x9e\xcf\xd2\xb2\x60\x91\xcd\x64\
\x48\xe4\x12\x2c\xa9\xca\xd3\x3b\x5f\x51\x58\xf7\x55\x08\x11\xc0\
\xd1\xf9\x61\x2c\xe3\x16\x76\x4c\xc7\xd8\x55\x20\xe5\xcc\xb2\x92\
\x38\x80\xab\xa9\xac\x63\xe8\x06\xd2\x53\x98\xce\x3e\xa6\x3d\xfb\
\x00\xab\x77\x1f\xbd\x3d\xa0\x7e\xb5\x8f\x72\x67\x92\xc3\xf9\x31\
\xdf\x40\x3c\x4d\x35\xa6\xa1\x10\x08\x7d\x19\xbd\x21\x4f\xa9\xb9\
\x99\x8a\xac\xa7\x90\xa9\x27\x19\x9d\x41\x95\xe6\x93\x00\x0c\x83\
\x8a\xaa\xf3\x96\xf9\x3e\x6f\xcd\x7d\x8d\x83\xfb\x73\xa8\xbd\x7d\
\x1c\x3e\xde\xc5\xf8\x8d\x4b\x7c\xa3\x33\xca\x31\x7d\x0e\x45\x55\
\x6a\x4a\x08\xb1\x25\x80\xe0\x47\x2f\xb6\x8a\x5b\x5f\x66\x25\x12\
\xc3\x49\xdb\x18\x6a\x81\x71\xa7\x9b\xa2\x4c\x02\xa0\x69\x1a\x86\
\xa6\x53\xf4\x15\x57\xe2\xdc\x5e\x9e\xe0\x57\x77\x5e\xe0\x70\x77\
\x86\x85\xa2\x4a\x77\xdf\x7d\xe2\x4d\x39\x92\x9a\x81\x50\x94\x9a\
\x02\xb6\x0f\xa0\x12\xad\x67\x5a\xb6\x72\x6b\x4d\xa2\x2b\x45\x86\
\xcc\x43\x4c\x15\x16\x71\x34\xc1\x7a\xfa\x55\x4f\xa1\x75\xd5\xe2\
\xb5\xa9\x6f\xd3\x90\xda\x8d\x99\x4d\x30\xfa\xb8\x8f\x3f\xbd\xf3\
\x36\x2b\x4d\x07\xa9\x64\x92\x7c\xa0\xa4\xff\x8b\x0c\x00\x77\x76\
\x9f\x64\xd9\xab\xa3\x65\xb9\x93\xf1\xbb\x5f\xe7\xe1\xda\x12\x69\
\xb7\x99\x58\xbe\x04\x40\xc4\x08\x02\x40\xfa\xda\x55\xf2\x78\x65\
\xe1\x3b\x74\x74\x74\xf0\x9b\x9f\xce\x31\x9b\x7e\x96\x78\x63\x2b\
\xa5\xdd\x7d\x4c\xba\x11\xdf\x48\xd4\xd2\x86\x00\x24\x1f\x62\x25\
\xde\x87\xe6\x4c\xd1\x3e\x7f\x0f\xad\x62\x51\xe8\xde\xcf\xa7\xff\
\x11\x45\x78\x76\x98\x01\x3d\x30\x57\x7d\x69\x86\xce\xb1\x95\x04\
\xe9\xef\x7b\xb8\xa2\x83\xe1\x33\xf7\x68\x69\x6b\xe1\xf5\xdf\xed\
\x09\xbb\xbc\x36\xb5\x9b\x50\x55\xb0\x53\xdf\xa4\xdc\xb0\x0b\x63\
\x75\x95\xde\x6b\x55\x73\x78\xd4\x10\xe5\x5e\xb3\xc7\x07\x4d\x36\
\x65\xd5\x0d\x02\x30\xea\x22\x2c\x2e\x2e\x72\x64\x32\x4a\x6c\x5f\
\x1d\x47\xdb\x0f\xf0\xc6\x50\x96\xe9\x42\x22\x78\x4e\x6d\xd5\xea\
\x81\x70\x7e\x2a\x6a\x04\x0e\x75\xe1\x26\xa2\x00\x94\xa3\x06\xba\
\x35\xc9\x4d\x2f\xc6\x9b\xa9\x06\xce\xeb\x23\x14\x0d\xa8\x54\xd6\
\xc8\x3c\x8c\x62\xb4\x25\x88\x9d\x36\xc8\x4e\x59\x8c\xde\x49\x55\
\x9f\xb1\x83\x6a\xf4\x00\xe2\x49\x8d\xee\xee\x3f\x4e\xee\x8b\x05\
\x34\xe1\xd0\x2b\xae\x91\x16\x2e\x2f\xe5\x46\x78\x75\x6c\x1a\xb5\
\x3c\xcd\xc5\x96\xbf\x10\x59\x51\x51\x9a\xe2\xd8\xaf\xd8\x74\xb0\
\xc0\xcf\x47\x12\xe1\xfd\x3b\xaa\xe6\x2c\x78\x12\xa1\x94\x3c\x38\
\xf8\x3d\x8a\x5d\x0d\xb4\x65\x76\x53\x7c\x66\x91\x03\xa9\x2c\xcf\
\xc9\x39\xd6\xec\xea\x72\xac\x52\x6a\x8b\x52\xfa\x45\xd9\x6f\xdc\
\x71\xde\xb8\x16\xe3\x3d\xab\x39\xbc\x7f\x67\x85\xbb\x30\xaf\x2a\
\xc9\x13\x36\xd4\xc7\x56\xf7\x31\xf1\xf2\x6b\x2c\x2d\xbd\xce\xc4\
\x58\x8e\xf4\x57\x26\x71\x4b\x2e\xcd\x73\x1d\xa4\xf6\xf7\x30\x31\
\xe0\x61\x4d\xae\xf2\xfb\x7f\x9d\xc1\x8e\x2a\x08\xb6\xe2\xb9\x76\
\x20\x02\x43\x40\x54\x4b\xac\xe1\x38\x8e\x07\xd8\x00\x72\x43\x0f\
\x6c\x6a\x10\xd4\x08\xcb\xad\x3f\xc1\xba\xf5\x63\x7e\x7d\xf5\x36\
\x9a\x11\x63\xef\xd1\x6f\x71\xb5\xf1\xf3\x98\xd7\x3d\x6c\xc7\x03\
\x09\xca\x76\xe6\x8e\xe9\x9b\x57\xc0\xb1\x7d\x7f\x07\x81\x08\xdf\
\xaa\x0e\x97\x2f\x5f\xbe\x74\xf2\xe4\xc9\xe2\xc5\x8b\x17\x2d\xb9\
\xf1\x25\x21\xb6\x3e\xc8\x2e\x93\xed\xf9\x12\x8b\x37\xd7\xd8\xdb\
\x77\x02\xbd\xfd\x0b\xe8\x52\x50\xb6\x9c\xf0\xfa\x5a\xff\xdc\x04\
\xa7\x82\x6b\x16\xf1\x1c\x2b\xd0\xa1\xb6\x38\x2f\x3d\x97\x34\x67\
\x67\x67\xaf\xfa\xe6\xb7\xfc\x52\xb8\x1b\x03\xd8\xe6\x2d\x26\xdf\
\x3d\x4f\xbf\xbc\x46\xd7\xb1\x34\x7f\x7e\xbc\x84\x23\x04\x85\x8a\
\x17\x5c\x5b\x0b\xd7\x75\x11\xb8\x78\xf6\x1a\x47\x1a\x57\x38\xfd\
\xe5\x4f\xd1\xd9\x9a\x41\x75\x4b\xbc\x73\x65\xf8\x0f\x03\x03\x03\
\x3f\xf2\xcd\xcd\xcd\x7b\xc2\x6d\x1b\xa6\xc5\x1c\xc1\x33\xf3\xa4\
\x23\x36\xd1\x64\x1d\xb6\x2b\xd8\x79\x9a\x11\xc8\x2f\x41\x60\xfe\
\xc2\x91\x2e\xa4\xb7\xc6\xd8\xf8\xf8\x5f\x7f\xf8\x83\x73\xdf\xf5\
\xcd\xcb\x84\xc8\x4d\x0b\xd1\x96\x54\x3e\xc8\x4b\x96\x57\x1f\x31\
\xb5\x12\xc3\x3e\x71\x3c\xb8\x66\x27\x14\xa9\xe2\xb9\xe0\x39\x15\
\xba\xda\x76\x31\x37\x37\xc7\xc4\xc4\x7b\x37\xce\x0f\x0e\x9e\xf6\
\x17\xaf\x55\x3e\xc4\xa6\x12\x88\x4d\x4d\xa8\xe1\xbe\xf8\x26\xa5\
\x99\x4b\xc8\xce\x13\x08\x19\x45\x81\x9d\xf1\xa4\x6f\x2e\xe9\xd9\
\x1b\x47\xba\x6b\x8c\x8e\x8e\xbe\x3d\x38\x38\x78\x66\x68\x68\x68\
\x79\xbb\x5d\xb1\x17\x6a\xdb\x35\x5c\x31\x92\xc8\xee\x97\xf9\x4f\
\x50\x34\x03\x5c\x8b\x33\xfd\xf1\xe2\xf0\xf0\xf0\x1f\xcf\x9d\x3b\
\x37\x30\x3f\x3f\x5f\x64\x1b\x04\x60\x00\xfd\xe5\x72\xf9\xef\x41\
\xf3\x84\x05\x54\x7c\x89\x50\xc0\x96\x73\x38\x0e\xe4\x38\x4e\x20\
\xcb\xb2\xb0\x6d\x9b\x4a\xa5\xe2\x5d\xbf\x7e\x7d\xc8\x4f\xfd\x95\
\xb3\x67\xcf\x56\x1b\xae\x42\x0d\x44\x98\x85\x56\x60\x4f\x30\xfe\
\x68\x30\x4f\x9d\x3a\x55\xb8\x70\xe1\xc2\x3f\x7d\x73\x8b\xa7\x10\
\x7c\x9c\x0a\x21\x24\xa0\x02\xe2\x23\xdc\xfb\x5b\xd5\x79\xce\x0e\
\x7c\xf2\x75\xfc\x6f\xe2\x08\x3b\x88\xac\xc0\xec\x04\x00\x00\x00\
\x00\x49\x45\x4e\x44\xae\x42\x60\x82\
\x00\x00\x05\x0b\
\x89\
\x50\x4e\x47\x0d\x0a\x1a\x0a\x00\x00\x00\x0d\x49\x48\x44\x52\x00\
\x00\x00\x20\x00\x00\x00\x20\x08\x03\x00\x00\x00\x44\xa4\x8a\xc6\
\x00\x00\x00\x03\x73\x42\x49\x54\x08\x08\x08\xdb\xe1\x4f\xe0\x00\
\x00\x00\x09\x70\x48\x59\x73\x00\x00\x03\x76\x00\x00\x03\x76\x01\
\x7d\xd5\x82\xcc\x00\x00\x00\x19\x74\x45\x58\x74\x53\x6f\x66\x74\
\x77\x61\x72\x65\x00\x77\x77\x77\x2e\x69\x6e\x6b\x73\x63\x61\x70\
\x65\x2e\x6f\x72\x67\x9b\xee\x3c\x1a\x00\x00\x02\x0d\x50\x4c\x54\
\x45\x00\x00\x00\xff\xff\xff\x00\x00\x00\x00\x00\x00\x7f\x7f\x7f\
\x00\x00\x00\x80\x80\x80\x00\x00\x00\x00\x00\x00\x82\x82\x82\x00\
\x00\x00\x00\x00\x00\x00\x00\x00\x00\x00\x00\x00\x00\x00\x00\x00\
\x00\x00\x00\x00\x00\x00\x00\x00\x00\x00\x00\x00\x00\x00\x00\x00\
\x00\x00\x00\x00\x00\x00\x00\x00\x00\x00\x00\x00\x00\x00\x00\x00\
\x00\x00\x00\x00\x00\x00\x00\x00\x00\x00\x00\x00\x00\x00\x00\x00\
\x00\x00\x00\x00\x00\x00\x00\x00\x00\x00\x00\x00\x00\x00\x00\x00\
\x00\x00\x00\x00\x00\x00\x00\x00\x00\x00\x00\x00\x00\x00\x00\x00\
\x00\x00\x00\x00\x00\x12\x12\x12\x00\x00\x00\x10\x10\x10\x7e\x7e\
\x7e\x7e\x7e\x7e\x7e\x7e\x7e\x54\x59\x59\x7f\x7f\x7f\x5c\x60\x5e\
\x80\x80\x80\x58\x5d\x5d\x5a\x5e\x5f\x82\x82\x82\x5b\x60\x60\x5c\
\x61\x60\xb6\xb6\xb6\x61\x67\x66\x62\x67\x67\x72\x72\x72\xab\xab\
\xab\xac\xac\xac\xa1\xa1\xa1\xf6\xf6\xf6\x9a\x9a\x9a\x94\x94\x94\
\x7e\x7e\x7e\xfe\xfe\xfe\xfe\xfe\xfe\xff\xff\xff\xd6\xda\xdc\xf2\
\xf2\xf2\xff\xff\xff\xfe\xfe\xfe\xa4\xa4\xa5\xd2\xd5\xd6\xa6\xa7\
\xa8\x9b\x9b\x9b\x9c\x9c\x9c\xa0\xa0\xa0\xa1\xa1\xa1\xa2\xa2\xa3\
\xa5\xa5\xa5\xaa\xaa\xaa\xad\xad\xad\xae\xae\xae\xaf\xaf\xaf\xb0\
\xb0\xb0\xb1\xb1\xb1\xb3\xb3\xb3\xb4\xb4\xb4\xb7\xb7\xb7\xb8\xb8\
\xb8\xb8\xb9\xb9\xb9\xb9\xb9\xbb\xbb\xbb\xbc\xbc\xbc\xbf\xbf\xbf\
\xc0\xc0\xc0\xc1\xc1\xc2\xc2\xc2\xc2\xc2\xc2\xc3\xc3\xc4\xc5\xc5\
\xc6\xc6\xca\xca\xca\xce\xce\xce\xd0\xd0\xd0\xd1\xd2\xd2\xd8\xd8\
\xd8\xd8\xd8\xd9\xd9\xd9\xd9\xda\xda\xdb\xdb\xdb\xdb\xdc\xdc\xdc\
\xdc\xdc\xdd\xdd\xdd\xdd\xde\xde\xdf\xdf\xdf\xdf\xe0\xe0\xe0\xe1\
\xe1\xe1\xe2\xe2\xe2\xe4\xe4\xe4\xe5\xe6\xe7\xe6\xe7\xe8\xe7\xe8\
\xe8\xe7\xe8\xe9\xe8\xe9\xe9\xe8\xe9\xea\xe9\xe9\xe9\xe9\xea\xea\
\xe9\xea\xeb\xea\xea\xea\xea\xeb\xeb\xeb\xeb\xeb\xeb\xeb\xec\xeb\
\xec\xec\xeb\xec\xed\xec\xec\xec\xec\xed\xed\xed\xed\xed\xed\xee\
\xee\xee\xee\xee\xee\xef\xef\xef\xef\xef\xef\xf0\xf0\xf0\xf0\xf0\
\xf0\xf1\xf1\xf0\xf1\xf2\xf1\xf1\xf1\xf1\xf2\xf2\xf2\xf2\xf2\xf2\
\xf3\xf3\xf3\xf3\xf3\xf3\xf4\xf4\xf4\xf4\xf4\xf4\xf5\xf5\xf5\xf5\
\xf5\xf5\xf6\xf6\xf6\xf6\xf6\xf6\xf7\xf7\xf7\xf7\xf7\xf7\xf8\xf8\
\xf8\xf8\xf8\xf9\xf9\xf9\xfa\xfa\xf9\xfa\xfa\xfa\xfb\xfb\xfb\xfb\
\xfb\xfc\xfc\xfc\xfc\xfd\xfd\xfd\xfe\xfe\xfe\xff\xff\xff\x7a\x44\
\xd9\x87\x00\x00\x00\x50\x74\x52\x4e\x53\x00\x00\x01\x02\x02\x03\
\x04\x05\x07\x07\x0a\x0c\x0d\x10\x11\x15\x16\x19\x1a\x1b\x1d\x1f\
\x21\x22\x24\x25\x26\x27\x29\x2b\x2c\x2d\x31\x33\x35\x36\x39\x3c\
\x3e\x42\x44\x46\x49\x4a\x4e\x52\x59\x6a\x7b\x8a\x95\x97\x9b\x9e\
\xa4\xa4\xa5\xb4\xb4\xbf\xc3\xc3\xc5\xc7\xd0\xd1\xd1\xd9\xdf\xe5\
\xea\xf0\xf4\xf8\xf8\xf8\xfc\xfd\xfd\xfe\xaf\x7b\x7c\x5e\x00\x00\
\x02\x14\x49\x44\x41\x54\x78\xda\x6d\x93\x4d\x6b\x13\x51\x14\x86\
\xdf\x73\xee\x4d\xb0\xd2\xfa\x81\x54\x44\x04\xb5\xb8\x93\x12\x29\
\x42\x57\xc5\x5d\x97\xfe\x08\xdd\x14\xc4\x5f\xe2\x1f\xa8\x82\x2e\
\xfd\x07\x6e\xdc\x54\x2d\xb8\x50\xd0\x7c\xac\x0a\xa5\x54\x6d\x6b\
\x6a\xda\x49\xf3\x21\x4d\x32\x73\xef\xf5\xde\x33\x77\x26\x59\xf8\
\xe6\x24\x43\xe6\x79\xee\x9c\x93\xb9\x13\xba\xb1\x88\xff\xa7\x73\
\x2c\x07\xbd\xb8\x31\x60\xc5\x44\xcc\x60\x10\x18\x20\x0a\xa0\xfa\
\x22\x0a\x18\xfe\xf5\x50\x55\xa0\x48\x22\x5c\x5c\x44\x81\x3d\xf6\
\x01\x33\xe4\x45\x9e\x75\x5b\x76\xb5\x14\xb4\x70\x26\xca\x2b\xf0\
\x7e\x73\xc9\x7c\xa6\x42\x20\x55\x85\x62\x99\xa2\x68\xd2\xba\xbb\
\x82\x51\xfb\xc2\x08\x79\xb3\xaa\x52\xa1\x8d\x56\x79\x58\x29\x5a\
\x00\xd6\xb8\x56\xc9\x05\xad\x88\x83\x90\x7f\x04\xce\xf7\xbf\x8f\
\x80\x79\x55\x53\x22\x30\x05\x28\x55\x1c\x6e\x2e\xbd\x73\x78\x72\
\xe5\x62\x4d\x04\x10\x89\x12\xa9\x22\x52\x5c\xbb\xfa\x1e\x78\x3a\
\x77\xe9\x81\xa7\xcb\xcf\xc6\x2c\x5c\x86\xfc\xd6\x73\xa9\xcd\xac\
\x33\xf6\xf6\x23\xe0\x65\x76\xda\xa0\xe5\xe7\x63\xe1\x22\x40\x8a\
\xca\xbb\xb4\x69\x3b\x0c\x8e\x5c\x0a\x41\x99\x66\xc3\x5e\x67\x90\
\xfc\x7c\xe1\x80\xbc\x51\x66\x93\xff\x68\x80\x43\x22\xff\xda\xf3\
\x13\x64\xc6\x59\x7b\x67\xcd\xcf\x60\x4e\x9b\x1a\x44\x14\x39\x01\
\xab\xc8\xaf\xf0\x71\xe2\xf9\xab\xc9\x59\x03\x0c\xcf\x29\xf2\x72\
\xb3\xeb\xdd\x75\xe0\xf5\x79\xbf\x0e\x68\x99\x41\x50\xce\x43\x9d\
\xec\x3d\x26\xbc\x39\x9b\x34\x00\xc4\x16\x72\x5e\x38\x01\xf8\xf2\
\xb0\x0a\x0c\x4d\xc3\xc8\x22\xd9\x3f\x9e\xe5\xd6\x25\xc0\xb6\x6d\
\xa4\x71\xbb\xc1\x8c\x90\xc8\xad\x39\xbf\xd7\x74\xe9\x6e\x32\x82\
\x08\xd2\x59\x2e\x10\x79\xda\x3b\xe9\x5e\xdb\x49\x7f\xff\x44\x14\
\x64\x65\x19\x67\x92\xfd\xa1\x9a\x5f\xd8\xda\x1b\x4c\x05\xe9\x10\
\x45\x33\x68\xf7\xd7\xd3\xd6\x87\xfd\x24\xae\x62\xa9\xf2\x39\x76\
\xd9\xa0\xaf\xd3\xd6\xf6\xaf\x8e\xf0\xf2\x7c\xd9\xc4\x8d\x92\x74\
\xae\xf5\xe9\xf0\xc8\x21\x46\xe7\x56\x11\x9b\x8d\x8d\xde\x3a\x38\
\xb2\x98\x0a\xb3\x21\xd8\xb4\x5d\xff\xd1\x71\x28\xc3\xf6\xad\x52\
\x72\x2f\x65\x04\x72\x3b\x07\xbb\xc7\x33\x1c\x74\xf9\x16\x63\x36\
\xd9\xe1\x00\xb3\x91\x8d\xaa\x14\x0f\x34\x85\xaf\xce\x39\x63\xad\
\x2f\x6b\x52\x2b\xff\x2c\xa5\x3d\x53\xba\xc2\xc1\x83\x0b\xc4\x64\
\x64\xbc\xaa\x33\xfb\x0f\x1c\xe1\xbc\x7c\x1f\xe9\xf9\x6c\x00\x00\
\x00\x00\x49\x45\x4e\x44\xae\x42\x60\x82\
\x00\x00\x07\x59\
\x89\
\x50\x4e\x47\x0d\x0a\x1a\x0a\x00\x00\x00\x0d\x49\x48\x44\x52\x00\
\x00\x00\x20\x00\x00\x00\x20\x08\x06\x00\x00\x00\x73\x7a\x7a\xf4\
\x00\x00\x00\x09\x70\x48\x59\x73\x00\x00\x1b\xaf\x00\x00\x1b\xaf\
\x01\x5e\x1a\x91\x1c\x00\x00\x00\x07\x74\x49\x4d\x45\x07\xd7\x0c\
\x0b\x08\x39\x22\x04\xe9\x71\xd1\x00\x00\x00\x06\x62\x4b\x47\x44\
\x00\xff\x00\xff\x00\xff\xa0\xbd\xa7\x93\x00\x00\x06\xe6\x49\x44\
\x41\x54\x78\xda\xc5\x96\x7b\x50\x53\x57\x1e\xc7\x03\x08\xa2\xdd\
\xae\x33\xeb\xce\xb4\x53\x17\x2d\xc8\x32\x16\x1c\x5a\xec\x2c\xee\
\x58\x54\x5e\x4a\x2b\x22\xc5\x80\x52\xdb\x5a\xb0\xa4\x10\x05\x81\
\x00\x26\x24\x90\x60\x79\x24\xe1\x15\x12\x20\x80\x40\x04\x34\x12\
\x90\x10\x1e\x41\x1e\x81\x18\xa0\x06\x04\x49\x80\x2a\xf2\x46\xc2\
\x23\x12\x9e\xe5\x91\x90\x40\xee\xd9\x9b\x99\xce\xfe\xbb\x33\x41\
\xdc\xef\xcc\x6f\xe6\xce\xb9\xe7\x7e\x7f\x9f\x39\xe7\xfc\x7e\xf7\
\x20\xfe\x87\x0c\xf6\xed\xdb\x67\xb4\x7f\xff\x7e\x13\x53\x53\x53\
\x13\x63\x63\x63\x23\xdd\x18\x62\xb7\x65\x67\x77\xc2\x98\x5f\xf7\
\x04\x29\x16\x77\x3c\x96\xf6\xf6\xc9\x7a\xfb\xfa\xb7\xa4\xd2\xbe\
\x2d\x89\xb4\x57\xf6\xec\x59\xc7\x63\x3e\xbf\x0e\x69\x6d\x6d\x63\
\xfc\xce\x13\xef\xdd\xbb\xd7\x80\x99\x93\x63\x2f\x12\xb5\xf6\xb6\
\x08\x45\x10\x21\x31\x0f\x3a\xef\x4b\x82\xbe\xf8\x1a\xab\xfd\xdc\
\x0d\xab\x3d\xed\x85\x87\x82\xb1\x34\xa8\x82\x5b\x0d\x9e\x8a\x44\
\xbd\x4c\x66\x8e\xfd\xbb\x5c\x11\x03\x3a\x83\xe1\x2d\x10\x34\x6f\
\x24\xa4\xde\x87\x6c\xbf\xb9\xab\xb5\xf1\xcc\xd0\xa0\x28\x75\x5b\
\x21\x4c\x91\x26\x24\xa7\x55\x7d\x33\xbd\x49\x6d\x77\x25\x6b\xf3\
\xf8\x85\xc4\x6d\x74\x64\x2a\x54\xcb\xe7\x2b\xe9\x74\x06\xf2\x9d\
\x40\xe0\x70\xb8\xd3\x15\x15\x5c\x65\x70\x74\x96\xf6\xb8\x47\x9a\
\xda\x3b\x9a\xbb\x8e\xca\x13\xaf\x30\xc4\x53\xab\xc9\xe2\x99\x65\
\x8a\x78\x66\x01\x7e\x5e\x0c\x2e\x79\xa1\x40\x12\x78\x8b\x76\xde\
\x99\x4a\x64\x00\x05\x2a\x2d\xe5\x28\xe1\x6f\x1d\x76\x94\xfc\xe0\
\xc1\x83\x7f\x81\x97\x7e\x20\x8e\x9a\xaf\xb5\x74\x4b\x56\xb9\x47\
\x57\xc9\x31\xdc\x81\xd1\x9c\xbe\x85\x99\xea\xd1\xa5\xa5\xd8\xea\
\xfe\x25\x42\x55\xdf\x42\xfd\xd4\xba\x3c\xb3\x6f\x61\x94\x58\x3f\
\x3a\xf0\x6d\x1c\xff\xcd\x3f\xdd\xd3\x57\x6f\x62\x19\x50\x6e\x6e\
\xee\x80\xce\x43\x6f\x80\xf0\xf0\xf0\x80\xfc\x02\x96\xd6\xee\x12\
\x75\xf3\xdf\x41\x0f\xdf\xe0\xf9\x23\x12\xd2\x6f\xb3\x9d\x54\xe1\
\xc8\xa4\x2f\xa5\x76\xfb\x7a\xb6\x10\x5c\x22\x55\x00\x9e\x5c\xf5\
\x2a\x77\x64\xb5\x3b\xe1\xf9\xdc\xd3\x98\xc6\xf1\xdf\x5c\xef\xf0\
\x86\x8e\x5d\x48\x59\xcf\x62\xe6\x43\x18\x0c\x26\x40\xdf\xfc\x7b\
\x88\x44\x62\x4b\x6c\xd2\xbd\x6d\x33\xb7\xd4\xb7\x97\xb2\x3a\x9b\
\xc2\x9a\x65\x7c\x4c\xc7\x5c\xb9\x4b\x24\x1b\xba\x9c\xde\xa2\xf5\
\xa0\x0a\x80\x1b\xbe\x1c\x90\x26\x54\xfc\xb8\x91\xf5\x6a\x74\x87\
\xa2\x18\xd5\x28\x2b\xf5\xca\x97\xd4\x7c\xea\x99\x39\x7e\x13\xc7\
\xd4\x92\xe2\xe2\x9a\x75\x5e\xfa\x00\xfc\x2d\x31\x31\x71\xf1\x7a\
\x78\xae\xc6\xea\xc7\xfb\x12\x47\xd6\xcb\x42\x8f\x27\x32\x46\x90\
\x64\x89\xee\x16\x53\x29\x27\xf7\x2f\x08\x5c\xc8\x6d\xc0\x19\xcf\
\x03\x29\x33\x9a\xf2\xf8\x37\x9b\x85\x3f\xbc\x58\xa6\x78\x34\x4e\
\xa7\x3b\x3e\x78\x9d\x63\x8d\xe6\xb4\x5f\x0c\xc8\xda\x24\x93\x29\
\x8b\x3a\x2f\x7d\x00\x3e\x4d\x4e\x4e\x86\xbc\xd0\x79\x2a\x5b\x4c\
\x4d\x93\x53\xe9\x50\xf6\x37\xc2\xb7\x09\xc8\xde\x55\x1c\x6a\x50\
\x89\x63\xcc\xaa\xe9\x8e\xe9\x12\x70\x1a\xcf\x07\x59\x72\x4d\x76\
\xe0\x90\x12\xe7\xdd\xbf\x76\xc7\xbd\x7d\xfe\xae\x0b\x77\x2c\xe3\
\x4b\x92\xa0\xea\xcc\xf5\x9c\xd5\xb4\xb4\x34\x48\xe7\xa5\x0f\xc0\
\x51\x2a\x0c\xe0\x13\xc2\x52\x9e\x88\x15\x54\xbb\x54\x8c\x65\x78\
\x74\x2c\x12\x7d\x5f\x6d\x44\x04\x0c\x29\x43\x88\x93\xea\xc8\x13\
\xc9\x03\xc0\xe6\x16\x0f\x90\x26\xd5\x11\xa8\x61\x55\xf0\xb5\x81\
\x0d\x8c\xe7\x8b\x15\xfc\xb9\xda\xc9\xd4\x93\x29\xcf\x4a\x1d\xfd\
\xef\xad\xd0\x68\x19\x90\xce\x4b\x1f\x80\x4f\xe2\xe3\xe3\x57\x02\
\xf1\x25\x6a\x3b\x7c\x03\xdf\x95\x37\x4e\xf3\xec\x5e\x21\x5c\x7f\
\xad\x0c\xbb\x35\xba\x89\x26\xcf\x68\x42\x3f\x8b\xff\x1d\x98\xfb\
\x97\x01\x0a\xfc\x1c\x32\xb6\x19\xe4\x37\xa8\x0c\xbd\x2c\x5d\xc5\
\x9e\x7f\x32\x95\x6c\x4f\x69\x2f\xf3\x09\x2b\x5a\xa7\x52\xa9\x2b\
\x3a\x2f\x7d\x00\x3e\x88\x8a\x8a\xea\x4a\xce\xe2\x6c\x5b\x07\x95\
\xb5\x3b\x97\x8f\x32\x3c\xbb\x97\x09\x37\xe0\x24\x77\xa7\xd4\x61\
\xf9\x8a\xad\x28\xab\x3b\xed\xe0\xc8\xf7\x25\xa0\x60\x7e\x3b\x2a\
\x7e\x5a\x1d\x8a\x1a\x52\xdd\xbe\xdc\xbb\x8a\xd5\xad\xc0\x17\xd8\
\xba\x27\x84\xd4\xf2\x2d\x2c\x16\xdb\xa5\xf3\xd2\x07\xc0\xd0\xd7\
\xd7\x97\xc8\x66\x97\x42\xe7\x6e\xb1\x65\x67\x58\x2f\xef\x5d\x6c\
\x9f\x8f\x0b\x1d\x51\xe1\xfe\xe1\x41\x07\x16\x01\x5c\x60\xf1\x0b\
\x0f\x98\x79\x65\x83\x8f\x1d\x08\xe0\xe3\xaf\xf0\x00\x33\xa6\xc2\
\x7a\x76\x2d\x13\x9c\x39\xc3\x99\x27\xd1\x8f\x06\x1f\x95\x55\x6a\
\xbf\xfb\xee\x1a\x51\xe7\x85\xd0\x47\x26\x26\x26\x16\xf0\x41\x9c\
\x2e\x60\x37\x6c\x7d\x19\x55\x27\x70\xad\x9a\x48\xbb\xd2\xb7\x76\
\x27\x06\xde\x73\xc6\xdc\x16\xfa\xe1\x8a\xd6\x8f\xfd\x87\xf6\xa7\
\x2c\xc5\x76\x10\x49\xa6\x0e\xbf\x06\x9f\x8f\xaf\x1b\x67\xc8\x27\
\x13\x9e\x56\xa5\xb1\x9a\xd4\xe9\xe9\xe9\xd3\x3a\x0f\xc4\x0e\x64\
\xe8\xea\xea\xfa\x0b\x9b\xfd\x48\x93\xfd\xa8\x75\xe3\xab\xa4\xb6\
\x6a\xb7\x3a\x19\xf5\x6a\xff\x5a\x64\x30\xbc\xe7\xc4\x69\x8d\x1f\
\x69\x46\xf3\x53\xe8\xf8\x66\xe0\xf7\xaf\x36\x30\x17\x84\x6f\xe3\
\xcf\x64\x76\x71\x12\x58\xad\x7f\xd4\xd4\xd4\x42\xc5\xc5\xc5\x35\
\x56\x56\x56\x46\xd6\xd6\xd6\x86\x3b\x81\xd8\x7f\xe5\xea\xd5\x44\
\x6e\x25\x4f\x53\xd9\xd8\xad\xf6\xcf\x7d\xde\xe9\xf4\x70\x30\xc7\
\x5d\xf8\xf6\x57\x64\xf7\x72\xb4\xf7\x8b\x15\x9c\x47\x9b\x82\x74\
\xae\x62\x8c\x7e\x35\xa7\xab\x9d\x5d\x2f\xd9\xac\x6f\x68\x04\x45\
\xc5\x25\x60\x6a\x76\x16\xb4\xb6\xb6\x0a\x4b\x4a\x4a\x8a\xbc\xbc\
\xbc\x3e\xdc\x11\xc4\xf9\xf3\x6e\xc1\xf7\xef\x17\xcb\xc5\x1d\xcf\
\xa1\xba\xf6\x97\xaa\x42\xe1\xc8\x58\xaa\x60\x42\x42\x6d\x1a\x97\
\xe6\xb6\x8c\x8e\x55\xb6\x0e\xa8\x3a\xbb\xa5\xa0\xb8\xe4\x81\xfc\
\xe2\x45\x8f\xb0\xc2\xc2\xc2\x4a\x4e\x59\x99\xb6\x47\x2a\xd5\x4e\
\xcf\xcc\x82\xda\xda\xda\x66\x3f\x3f\xbf\x8f\x76\x02\x61\xb4\x67\
\x8f\xf1\x71\xff\x1b\x3f\xa7\xd2\xe8\x8c\xdf\xcb\x1f\x73\xd7\x9a\
\x04\x2d\x5a\x41\xb3\x50\xfb\xb8\xa2\x72\x2d\x03\x1e\xd3\xbd\xd3\
\xcd\xd1\xcd\x75\x74\x74\xfc\x0c\x89\x44\xae\xe1\xf1\x78\xd0\xdd\
\x23\x01\xf2\xb9\x39\x20\x12\x89\xa4\x61\x61\x61\x96\x88\x1d\xca\
\x08\x8e\xbf\xc3\x61\x0b\xc7\xd9\x3f\xc3\xf6\xcf\x31\xa3\xff\x76\
\xb1\xa3\x47\x3f\x38\x7b\xf6\xec\x03\x7f\x7f\x7f\x28\x32\x32\x12\
\x88\xda\xda\x60\x08\x05\xe8\xe9\xe9\x99\x88\x8d\x8d\xfd\x97\x99\
\x99\x19\x62\xd7\x65\x69\x69\x69\xea\xe4\xe4\x94\x17\x18\x18\x08\
\x85\x84\x84\x00\x7e\x5d\x1d\x98\x96\xcb\xc1\xe0\xe0\xe0\x3c\xdc\
\xa0\x2e\xd8\xd8\xd8\xec\xfe\x3d\xf2\xc8\x91\x23\x26\x30\x04\xed\
\xf6\xed\xdb\xda\xa0\xa0\x20\x50\xca\xe1\x80\x89\x49\x19\x90\xc9\
\x64\xeb\x4c\x26\xd3\xff\xd4\xa9\x53\x86\xbb\x0e\x61\x6e\x6e\x6e\
\xec\xec\xec\x9c\x00\x77\xd6\x6d\x34\x1a\x0d\x0a\x0a\x0a\xc0\xeb\
\xe1\x61\x30\x37\x37\xa7\x81\x2b\x24\x1a\x2e\xf5\x3d\xbb\x0e\x71\
\xe8\xd0\x21\x23\x18\x22\x32\x26\x26\x46\x0d\x1f\x44\xc0\x60\x30\
\x80\xb4\xaf\x1f\xcc\xcf\xcf\x6b\xb9\x5c\x2e\xdd\xd3\xd3\xd3\x74\
\xd7\x21\x2c\x2c\x2c\x0c\xe1\xed\xb8\x01\xff\xe4\x36\x08\x04\x02\
\x48\x49\x49\x01\x1d\x9d\xcf\x81\x42\xa1\x80\x1a\x1a\x1a\x38\x70\
\xeb\xff\xeb\xae\x43\x1c\x3e\x7c\xd8\x00\x86\xf8\x16\x3e\x84\x4b\
\x64\x32\x19\x24\x25\x25\x01\xe1\x53\x11\x98\x95\xcb\x75\x65\xda\
\x82\x42\xa1\x3e\xda\x75\x88\x03\x07\x0e\x20\xe0\x3e\x71\x86\x46\
\xa3\xcd\x66\x66\x66\x02\xf8\xe6\x05\xea\xeb\xeb\xc1\xa4\x4c\x06\
\xc4\x62\xb1\x34\x22\x22\xc2\x12\xf1\x3e\x04\xf7\x09\xdb\xec\xec\
\xec\x61\x16\x8b\x05\x28\x14\x0a\xe0\xf1\x78\x60\x64\x64\x04\xb4\
\xb4\xb4\x74\x21\xde\x97\x1c\x1c\x1c\xcc\xf3\xf2\xf2\x7a\x39\x70\
\x79\xc2\x2b\x02\x8a\x8a\x8a\x36\xe9\x74\x3a\x12\xf1\x3e\x65\x6f\
\x6f\xff\x49\x7e\x7e\xbe\x18\x0e\x95\x8f\x8f\x0f\xea\xd8\xb1\x63\
\x06\x88\xf7\x2d\x5b\x5b\xdb\x83\x2e\x2e\x2e\xee\x70\xb9\xea\x92\
\xff\xff\xf5\x1f\xcd\x07\xb7\x35\x18\xac\xf0\xdc\x00\x00\x00\x00\
\x49\x45\x4e\x44\xae\x42\x60\x82\
"

qt_resource_name = b"\
\x00\x06\
\x07\x03\x7d\xc3\
\x00\x69\
\x00\x6d\x00\x61\x00\x67\x00\x65\x00\x73\
\x00\x05\
\x00\x77\x90\x54\
\x00\x70\
\x00\x72\x00\x69\x00\x6e\x00\x74\
\x00\x0c\
\x08\xe0\x42\x03\
\x00\x7a\
\x00\x6f\x00\x6f\x00\x6d\x00\x50\x00\x72\x00\x65\x00\x76\x00\x69\x00\x6f\x00\x75\x00\x73\
\x00\x09\
\x00\x69\x8c\xe4\
\x00\x63\
\x00\x6c\x00\x69\x00\x70\x00\x62\x00\x6f\x00\x61\x00\x72\x00\x64\
\x00\x07\
\x0e\x5c\x73\xa4\
\x00\x67\
\x00\x6e\x00\x75\x00\x70\x00\x6c\x00\x6f\x00\x74\
\x00\x04\
\x00\x06\xe8\xf4\
\x00\x67\
\x00\x72\x00\x69\x00\x64\
\x00\x08\
\x06\x62\x5c\xd4\
\x00\x7a\
\x00\x6f\x00\x6f\x00\x6d\x00\x4e\x00\x65\x00\x78\x00\x74\
\x00\x0c\
\x04\x55\x46\x42\
\x00\x65\
\x00\x78\x00\x70\x00\x6f\x00\x72\x00\x74\x00\x56\x00\x65\x00\x63\x00\x74\x00\x6f\x00\x72\
\x00\x06\
\x07\x8c\x73\x64\
\x00\x72\
\x00\x65\x00\x70\x00\x6c\x00\x6f\x00\x74\
\x00\x08\
\x0c\xbb\x0b\xc3\
\x00\x73\
\x00\x65\x00\x74\x00\x74\x00\x69\x00\x6e\x00\x67\x00\x73\
\x00\x09\
\x07\x69\x4d\x66\
\x00\x65\
\x00\x78\x00\x70\x00\x6f\x00\x72\x00\x74\x00\x50\x00\x44\x00\x46\
\x00\x0c\
\x04\x16\x47\xe2\
\x00\x65\
\x00\x78\x00\x70\x00\x6f\x00\x72\x00\x74\x00\x52\x00\x61\x00\x73\x00\x74\x00\x65\x00\x72\
\x00\x06\
\x06\xcf\x76\x94\
\x00\x65\
\x00\x78\x00\x70\x00\x6f\x00\x72\x00\x74\
\x00\x09\
\x0b\x69\x49\xa5\
\x00\x61\
\x00\x75\x00\x74\x00\x6f\x00\x73\x00\x63\x00\x61\x00\x6c\x00\x65\
"

qt_resource_struct_v1 = b"\
\x00\x00\x00\x00\x00\x02\x00\x00\x00\x01\x00\x00\x00\x01\
\x00\x00\x00\x00\x00\x02\x00\x00\x00\x0d\x00\x00\x00\x02\
\x00\x00\x00\x6c\x00\x00\x00\x00\x00\x01\x00\x00\x2a\x29\
\x00\x00\x00\x40\x00\x00\x00\x00\x00\x01\x00\x00\x0c\x39\
\x00\x00\x00\x12\x00\x00\x00\x00\x00\x01\x00\x00\x00\x00\
\x00\x00\x00\xee\x00\x00\x00\x00\x00\x01\x00\x00\x4c\x0b\
\x00\x00\x00\x90\x00\x00\x00\x00\x00\x01\x00\x00\x32\x18\
\x00\x00\x00\x7a\x00\x00\x00\x00\x00\x01\x00\x00\x2a\xc5\
\x00\x00\x01\x0c\x00\x00\x00\x00\x00\x01\x00\x00\x52\x29\
\x00\x00\x00\xd6\x00\x00\x00\x00\x00\x01\x00\x00\x46\x06\
\x00\x00\x00\xae\x00\x00\x00\x00\x00\x01\x00\x00\x37\x31\
\x00\x00\x00\x22\x00\x00\x00\x00\x00\x01\x00\x00\x04\xeb\
\x00\x00\x01\x1e\x00\x00\x00\x00\x00\x01\x00\x00\x57\x38\
\x00\x00\x00\xc0\x00\x00\x00\x00\x00\x01\x00\x00\x3f\xbb\
\x00\x00\x00\x58\x00\x00\x00\x00\x00\x01\x00\x00\x0f\xe6\
"

qt_resource_struct_v2 = b"\
\x00\x00\x00\x00\x00\x02\x00\x00\x00\x01\x00\x00\x00\x01\
\x00\x00\x00\x00\x00\x00\x00\x00\
\x00\x00\x00\x00\x00\x02\x00\x00\x00\x0d\x00\x00\x00\x02\
\x00\x00\x00\x00\x00\x00\x00\x00\
\x00\x00\x00\x6c\x00\x00\x00\x00\x00\x01\x00\x00\x2a\x29\
\x00\x00\x01\x6e\xa8\x12\xa6\xe9\
\x00\x00\x00\x40\x00\x00\x00\x00\x00\x01\x00\x00\x0c\x39\
\x00\x00\x01\x6e\xa8\x12\xa6\xe9\
\x00\x00\x00\x12\x00\x00\x00\x00\x00\x01\x00\x00\x00\x00\
\x00\x00\x01\x6e\xa8\x12\xa6\xe9\
\x00\x00\x00\xee\x00\x00\x00\x00\x00\x01\x00\x00\x4c\x0b\
\x00\x00\x01\x6e\xa8\x12\xa6\xe9\
\x00\x00\x00\x90\x00\x00\x00\x00\x00\x01\x00\x00\x32\x18\
\x00\x00\x01\x6e\xa8\x12\xa6\xe9\
\x00\x00\x00\x7a\x00\x00\x00\x00\x00\x01\x00\x00\x2a\xc5\
\x00\x00\x01\x6e\xa8\x12\xa6\xe9\
\x00\x00\x01\x0c\x00\x00\x00\x00\x00\x01\x00\x00\x52\x29\
\x00\x00\x01\x6e\xa8\x12\xa6\xe9\
\x00\x00\x00\xd6\x00\x00\x00\x00\x00\x01\x00\x00\x46\x06\
\x00\x00\x01\x6e\xa8\x12\xa6\xe9\
\x00\x00\x00\xae\x00\x00\x00\x00\x00\x01\x00\x00\x37\x31\
\x00\x00\x01\x6e\xa8\x12\xa6\xe9\
\x00\x00\x00\x22\x00\x00\x00\x00\x00\x01\x00\x00\x04\xeb\
\x00\x00\x01\x6e\xa8\x12\xa6\xe9\
\x00\x00\x01\x1e\x00\x00\x00\x00\x00\x01\x00\x00\x57\x38\
\x00\x00\x01\x6e\xa8\x12\xa6\xe9\
\x00\x00\x00\xc0\x00\x00\x00\x00\x00\x01\x00\x00\x3f\xbb\
\x00\x00\x01\x6e\xa8\x12\xa6\xe9\
\x00\x00\x00\x58\x00\x00\x00\x00\x00\x01\x00\x00\x0f\xe6\
\x00\x00\x01\x6e\xa8\x12\xa6\xe9\
"

qt_version = [int(v) for v in QtCore.qVersion().split('.')]
if qt_version < [5, 8, 0]:
    rcc_version = 1
    qt_resource_struct = qt_resource_struct_v1
else:
    rcc_version = 2
    qt_resource_struct = qt_resource_struct_v2

def qInitResources():
    QtCore.qRegisterResourceData(rcc_version, qt_resource_struct, qt_resource_name, qt_resource_data)

def qCleanupResources():
    QtCore.qUnregisterResourceData(rcc_version, qt_resource_struct, qt_resource_name, qt_resource_data)

qInitResources()
