# Resource object code (Python 3)
# Created by: object code
# Created by: The Resource Compiler for Qt version 6.2.3
# WARNING! All changes made in this file will be lost!

# Created with the following commands:
# package/easybuild-local.sh package/easybuild-easyconfigs/Qt6-6.4.1-GCCcore-10.2.0.eb --stop=configure
# cd /dev/shm/Qt6/6.4.1/GCCcore-10.2.0/qt-everywhere-src-6.4.1/qttools/src/designer
# pyside6-rcc --no-compress ./src/components/lib/.rcc/formeditor.qrc > ~/pds-wf/src/actors/designericons.py


from PySide6 import QtCore

qt_resource_data = b"\
\x00\x00\x01\xda\
\x89\
PNG\x0d\x0a\x1a\x0a\x00\x00\x00\x0dIHDR\x00\
\x00\x00\x10\x00\x00\x00\x10\x08\x06\x00\x00\x00\x1f\xf3\xffa\
\x00\x00\x01\xa1IDAT8\xcb\xad\x93K\x8a\xc2@\
\x10\x86\xbd\x8d\x0b\x15A\x83\xa2H\x1e\x9a\x90D\xf1\x81\
\xe8F\xd1\x85\x9b\x80.\xbd@v\x9eA\xf40\xb9\x84\
\xb3\x14Q\xc4U\x16s\x82\x9a\xfe\x1a\x0c\xcc\x8c\xb8\xb2\
\xa1\xa0\xa8\xff\xfb\xab\xba\xd3\x9d\x5c\xee\xd3+\x9f\xcf\x1b\
\x85B!.\x95JI\xb9\x5cN\x09rjho\xcd\
\xc5b1\xaaT*\xa7z\xbd.\xadVKL\xd3\xd4\
AN\x0d\x0d\xe6\xa5YM\x89j\xb5\xda\xb7m\xdb\x12\
\x86\xa1\x0c\x06\x03\x19\x8f\xc7:\xc8\xa9\xa1\xc1\xc0\xfe\x9d\
l\xa8\x09'\xd7ue8\x1c\xca\xf1x\x94\xcdf#\
\xab\xd5J\x07954\x18X<Y\x83j\xb5\x1a;\
\x8e\xa3\x81\xc3\xe1 \xac\xfb\xfd.\xdb\xedV\x079\x0b\
\x0d\x06\x16O\xd6\xa0\xd9l&\xddnW\xa6\xd3\xa9,\
\x16\x0b\xb9\x5c.\xda\xf0x<t\xb0\xa8\xa1\xc1\xc0\xe2\
\xc9\x1aX\x96\x95\xd2y6\x9b\xe93\xf7z=\xb9^\
\xaf\xf2\x5c\xe4\xd4\xd0``\xf1d\x0d\xda\xedv\x8a\xc8\
\x84\xe5r)\xf3\xf9\xfc_\x03jh0\xb0x\xb2\x06\
\xeaL\xc9h4\xd2\xdd\xd7\xeb\xb5\xdcn\xb7l\xdb\xcf\
\xe3PC\x83\x81\xc5\x935Pw\x1d\xf7\xfb}\x99L\
&\xb2\xdf\xef\xb5\xe1|>\xeb\xfb'\xc8Yh0\xb0\
x\xb2\x06\x8dF\xc3\xf0}\xff\xc4}\xab\xad\xc9n\xb7\
\x93N\xa7\xa3\xbf\xb6\xe3\xd8:\xa7\x86\x06\x03\x8b\xe7\xd7\
[P\x8f$R\x8f\xe5[\x89\xfa\xc1x\x9e\xa7\xb7J\
\x90SC\x83\x81}\xf9\x1a\xd5\xc4(\x08\x82/\xae\x89\
m>\x1b\x90SC\x83y\xfb?\x98\x96e\xa8\x89\xb1\
\x82\x93 \x0cS51\x0d\xfc q=7VWg\
|\xfc\xef\xfd\x01\x9coe\x8ayy\xdd\xcc\x00\x00\x00\
\x00IEND\xaeB`\x82\
\x00\x00\x023\
\x89\
PNG\x0d\x0a\x1a\x0a\x00\x00\x00\x0dIHDR\x00\
\x00\x00\x16\x00\x00\x00\x16\x08\x03\x00\x00\x00\xf3j\x9c\x09\
\x00\x00\x00\xe4PLTE\xff\xff\xff\x00\x00\x00\x00\x00\
\x00\x00\x00\x00\x00\x00\x00\x00\x00\x00\x00\x00\x00\x00\x00\x00\
\x00\x00\x00\x00\x00\x00\x00\x00\x00\x00\x00\x00\x00\x00\x00\x00\
\x00\x00\x00\x00\x00\x00\x00\x00\x00\x00\x00\x00\x00\x00\x00\x00\
\x00\x00\x00\x00\x00\x00\x00\x00\x00\x00\x00\x00\x00\x00\x00\x00\
\x00\x00\x00\x00\x00\x00\x00\x00\x00\x00\x00\x00\x00\x00\x00\x00\
\x00\x00\x00\x00\x00\x00\x00\x00\x00\x00\x00\x00\x00\x00\x00\x00\
\x00\x00\x00\x00\x00\x00\x00\x00\x00\x00\x00\x00\x00\x00\x00\x00\
\x00\x00\x00\x00\x00\x00\x00\x00\x00\x00\x00\x00\x00\x00\x00\x00\
\x00\x00\x00\x00\x00\x00\x00\x00\x00\x00\x00\x00\x00\x00\x00\x00\
\x00\x00\x00\x00\x00\x00\x00\x00\x00\x00\x00\x00\x00\x00\x00\x00\
\x00\x00\x00\x00\x00\x00\x00\x00\x00\x00\x00\x00\x00\x00\x00\x00\
\x00\x00\x00\x00\x00\x00\x00\x00\x00\x00\x00\x00\x00\x00\x00\x00\
\x00\x00\x00\x00\x00\x00\x00\x00\x00\x00\x00\x00\x00\x00\x00\x00\
\x00\x00\x00\x00\x00\x00\x00\x00\x00\x00\x00\x00\x80I\x93\xfd\
\x00\x00\x00KtRNS\x00\x9a\x0d\x08!\xea\x0f\xb5\
_\x07\xcbyz*\xcau`\x02\x01\x10\xddh\xde\x8a\
\xb6lK\xee\xaeL\x17\x87\xcd\x16\x18M \xf8J\xfc\
\x8b\x8c1\x15\x84\xc0\x05\x94(8\x8d\x03\xedTs\x22\
R:\x85\xbd\x96\xa8\x9d\xf7j\xd5\xd0\x1d\xe94\xf3\xb8\
'w\x06HN>S\x00\x00\x00\xb3IDATx\
^\x85\xce\xd5\xd2\x83@\x0c\x80\xd1l\x17\xd7\x02uw\
w\xf7\xfe\xae\xef\xff>\xed\x02\x0b\xa5T\xbe\xbb\x9c\xc9\
d\x02\x8f\xd2\x9b\xfa\x0d5\x12\xe9\x98A!.R\xce\
h 5(\xa3\x08e^\x80(\x1f\xe2%\x8b\x01\xb3\
\xcc5\xb7\xfeI\xc9 \xbb\x8b\x0c\x8b\x03L\xcf\xa6\x84\
 Ky\x9b\xab\x9a\xc7\xe1\x9e3\xf9#\x9bcB\x0c\
`\x16\x8a%b\xe5\xca\x99\xd5\x1ae\x00\x5c'\xbc\xde\
\x98\x88kw<\xee\xf6\xfa\x84\x07\xc3\x11\x1aO\xa6\x0e\
\x93f*\x90\xe6\x0b\xa4\xac\xc0\xdb\xb6\xe4\xad\xcd\xdcn\
\x7f\xb0|\x06\xf1\xe8\x0c/\xaf\x0a\xf8\xcc\xc9o\x0e\xbf\
\x7f|^\xfc\xfd\xf5\xfd\xe3N\xbf\x7fp\xb7\x13\xf4)\
\x12\xe4~+\x81\x0b\x00\x00\x00\x00IEND\xaeB\
`\x82\
\x00\x00\x02%\
\x89\
PNG\x0d\x0a\x1a\x0a\x00\x00\x00\x0dIHDR\x00\
\x00\x00\x10\x00\x00\x00\x10\x08\x03\x00\x00\x00(-\x0fS\
\x00\x00\x01\x05PLTE\xff\xff\xff\x00\x00\x00\x00d\
\xc8\x00d\xc8\x00\x00\x00\x00\x00\x00\x00d\xc7\x03f\xc9\
\x00d\xc8\x00H\x91\x00\x00\x00\x00\x00\x00\x00\x00\x00\x00\
\x00\x00\x00\x00\x00\x00\x00\x00\x00\x00\x00\x00\x00\x00\x00\x00\
\x00\x00\x00\x00\x00\x00\x00\x00\x00\x00\x00\x00\x00\x00\x00\x00\
\xff\xff\xff\x00d\xc8\xa6\xc6\xed\x8d\xb7\xeaQ\x93\xe20\
{\xd8p\xa6\xe7\x1cm\xd0\xfb\xfb\xfb\xfa\xfa\xfa\xf1\xf2\
\xf2\x18l\xcf\xf4\xf4\xf4\xb7\xd2\xf3 v\xd1y\xa7\xde\
J\x8e\xdf8l\xa9\xa8\xc9\xf0&y\xd7\xef\xf0\xf0\xc6\
\xdb\xf4l\xa1\xe2\xed\xee\xee\x97\xbd\xeb\x13o\xcd\xec\xed\
\xed\xb3\xce\xee\xf4\xf5\xf5\x8d\xb6\xe7\xf3\xf3\xf3\x97\xbe\xee\
\x00K\x97h\x86\xab\xfd\xfd\xfd\xee\xef\xef&z\xd5Q\
z\xab!s\xd4!M\x83+f\xad\xf7\xf7\xf7\xf8\xf8\
\xf8\xef\xef\xef\xfc\xfc\xfc\xf3\xf4\xf4\xe7\xe8\xe9\xf5\xf6\xf6\
\xf8\xf9\xf9w\xa7\xe3\xea\xeb\xeb\xf2\xf2\xf2`\x84\xaa\xe4\
\xe5\xe6\xe8\xe9\xe9\xeb\xec\xec\xbb\xd2\xf0\xd2\xe2\xf6\xf0\xf0\
\xf0\x83\xb0\xe8\xa9\xca\xf1\xbb\xd4\xf2\xf5\xf5\xf5F\xe0*\
\xbf\x00\x00\x00\x18tRNS\x00?o\xfe\x1f>\xfe\
\xfe\x18\xe0\x04\x0d\x16*5AJ=2'\x1e\x14\x09\
\x01 \x0e\xc6\xcb\x00\x00\x00\xb7IDAT\x18\x19E\
\xc1\xc1J\xc3@\x14\x05\xd0{'\x0fL'P\x8d\xa4\
!\x10\x0a-\xcdJ\xdc\xfa\x09\xfe?\x82k[PK\
\x193\x96R\x08!3\xfa\x5c\x8c\xdas\x08\x08#\x12\
\xd1\x08A\xcek\xfc\xf1@f\xf8\xb8\x7f\xa8Z\xda&\
\xb3\xc3\x9dS\xc3\xb5\x07g\xef\xabs\x18Gp\xcd\xac\
\x99\xdbO\x0d\xbe\xa8\xb2\x9b\xc5a\x11)\x98z\x94y\
\xfb\xb1\x83\x02\xbdB\xd0\xe8q{;\xdfi7\xe0\xa5\
\xe6\x89\x9b\x88\xbaB\xd2;\x88\xb4[\x04\x8b$|\xa3\
\x15\xaf\x98\xde\x90L\x0a/\xe5\x19a\x89\xe4\xc9\xa0\x14\
\xf7\x85\x9cH\xf2\x01\xce\x14\xaa]\xfc\xd5\xa9\x16\xbc\xba\
_\xe2\xe2\xf5\x99\x865.\x9c\x12\x96\x1cg\xfc\xf7\x03\
I\x06J,f;\xa9\xcc\x00\x00\x00\x00IEND\
\xaeB`\x82\
\x00\x00\x01\x9b\
\x89\
PNG\x0d\x0a\x1a\x0a\x00\x00\x00\x0dIHDR\x00\
\x00\x00\x10\x00\x00\x00\x10\x08\x03\x00\x00\x00(-\x0fS\
\x00\x00\x00\xabPLTE\xff\xff\xff\x00d\xc8\x00d\
\xc8\x00d\xc8\x00d\xc8\x00\x00\x00\x00\x00\x00\x00\x00\x00\
\x00\x00\x00\x00\x00\x00\x00\x00\x00\x00\x00\x00\x00\x00\x00\x00\
\x00\x00\x00\x00\x00\x00\x00\x00\x00\x00\x00\x00\x00\x00\x00\x00\
\x00\x00\x00\x00\x00d\xc8\x88\xb5\xe9\x9c\xc0\xecz\xac\xe2\
2z\xcc\x8c\xad\xd2\xd9\xd9\xd9H\x8b\xd7\x96\xb5\xd7\x81\
\xac\xe0x\xa6\xdcf\x99\xd3\xed\xed\xedB\x86\xd3\x87\xb0\
\xdf\xf4\xf4\xf4\xb4\xce\xeeJ\x89\xd6\x9f\xbf\xe6\xb5\xcc\xe7\
Z\x98\xdfr\xa7\xe7(r\xc86|\xcaZ\x99\xe5\xcd\
\xde\xf4m\x96\xc1\xd2\xd2\xd2\xe6\xe6\xe6\xe0\xe0\xe0\xad\xcb\
\xee6}\xd3H\x8b\xdc\xff\xff\xff\xbd\xd4\xf0-v\xcf\
g\x9f\xe2\xef\xaaA\xdd\x00\x00\x00\x14tRNS\x00\
\xfeo\x18\xd6\x04\x0d\x16\x1f*5AJ=2'\x1e\
\x14\x09\x01\x22s\x00\xfd\x00\x00\x00\x8bIDAT\x18\
\x19]\xc1\xb1\x0e\x820\x18\x85\xd1\xef\xc2/\xc6AR\
i\x82\x8b\xbb\xef\xff8\xaeN&\xd2\xc2\xa61\x94\x0a\
:\x10=\x07\xfe\x88R\x0e\x86\x9c\xf8\xb2bj[(\
\x13\x1fA\xd2\xd9\xb1\x1a.\xe6\xf7\x89\xd5\xde\x1bC\xc3\
*b\xd4#\xf00\xc6\x1dP\xf7\x05ZD)j\x81\
\xf1\x84\xbe\xf2w|x\x1d\x00#\xc1\xe48BuK\
\x80\xd1\xc16\xb3(;\xc0\x10(J\xe4,A6N\
\xcc\x06\x91\x1d\xb3\xab\x05\xd7\x00&\xb2\x011\xa8\xc8\x9e\
U\x90\xd8\xe8\xc7\x1bL\x9c*@\xdd\x00\x8b\x19\x00\x00\
\x00\x00IEND\xaeB`\x82\
\x00\x00\x04\xef\
\x89\
PNG\x0d\x0a\x1a\x0a\x00\x00\x00\x0dIHDR\x00\
\x00\x00\x10\x00\x00\x00\x10\x08\x03\x00\x00\x00(-\x0fS\
\x00\x00\x00\x19tEXtSoftware\
\x00Adobe ImageRead\
yq\xc9e<\x00\x00\x03*iTXtXML\
:com.adobe.xmp\x00\x00\
\x00\x00\x00<?xpacket beg\
in=\x22\xef\xbb\xbf\x22 id=\x22W5M\
0MpCehiHzreSzNTc\
zkc9d\x22?> <x:xmpm\
eta xmlns:x=\x22ado\
be:ns:meta/\x22 x:x\
mptk=\x22Adobe XMP \
Core 5.6-c132 79\
.159284, 2016/04\
/19-13:13:40    \
    \x22> <rdf:RDF \
xmlns:rdf=\x22http:\
//www.w3.org/199\
9/02/22-rdf-synt\
ax-ns#\x22> <rdf:De\
scription rdf:ab\
out=\x22\x22 xmlns:xmp\
=\x22http://ns.adob\
e.com/xap/1.0/\x22 \
xmlns:xmpMM=\x22htt\
p://ns.adobe.com\
/xap/1.0/mm/\x22 xm\
lns:stRef=\x22http:\
//ns.adobe.com/x\
ap/1.0/sType/Res\
ourceRef#\x22 xmp:C\
reatorTool=\x22Adob\
e Photoshop CC 2\
015.5 (Macintosh\
)\x22 xmpMM:Instanc\
eID=\x22xmp.iid:D78\
788A150CB11E689D\
8B84085AD92F4\x22 x\
mpMM:DocumentID=\
\x22xmp.did:D78788A\
250CB11E689D8B84\
085AD92F4\x22> <xmp\
MM:DerivedFrom s\
tRef:instanceID=\
\x22xmp.iid:838292D\
650CB11E689D8B84\
085AD92F4\x22 stRef\
:documentID=\x22xmp\
.did:D78788A050C\
B11E689D8B84085A\
D92F4\x22/> </rdf:D\
escription> </rd\
f:RDF> </x:xmpme\
ta> <?xpacket en\
d=\x22r\x22?>\x00R\xfa\x9f\x00\x00\x00\xbaP\
LTE\x00\x00\x00\xff\xff\xffA\xcdRA\xcdRA\
\xcdRA\xcdRA\xcdRB\xcdSE\xceVH\xcf\
YI\xcfYK\xd0[U\xd2d]\xd4l_\xd5m\
`\xd5nf\xd7tk\xd8yp\xd9}r\xda\x7ft\
\xdb\x81w\xdb\x83}\xdd\x88\x83\xde\x8e\x84\xdf\x8f\x85\xdf\
\x90\x8a\xe0\x94\x8c\xe1\x97\x92\xe2\x9c\x94\xe3\x9e\x97\xe4\xa0\
\x9a\xe5\xa3\x9b\xe5\xa4\xa3\xe7\xac\xab\xe9\xb2\xac\xe9\xb4\xad\
\xe9\xb4\xaf\xea\xb6\xb4\xeb\xbb\xb6\xec\xbd\xb7\xec\xbd\xb8\xec\
\xbf\xbd\xee\xc3\xc1\xef\xc7\xc4\xf0\xc9\xc7\xf0\xcc\xcc\xf2\xd1\
\xd1\xf3\xd5\xd3\xf3\xd7\xd5\xf4\xd8\xd6\xf4\xda\xe1\xf7\xe4\xe5\
\xf8\xe7\xe6\xf8\xe8\xe8\xf9\xea\xe9\xf9\xeb\xeb\xfa\xed\xee\xfa\
\xef\xf6\xfd\xf7\xf8\xfd\xf9\xfc\xfe\xfc\xff\xff\xffH5F\
\x5c\x00\x00\x00\x06tRNS\x00\x00W[\xfa\xfdu\
\xcavM\x00\x00\x00\x83IDAT\x18\x19]\xc1U\
\x02\x82P\x00E\xc1\x0b\xc8\xb1\xbb\xbb\x1b[\xc1b\xff\
\xdb\xf2\xe9\x172#+FV\x8c\xe4\xb8D\xc9v\xf9\
\xa3\x04\xa4\x97\xf7`\x9e\xa2_\xc0\x100\xbe\x96+\x8f\
^:hg\x00\x01\xa7!L\xbdu\x18z\x80\x80[\
\x0b\x06g\xfc\x06\x86\x80K\x07FG\xfc\x06\x86\x80\xdd\
\x02\xbc\x15\x97&\x86\x80\xfa{\x7fx\x95\xd8\x063@\
\x18\xf9\xee\xe4\x99#[+BB\xfc$7U\xbe\x5c\
[D\xb9\x8ed\xc5\xc8\x8a\xf9\x00Z\x08\x0b\xf8\xb2$\
\xe8d\x00\x00\x00\x00IEND\xaeB`\x82\
\x00\x00<\x9e\
\x89\
PNG\x0d\x0a\x1a\x0a\x00\x00\x00\x0dIHDR\x00\
\x00\x00 \x00\x00\x00 \x08\x03\x00\x00\x00D\xa4\x8a\xc6\
\x00\x00\x00\x09pHYs\x00\x00\x0b\x13\x00\x00\x0b\x13\
\x01\x00\x9a\x9c\x18\x00\x009\xa6iTXtXML\
:com.adobe.xmp\x00\x00\
\x00\x00\x00<?xpacket beg\
in=\x22\xef\xbb\xbf\x22 id=\x22W5M\
0MpCehiHzreSzNTc\
zkc9d\x22?>\x0a<x:xmpm\
eta xmlns:x=\x22ado\
be:ns:meta/\x22 x:x\
mptk=\x22Adobe XMP \
Core 5.6-c132 79\
.159284, 2016/04\
/19-13:13:40    \
    \x22>\x0a   <rdf:R\
DF xmlns:rdf=\x22ht\
tp://www.w3.org/\
1999/02/22-rdf-s\
yntax-ns#\x22>\x0a    \
  <rdf:Descripti\
on rdf:about=\x22\x22\x0a\
            xmln\
s:xmp=\x22http://ns\
.adobe.com/xap/1\
.0/\x22\x0a           \
 xmlns:xmpMM=\x22ht\
tp://ns.adobe.co\
m/xap/1.0/mm/\x22\x0a \
           xmlns\
:stRef=\x22http://n\
s.adobe.com/xap/\
1.0/sType/Resour\
ceRef#\x22\x0a        \
    xmlns:stEvt=\
\x22http://ns.adobe\
.com/xap/1.0/sTy\
pe/ResourceEvent\
#\x22\x0a            x\
mlns:dc=\x22http://\
purl.org/dc/elem\
ents/1.1/\x22\x0a     \
       xmlns:pho\
toshop=\x22http://n\
s.adobe.com/phot\
oshop/1.0/\x22\x0a    \
        xmlns:ti\
ff=\x22http://ns.ad\
obe.com/tiff/1.0\
/\x22\x0a            x\
mlns:exif=\x22http:\
//ns.adobe.com/e\
xif/1.0/\x22>\x0a     \
    <xmp:Creator\
Tool>Adobe Photo\
shop CC 2015.5 (\
Macintosh)</xmp:\
CreatorTool>\x0a   \
      <xmp:Creat\
eDate>2016-08-02\
T14:50:18+03:00<\
/xmp:CreateDate>\
\x0a         <xmp:M\
odifyDate>2016-0\
8-02T14:52:23+03\
:00</xmp:ModifyD\
ate>\x0a         <x\
mp:MetadataDate>\
2016-08-02T14:52\
:23+03:00</xmp:M\
etadataDate>\x0a   \
      <xmpMM:Ins\
tanceID>xmp.iid:\
4f4f0b3a-06ed-4b\
9a-b969-cde0a2d6\
4b8d</xmpMM:Inst\
anceID>\x0a        \
 <xmpMM:Document\
ID>xmp.did:83829\
2D550CB11E689D8B\
84085AD92F4</xmp\
MM:DocumentID>\x0a \
        <xmpMM:D\
erivedFrom rdf:p\
arseType=\x22Resour\
ce\x22>\x0a           \
 <stRef:instance\
ID>xmp.iid:83829\
2D250CB11E689D8B\
84085AD92F4</stR\
ef:instanceID>\x0a \
           <stRe\
f:documentID>xmp\
.did:838292D350C\
B11E689D8B84085A\
D92F4</stRef:doc\
umentID>\x0a       \
  </xmpMM:Derive\
dFrom>\x0a         \
<xmpMM:OriginalD\
ocumentID>xmp.di\
d:838292D550CB11\
E689D8B84085AD92\
F4</xmpMM:Origin\
alDocumentID>\x0a  \
       <xmpMM:Hi\
story>\x0a         \
   <rdf:Seq>\x0a   \
            <rdf\
:li rdf:parseTyp\
e=\x22Resource\x22>\x0a  \
                \
<stEvt:action>sa\
ved</stEvt:actio\
n>\x0a             \
     <stEvt:inst\
anceID>xmp.iid:4\
f4f0b3a-06ed-4b9\
a-b969-cde0a2d64\
b8d</stEvt:insta\
nceID>\x0a         \
         <stEvt:\
when>2016-08-02T\
14:52:23+03:00</\
stEvt:when>\x0a    \
              <s\
tEvt:softwareAge\
nt>Adobe Photosh\
op CC 2015.5 (Ma\
cintosh)</stEvt:\
softwareAgent>\x0a \
                \
 <stEvt:changed>\
/</stEvt:changed\
>\x0a              \
 </rdf:li>\x0a     \
       </rdf:Seq\
>\x0a         </xmp\
MM:History>\x0a    \
     <dc:format>\
image/png</dc:fo\
rmat>\x0a         <\
photoshop:ColorM\
ode>3</photoshop\
:ColorMode>\x0a    \
     <tiff:Orien\
tation>1</tiff:O\
rientation>\x0a    \
     <tiff:XReso\
lution>720000/10\
000</tiff:XResol\
ution>\x0a         \
<tiff:YResolutio\
n>720000/10000</\
tiff:YResolution\
>\x0a         <tiff\
:ResolutionUnit>\
2</tiff:Resoluti\
onUnit>\x0a        \
 <exif:ColorSpac\
e>65535</exif:Co\
lorSpace>\x0a      \
   <exif:PixelXD\
imension>32</exi\
f:PixelXDimensio\
n>\x0a         <exi\
f:PixelYDimensio\
n>32</exif:Pixel\
YDimension>\x0a    \
  </rdf:Descript\
ion>\x0a   </rdf:RD\
F>\x0a</x:xmpmeta>\x0a\
                \
                \
                \
                \
                \
                \
    \x0a           \
                \
                \
                \
                \
                \
         \x0a      \
                \
                \
                \
                \
                \
              \x0a \
                \
                \
                \
                \
                \
                \
   \x0a            \
                \
                \
                \
                \
                \
        \x0a       \
                \
                \
                \
                \
                \
             \x0a  \
                \
                \
                \
                \
                \
                \
  \x0a             \
                \
                \
                \
                \
                \
       \x0a        \
                \
                \
                \
                \
                \
            \x0a   \
                \
                \
                \
                \
                \
                \
 \x0a              \
                \
                \
                \
                \
                \
      \x0a         \
                \
                \
                \
                \
                \
           \x0a    \
                \
                \
                \
                \
                \
                \
\x0a               \
                \
                \
                \
                \
                \
     \x0a          \
                \
                \
                \
                \
                \
          \x0a     \
                \
                \
                \
                \
                \
               \x0a\
                \
                \
                \
                \
                \
                \
    \x0a           \
                \
                \
                \
                \
                \
         \x0a      \
                \
                \
                \
                \
                \
              \x0a \
                \
                \
                \
                \
                \
                \
   \x0a            \
                \
                \
                \
                \
                \
        \x0a       \
                \
                \
                \
                \
                \
             \x0a  \
                \
                \
                \
                \
                \
                \
  \x0a             \
                \
                \
                \
                \
                \
       \x0a        \
                \
                \
                \
                \
                \
            \x0a   \
                \
                \
                \
                \
                \
                \
 \x0a              \
                \
                \
                \
                \
                \
      \x0a         \
                \
                \
                \
                \
                \
           \x0a    \
                \
                \
                \
                \
                \
                \
\x0a               \
                \
                \
                \
                \
                \
     \x0a          \
                \
                \
                \
                \
                \
          \x0a     \
                \
                \
                \
                \
                \
               \x0a\
                \
                \
                \
                \
                \
                \
    \x0a           \
                \
                \
                \
                \
                \
         \x0a      \
                \
                \
                \
                \
                \
              \x0a \
                \
                \
                \
                \
                \
                \
   \x0a            \
                \
                \
                \
                \
                \
        \x0a       \
                \
                \
                \
                \
                \
             \x0a  \
                \
                \
                \
                \
                \
                \
  \x0a             \
                \
                \
                \
                \
                \
       \x0a        \
                \
                \
                \
                \
                \
            \x0a   \
                \
                \
                \
                \
                \
                \
 \x0a              \
                \
                \
                \
                \
                \
      \x0a         \
                \
                \
                \
                \
                \
           \x0a    \
                \
                \
                \
                \
                \
                \
\x0a               \
                \
                \
                \
                \
                \
     \x0a          \
                \
                \
                \
                \
                \
          \x0a     \
                \
                \
                \
                \
                \
               \x0a\
                \
                \
                \
                \
                \
                \
    \x0a           \
                \
                \
                \
                \
                \
         \x0a      \
                \
                \
                \
                \
                \
              \x0a \
                \
                \
                \
                \
                \
                \
   \x0a            \
                \
                \
                \
                \
                \
        \x0a       \
                \
                \
                \
                \
                \
             \x0a  \
                \
                \
                \
                \
                \
                \
  \x0a             \
                \
                \
                \
                \
                \
       \x0a        \
                \
                \
                \
                \
                \
            \x0a   \
                \
                \
                \
                \
                \
                \
 \x0a              \
                \
                \
                \
                \
                \
      \x0a         \
                \
                \
                \
                \
                \
           \x0a    \
                \
                \
                \
                \
                \
                \
\x0a               \
                \
                \
                \
                \
                \
     \x0a          \
                \
                \
                \
                \
                \
          \x0a     \
                \
                \
                \
                \
                \
               \x0a\
                \
                \
                \
                \
                \
                \
    \x0a           \
                \
                \
                \
                \
                \
         \x0a      \
                \
                \
                \
                \
                \
              \x0a \
                \
                \
                \
                \
                \
                \
   \x0a            \
                \
                \
                \
                \
                \
        \x0a       \
                \
                \
                \
                \
                \
             \x0a  \
                \
                \
                \
                \
                \
                \
  \x0a             \
                \
                \
                \
                \
                \
       \x0a        \
                \
                \
                \
                \
                \
            \x0a   \
                \
                \
                \
                \
                \
                \
 \x0a              \
                \
                \
                \
                \
                \
      \x0a         \
                \
                \
                \
                \
                \
           \x0a    \
                \
                \
                \
                \
                \
                \
\x0a               \
                \
                \
                \
                \
                \
     \x0a          \
                \
                \
                \
                \
                \
          \x0a     \
                \
                \
                \
                \
                \
               \x0a\
                \
                \
                \
                \
                \
                \
    \x0a           \
                \
                \
                \
                \
                \
         \x0a      \
                \
                \
                \
                \
                \
              \x0a \
                \
                \
                \
                \
                \
                \
   \x0a            \
                \
                \
                \
                \
                \
        \x0a       \
                \
                \
                \
                \
                \
             \x0a  \
                \
                \
                \
                \
                \
                \
  \x0a             \
                \
                \
                \
                \
                \
       \x0a        \
                \
                \
                \
                \
                \
            \x0a   \
                \
                \
                \
                \
                \
                \
 \x0a              \
                \
                \
                \
                \
                \
      \x0a         \
                \
                \
                \
                \
                \
           \x0a    \
                \
                \
                \
                \
                \
                \
\x0a               \
                \
                \
                \
                \
                \
     \x0a          \
                \
                \
                \
                \
                \
          \x0a     \
                \
                \
                \
                \
                \
               \x0a\
                \
                \
                \
                \
                \
                \
    \x0a           \
                \
                \
                \
                \
                \
         \x0a      \
                \
                \
                \
                \
                \
              \x0a \
                \
                \
                \
                \
                \
                \
   \x0a            \
                \
                \
                \
                \
                \
        \x0a       \
                \
                \
                \
                \
                \
             \x0a  \
                \
                \
                \
                \
                \
                \
  \x0a             \
                \
                \
                \
                \
                \
       \x0a        \
                \
                \
                \
                \
                \
            \x0a   \
                \
                \
                \
                \
                \
                \
 \x0a              \
                \
                \
                \
                \
                \
      \x0a         \
                \
                \
                \
                \
                \
           \x0a    \
                \
                \
                \
                \
                \
                \
\x0a               \
                \
                \
                \
                \
                \
     \x0a          \
                \
                \
                \
                \
                \
          \x0a     \
                \
                \
                \
                \
                \
               \x0a\
                \
                \
                \
                \
                \
                \
    \x0a           \
                \
                \
                \
                \
                \
         \x0a      \
                \
                \
                \
                \
                \
              \x0a \
                \
                \
                \
                \
                \
                \
   \x0a            \
                \
                \
                \
                \
                \
        \x0a       \
                \
                \
                \
                \
                \
             \x0a  \
                \
                \
                \
                \
                \
                \
  \x0a             \
               \x0a\
<?xpacket end=\x22w\
\x22?>\x10bD\xca\x00\x00\x00 cHRM\x00\
\x00z%\x00\x00\x80\x83\x00\x00\xf9\xff\x00\x00\x80\xe9\x00\
\x00u0\x00\x00\xea`\x00\x00:\x98\x00\x00\x17o\x92\
_\xc5F\x00\x00\x015PLTE\x00\x00\x00\xff\xff\
\xffA\xcdRA\xcdRA\xcdRA\xcdRA\xcdR\
B\xcdSC\xceTD\xceUE\xceUE\xceVK\
\xd0[M\xd0]N\xd0^N\xd1^Q\xd1aU\xd2\
d]\xd4k^\xd5l`\xd5nc\xd6qd\xd6r\
e\xd6sh\xd7uh\xd7vi\xd8wq\xda~v\
\xdb\x82z\xdc\x86|\xdc\x88\x80\xdd\x8b\x84\xdf\x8f\x86\xdf\
\x91\x89\xe0\x93\x8a\xe0\x94\x8b\xe0\x95\x8e\xe1\x99\x92\xe2\x9c\
\x93\xe3\x9d\x94\xe3\x9e\x97\xe4\xa1\x9a\xe4\xa3\x9a\xe5\xa3\x9b\
\xe5\xa4\x9d\xe5\xa5\x9f\xe6\xa7\xa0\xe6\xa8\xa1\xe6\xaa\xa2\xe6\
\xaa\xa5\xe7\xad\xa6\xe8\xae\xa8\xe8\xb0\xa9\xe8\xb0\xac\xe9\xb4\
\xad\xe9\xb4\xae\xea\xb5\xb2\xeb\xb8\xb4\xeb\xba\xb4\xeb\xbb\xb8\
\xec\xbf\xbb\xed\xc1\xbd\xee\xc3\xbe\xee\xc4\xbf\xee\xc5\xc0\xef\
\xc6\xc1\xef\xc7\xc3\xef\xc9\xc4\xf0\xc9\xc7\xf0\xcc\xc8\xf0\xcd\
\xc9\xf1\xcd\xcb\xf1\xd0\xcd\xf2\xd2\xcf\xf2\xd3\xd0\xf3\xd4\xd3\
\xf3\xd7\xd5\xf4\xd8\xd7\xf4\xda\xd8\xf5\xdc\xd9\xf5\xdc\xda\xf5\
\xde\xdb\xf6\xde\xdc\xf6\xdf\xe0\xf7\xe3\xe1\xf7\xe4\xe3\xf8\xe5\
\xe3\xf8\xe6\xec\xfa\xed\xf1\xfb\xf2\xf2\xfb\xf3\xf2\xfc\xf3\xf3\
\xfc\xf4\xf4\xfc\xf5\xf5\xfc\xf6\xf6\xfd\xf7\xf7\xfd\xf8\xfa\xfe\
\xfa\xfb\xfe\xfb\xfb\xfe\xfc\xfc\xfe\xfc\xfe\xff\xfe\xff\xff\xff\
\xc0\xf2\xf6O\x00\x00\x00\x06tRNS\x00\x00%-\
\xe4\xeb\xc4\x15\x806\x00\x00\x01\x1fIDAT8\xcb\
\xcd\x93WW\xc2@\x14\x84W\xca%*\x11\x1b*J\
\xec\xbd+XPT\xec\x05\x11{\x8f\x22\xca\xfc\xff\x9f\
`6\xcb\x837\xac\xe4\xcd\xe3\xbc\xcc\xdc\xccw\x92=\
\x9b]\xd1\xe0#\xf1\x07\x80\xa3`\x98~\x97_O~\
=\x89@\xfd\x9eD\xa8\x1a\xa2\x93\x87\xc5\x8b\xbd\x91\xc6\
\x1a\xa0\xea\x9d\x8fpu\x1ds\x86\x03\xac\xd6\x00\x05|\
\xa4\x92\xd6\x06\xb0\xa9\x07\x12\xc0\xa8\xf45\x94\xa3\x86y\
\x84\x8ci63`\x0e\xa5&\xe9\x1d\x80\xd5\xad>6\
\xcc\x80-\x9c\xab\xf0\x8e\xa9\xb8\xfd\x85\xb2m\x0f2\xe0\
\x04\xbb*< \xad]C\x1eY\x15nd\xa7\x01N\
\xb1\xa3\xc2\x1dRZ \x873\x15\x9e1\xab\x05\x96\xf0\
\x14\x91\xde\x06\xf4\x13\xed#\xe3\x05\xfa\x80\x01\xe9\x0b\xa8\
\xb4\x12e\x91\xf3\x02\xc6-J\x8bIk\xbd\x82m\xf7\
}o\xe9\xe5^\xbe\xd5=/j{\xaeZ\x9c!\xfe\
\xe9\xa4q\x0ePl\xfa\xb8XxE\xde]J\xd7\xfc\
\xcaD\xbb\x07p5\x06\x0c\xf1\xbf\x1d\xe2@\xe4\x12\xf7\
\xc6\xcf\x07\xe1\x00\x07(1c\xb2>(D\xbd\xe3&\
{\xe1\xd7\x8b\x7fp7\xbf\x01;\xaaB\xaab\x03w\
\x08\x00\x00\x00\x00IEND\xaeB`\x82\
\x00\x00\x05S\
\x89\
PNG\x0d\x0a\x1a\x0a\x00\x00\x00\x0dIHDR\x00\
\x00\x00\x18\x00\x00\x00\x18\x08\x06\x00\x00\x00\xe0w=\xf8\
\x00\x00\x05\x1aIDATx^\xb5\x96[lUU\
\x1a\xc7\xffk\xad}9\xfb\x9c}\xae\xbd\x9c\xf6\xd4^\
,`,\x01QHI\x8b05\xce$\x1aCF\x8a\
\x99\xa0\x81\xb9E\x831138\x9aP\x15cD}\
\x10\x1e\x90\x80\x93\x0c30q\x12\xa36\xc1`bL\
\xe7Ag\x12h(1^\x86\x0eE.\xa5\x85\xb6\xf6\
X\x0e\xed9\x87s\xdb\x97\xb5?\x9bVz,\xb6\xc4\
\x17\x7f\xc9\xffeg\x7f\xdfo\xed/\xd9k-FD\
\xf89\xe1\xb8\x05\xec\x15\x16f;\xd9\xe6\xe8\xae\xe8\xbe\
\x8e\x83\x1d\x9f\xbf\xfa\xefW\x8bo\x1d\x7f\xcb\xde\xfe\xce\
\xf6\x81\xf67\xdb\xff\x1ey>\xb2e\xfa\x9d\x08n\x05\
\x11-\x18\xd1\x85\xc7\xd6\xecY\x9d}\xe6\xd8\x0e\xda\xd3\
\xbb\x87\x0e\x9f=L\x07\xfa\x0f\xcc\xe4\xc8\xd9#\xb4\xbf\
o?\xed\xfch'-\xdf\xdd\x92\x15\xcfb\xeb\x0fk\
\xf9\x1b\xd8\x14\xdc\x17\xf8\x07\x11\xe1G#\x0a\xbe\xc0\xa2\
\xe4\x1a\xff\xdatW\xe7\xc6\xbb\x96\xad\x82\x03\x07\xb7B\
\x81\x82\xaf/\x0e\xe0\x83\xff\x1f\xfd\x88|\xf9?\xba\x5c\
{v\xd3\x1d\x8ft].\x0e\xa1\xf7\x0f'\x99\x822\
0w\x98\xb1\xb8\xdex\xa1s\xfd#1\xcd\xd41\x95\
\x9f\xc2O\xa1\xb6\xb6\x0e\x7f\xaa\xd8\xb1\xf1\x93\x81\x9e\x91\
\xc6\xea\xa5\xbe\xe6\xeaf\x0c^<\x07\x00\x98'\xd0\x8b\
\xe8\xbe\xbf\xf5W1\x9b9\xb0\xf3\xe5\x95\xbb\xb6\x8b\xb1\
\xf11\xa4&S\x90\x8eD$\x1aA\x22\x9e\x80\x196\
\x01\x869\xda[:|\xaet\x91\xcdg\xe1Ig\xbe\
 \xfeT\xe0\x89\xbbok\xfd\xa5\xa7\x10\xf2\x85<\x00\
\x80\x81app\x10\xbd\x9f\xf5\xc2\x91\x0eT\xae\x80\x81\
\xc3\xf6\xec\x99\xca\xa6\xc6&\xb4\xadm\x83\xdf\xe7\xc7\x0c\
T\x0eyT\x16\xd4=\x17\x0a\x87\xbd\xca\xfd\xd5\x89\x1a\
\xe4\xf29\x00\x80\x80\xc0\x89\xbe\x13\x18I\x8e\xc0\xf0T\
\x980\x92\x5c\xe0\x1c\x11\x98\xb4\x8c;K\xc2\xae\x1e.\
\x0cc\xfc\xd48\xd6\xadZ\x87\xaaP\x15\xe0\x01\x90\xb3\
!\xe9\x96\x05\x9a'\x1e\x8eE\xaa\xfd\xd9\xc2u\xdc`\
tdt\xa6yT5l\x7fH\xf9\xed\xe8?\xb3\xdd\
\xf3\xe6\xbe-\xd8\x95K;\xaf\xe7\xea-~2y\x12\
\xeb\x83\xeb\xa1A\x9b\x95\xb8\x80\x87\xb2\x00\xc8\xf3\x0e\xaa\
\xc0\xdch\xac\x92\x85\xfes\xfd0\xa1#\x1c\xf7=<\
\xf4\xd7\xc9\x1e\xdc\x84p\xf8j\xb7^r\xdc\x06\x98\xaa\
\x89\xac\xc8\xc2\xf0\x0c\x80f\x05dSY`\xe7\xe5\x1a\
YE\xc8\xe5f\xc7311\x01\x22\x82\xc1Er\xa1\
\xe65\x9d\xe6\x93S\xabJ\xbf\xf1\xff:\x88f\x96\x80\
a\x19\xa0\x0c!u-\x85\xccD\x06\x99d\x06\x01Y\
\x16\xc0\xb3\xc4\xd2|1\x8f\x1bdr\x19p\x9d\x81\x18\
\xf5c\x01\xac\xeb\xdef\x9e\xe7p?\xb40j]\x06\
w\x18\xa8(!m\x09\xe61\x08>\x9d\xa8\xb6\xab\xfc\
\x05\x96\x85+cW \xb8\x00S\x18\xf2j\x1e\xc2\xcf\
\xe1\xa6\xc1\xb1\x00iY| 6\x1e\xc3\x0c\x8e-\x5c\
\x103t\x92R\x0d\x11\x18\xe0\x0b\xa50\xb2\xb7X\x1e\
\x11\xd3\xe9R\xa9P\x5c\xe9\x09\x02\xc2\x00\x82\x00\x0f\x0b\
xY\xb4`\x01\xe8?\x84\x1bD\x1f\xf4\x07\x8b\x95\x96\
W\xcap'\xc0\xd3.qUfm\x1f\x01\xa0\xb9\xcd\
\xceV\xdc/L\xae\x01A\xcc&\x048A\x09\xe3v\
\x91\xa8\xfeK`3\x16\xa1b\x8b\x110\x9a\xd5\xe5b\
-o\xf4\xee\xf3j\xd2\xedn\xac\xb8\xd2\x09\xfakT\
=\xf4\x84\xce\xe6\x04\x8eJ\xc7}\xba\x0a\x98e\x81\xa2\
q\xb8\x0d\x1e\x22!\xe3\xddDW\xb8\x037\x11\xdfn\
&bf\xe09\xbe\x92\xd6\xea\x8a\xb2BS\xc4\xb2\xe9\
\x9a\x06+\xe0\xc6\xc9\xa1\xa8\xab\xa1<\xa2\x92\xe2\x1c\x8d\
Y\xbe\x83j@\xf8\x1cSBh\x1c\xd3\x05\x90\xcc\x83\
\xd3 5\xf5*\xff\xef=\xaf\xd5\xf5e3\xa5\x1e\xe1\
0\xf2y\xeaz_Hi\xd1V\xf0\x94M\xe2\xb2\xe1\
\xe2\x0agl\x0c@\xd2T\xf4o\xed\x9c\x1c/\xd6\xdb\
\xe3s\x02:Bi\xf1(\xfb\xf3\xedN\xeco\x97\xf4\
I\xa8\x82OG\xc0\xa7(\x00g0\xea\x044\x9d\xb7\
-a\x15m\x0c\x0cEaAu\xb9t\xa4\xa7\xfa%\
<\xc1\x98d\x0c\x1e\x11y\xd5\x05\x93.\xf0\xab_\xd1\
\xcb4\x7f/\x92\xef\xd1\xa1\xe8c\xc6\xef\x1a\xeb\xa3\xf7\
\xa6x\x1e\x9a\x10\xd0\x14\x05\xba\x22\xe0SUH\x85\x90\
4\xaeC\xaa\xde\xf7?\x1a\x13jI\xc4\x85\xcd8\x00\
\xe9\x81\xbcz\x8a\xc8\xd3\xe7\xc7\xcfx\x87\x90\x5c\xf0D\
K\xcb\xd2F\x0cQ\xbaID\xa1\x0a>'\x11:C\
1\xe4\xa0\x10\xb1\x91\x8fN'f\xa3\x10uf\x9e1\
\x9dUi\x8a\xa8_\xa2W\xd4]\xf8\xf2\x1aJ\x8e\xdb\
C\xa0\xc5O4t\x22T\xf9\xb8\xff\xe3\xe0\x8b:\xdd\
\xf3n-\xad\xeeN\xd0\x8a\x9e85\xf7\xc5(q&\
H\x95\x97\xfcT9\xe4\xa7\xda\x81 5\x9f\x8a\xd2\x86\
O\x9b(\xb1;d\xd5>\x1d<\x86\xdf\xc3\xb8\xa9\xdf\
\xe2G&\xb6\xe2\xa1\xd67\xea\xa7\x1a\xf6\x86\xa9\xe9\xfd\
\x08\xad\xfd_\x1dU\x0e\xfb)0\xa9\xd1\x92\xa9\x18\xfd\
b@\xa3\xd8\xdb\x06-\x7f)\x9e\xc2\x16<\xb4X\x9f\
[\xde*\xd86f\xa0\x80{!\xd0\xbe4Q\xb1\xa1\
n\xd9T\xab\x14\x0d\xec\x9b\xf3\xd9\xd3\xc3\xa3\x93\xa7<\
\xc2\x17\xe08J\xdddc\x11~\xf6k\xcbwP\xcf\
\x91\x90\xbe\x7fEE\x00\x00\x00\x00IEND\xaeB\
`\x82\
\x00\x00\x00\xa9\
\x89\
PNG\x0d\x0a\x1a\x0a\x00\x00\x00\x0dIHDR\x00\
\x00\x00\x07\x00\x00\x00\x06\x04\x03\x00\x00\x00\xfd \x99E\
\x00\x00\x00'PLTE\xff\xff\xff\x91\x00\x00\x91\x00\
\x00\x91\x00\x00\x91\x00\x00\x91\x00\x00\x91\x00\x00\x91\x00\x00\
\x91\x00\x00\x91\x00\x00\x91\x00\x00\x91\x00\x00\x91\x00\x00\xfc\
\xffe*\x00\x00\x00\x0ctRNS\x00\x190?D\
cr\x80\xed\xeag\xdd\x01jv~\x00\x00\x00%I\
DAT\x08\x1dc`\xb0\x11```=\xa3\xc8\xc0\
\x90s\xe6L\x01\x03W\xa7\xd2\x01\x06\x06oA \xc1\
\xc2c\x00\x00a\xe4\x06\x84\x14\xdf\x85n\x00\x00\x00\x00\
IEND\xaeB`\x82\
\x00\x00\x00\xb3\
\x89\
PNG\x0d\x0a\x1a\x0a\x00\x00\x00\x0dIHDR\x00\
\x00\x00\x0c\x00\x00\x00\x0c\x04\x03\x00\x00\x00\xa4[A\xd4\
\x00\x00\x00\x1bPLTE\x00\x00\x00\x00\x00\x00\x00\xa2\
\xff\xff\xff\xffddd\x95\x95\x95\x00\x00\x00:::\
\x00\x06\x0b\xf2\xcc+\xf1\x00\x00\x00\x02tRNS\x00\
j\xdb\xf4E~\x00\x00\x00EIDAT\x08[c\
`HKc\x00\x81$5\x01 \x99\x96\xa4\x06\xe2&\
))\xa9\x01\xc5AT\xb0\x19CZ\x93ZZ\x89\x19\
\x03c\x92Z(\x90\x07\xd4P\xe2\x02\xa4\x18S\x83\x8d\
\x81\x14C\xb2\x8b\x0b\x982\x06\xf3\xd2\x80\x00\x00s\xb1\
\x0f\xbf\xeba\x17[\x00\x00\x00\x00IEND\xaeB\
`\x82\
\x00\x00\x01\x7f\
\x89\
PNG\x0d\x0a\x1a\x0a\x00\x00\x00\x0dIHDR\x00\
\x00\x00\x10\x00\x00\x00\x10\x08\x03\x00\x00\x00(-\x0fS\
\x00\x00\x00\xb7PLTE\xff\xff\xff\x00\xbd\x00\x01\xbd\
\x01\x00\xb4\x00\x00\xb3\x00\x00\xde\x00\x00\xd4\x00\x00\xe9\x00\
\x0b\xb6\x0b\xc7\xf5\xb7\x82\xf1e\x06\xb6\x06\x02\xb4\x02\xa6\
\xef\x90\xc8\xf4\xb9\x0e\xa0\x0e\xa9\xf7\x94r\xf3S\x03\x91\
\x03\xba\xf6\xa9\x94\xefy\xb0\xf5\x9d\xd6\xf6\xca\xc2\xf4\xb1\
\xb6\xf4\xa3\xad\xf5\x99\xa6\xf7\x91\x04\xb5\x04\x07\xb5\x07\xd9\
\xf7\xcf]\xf0[@\xe6@&\xda&\x13\xcc\x13\x09\xb6\
\x09\x0d\xb8\x0d\x10\xb9\x10\x07\xb6\x07\x02\xb5\x02\x0f\xb8\x0f\
\xc5\xf3\xb6\xa1\xee\x88\x90\xeeu\x80\xf0cp\xf2R\x5c\
\xf6?0\xff!\x03\xf4\x02\x86\xf7m_\xf7?\x98\xf8\
\x8b\x0d\xcc\x0d\x09\x87\x09X\xf4X\x00\xf4\x00\x00{\x00\
G\xeeG<\xe5<1\xdb1&\xd0&\x00\xc9\x00\xd1\
\x13\xb8C\x00\x00\x00\x03tRNS\x00\xe0\xe0\x04\x02\
\xd5J\x00\x00\x00tIDATx^u\xcdE\x0e\
\xc3@\x14\x03\xd0N\xff\x84\x99\x99Sf\xc6\xfb\x9f\xab\
\x8a\x9a,\xfeT\xf5\xf2I\xb6G\x7fB\x94\x84 \x98\
d\xfa\x14\x83\xa41\xe0\xb8\x18ROV\x07\x18\xcf\x1a\
\xb16L\xcb\xa6@\xa1[n\xfd \x8c\xe2\xfd\xe1\x98\
\x17e\x05\x1d\xcc\x17\xcb\xd5z\xb3\xdd\x09\x1c\x7f\x82\xa1\
r\xbe\x5co\xdfJ\x1fz\x17(z\x81\x07\x07\x18\x9e\
<\x03\xaf7\x06\x02\xfd\xdeo>\xae\xfd\x08\xa9|\x08\
\xe0r\x00\x00\x00\x00IEND\xaeB`\x82\
\x00\x00\x07\x90\
\x89\
PNG\x0d\x0a\x1a\x0a\x00\x00\x00\x0dIHDR\x00\
\x00\x00@\x00\x00\x00@\x08\x03\x00\x00\x00\x9d\xb7\x81\xec\
\x00\x00\x00\x19tEXtSoftware\
\x00Adobe ImageRead\
yq\xc9e<\x00\x00\x03*iTXtXML\
:com.adobe.xmp\x00\x00\
\x00\x00\x00<?xpacket beg\
in=\x22\xef\xbb\xbf\x22 id=\x22W5M\
0MpCehiHzreSzNTc\
zkc9d\x22?> <x:xmpm\
eta xmlns:x=\x22ado\
be:ns:meta/\x22 x:x\
mptk=\x22Adobe XMP \
Core 5.6-c132 79\
.159284, 2016/04\
/19-13:13:40    \
    \x22> <rdf:RDF \
xmlns:rdf=\x22http:\
//www.w3.org/199\
9/02/22-rdf-synt\
ax-ns#\x22> <rdf:De\
scription rdf:ab\
out=\x22\x22 xmlns:xmp\
=\x22http://ns.adob\
e.com/xap/1.0/\x22 \
xmlns:xmpMM=\x22htt\
p://ns.adobe.com\
/xap/1.0/mm/\x22 xm\
lns:stRef=\x22http:\
//ns.adobe.com/x\
ap/1.0/sType/Res\
ourceRef#\x22 xmp:C\
reatorTool=\x22Adob\
e Photoshop CC 2\
015.5 (Macintosh\
)\x22 xmpMM:Instanc\
eID=\x22xmp.iid:838\
292D050CB11E689D\
8B84085AD92F4\x22 x\
mpMM:DocumentID=\
\x22xmp.did:838292D\
150CB11E689D8B84\
085AD92F4\x22> <xmp\
MM:DerivedFrom s\
tRef:instanceID=\
\x22xmp.iid:838292C\
E50CB11E689D8B84\
085AD92F4\x22 stRef\
:documentID=\x22xmp\
.did:838292CF50C\
B11E689D8B84085A\
D92F4\x22/> </rdf:D\
escription> </rd\
f:RDF> </x:xmpme\
ta> <?xpacket en\
d=\x22r\x22?>\x01\xf0\xc2F\x00\x00\x01\xaaP\
LTE\x00\x00\x00\xff\xff\xffA\xcdRA\xcdRA\
\xcdRB\xcdSC\xceTE\xceUE\xceVF\xce\
WG\xcfWH\xcfXI\xcfYJ\xcfZK\xd0[\
L\xd0\x5cN\xd0^N\xd1^P\xd1`T\xd2cU\
\xd2dW\xd3fX\xd3gY\xd3hZ\xd3hZ\xd4\
i[\xd4j\x5c\xd4j]\xd4k^\xd5l`\xd5n\
a\xd5oc\xd6qd\xd6rf\xd7sf\xd7th\
\xd7vk\xd8xn\xd9{o\xd9|p\xd9}q\xda\
}q\xda~r\xda\x7fs\xda\x7ft\xda\x80w\xdb\x83\
x\xdc\x84y\xdc\x85{\xdc\x87}\xdd\x88}\xdd\x89\x80\
\xdd\x8b\x81\xde\x8c\x83\xde\x8e\x84\xdf\x8f\x86\xdf\x91\x89\xe0\
\x93\x8a\xe0\x94\x8b\xe0\x95\x8e\xe1\x99\x90\xe2\x9a\x91\xe2\x9b\
\x93\xe3\x9d\x94\xe3\x9d\x94\xe3\x9e\x95\xe3\x9f\x97\xe4\xa0\x97\
\xe4\xa1\x99\xe4\xa2\x9a\xe5\xa3\x9b\xe5\xa4\x9d\xe5\xa5\x9d\xe5\
\xa6\xa0\xe6\xa9\xa1\xe6\xaa\xa2\xe6\xaa\xa6\xe8\xae\xa8\xe8\xb0\
\xa9\xe8\xb0\xaa\xe9\xb2\xab\xe9\xb2\xac\xe9\xb3\xae\xea\xb5\xb2\
\xeb\xb9\xb4\xeb\xba\xb4\xeb\xbb\xb5\xec\xbc\xb6\xec\xbd\xb7\xec\
\xbd\xb8\xec\xbf\xba\xed\xc0\xbd\xee\xc3\xc0\xee\xc5\xc0\xef\xc6\
\xc2\xef\xc7\xc3\xef\xc8\xc3\xef\xc9\xc4\xf0\xc9\xc6\xf0\xcb\xc9\
\xf1\xcd\xca\xf1\xcf\xcb\xf1\xd0\xcc\xf1\xd0\xcc\xf2\xd1\xcd\xf2\
\xd2\xce\xf2\xd2\xcf\xf2\xd3\xd0\xf3\xd4\xd2\xf3\xd6\xd3\xf3\xd7\
\xd4\xf4\xd8\xd5\xf4\xd8\xd8\xf5\xdc\xd9\xf5\xdc\xda\xf5\xdd\xdb\
\xf6\xde\xdc\xf6\xdf\xde\xf6\xe1\xe2\xf7\xe5\xe3\xf8\xe5\xe4\xf8\
\xe7\xe6\xf8\xe8\xe8\xf9\xea\xe9\xf9\xeb\xeb\xfa\xed\xec\xfa\xed\
\xef\xfb\xf0\xef\xfb\xf1\xf0\xfb\xf1\xf2\xfb\xf3\xf2\xfc\xf3\xf6\
\xfd\xf7\xf7\xfd\xf8\xf8\xfd\xf9\xf9\xfd\xfa\xfb\xfe\xfb\xfb\xfe\
\xfc\xfc\xfe\xfc\xfd\xfe\xfd\xfe\xff\xfe\xff\xff\xff\xb5A@\
)\x00\x00\x00\x04tRNS\x00\x00\x06\xb2\xc0\xa6\x13\
\xbc\x00\x00\x026IDATX\xc3\xed\x97\xeb_\x0c\
Q\x18\xc7g\xeaY\x12m\xac\x5c\x0b\x11\xcb\x90\xec\xe6\
\x92q\x89!\x22\x91k\x94\x95\xfb\xb5b\x95\x12\x85\xc2\
b\xd9\xef\xff\xec\xc5\xce\xee\x9cvuf\xd6\xbc\xdd\xe7\
\xdd\xf3;\x9f\xef\xf73g\xce\x9cs>c\x98!\xcb\
\xa8\x0a\xaa\x02\xd34\x0d\xb7jj\xe5\xff*,/a\
y\x09\xcbKX^\xc2\xf2\x12\x96\x97\xb0\xbc\x18\xe5|\
d\xf7\xc5\xd4\xe8\xdb\xf4\xb3\xc1\x93\x9b\x83\x08\xca\xf0\xee\
9\x8a5\x16/\xe61\xcb\xb2\xacz\x7fA\xe3K\xd4\
\xca](\x0ct\x02l\xf0\x15,\x1b\xa5\xa4\xba+\x13\
\x9c\x06`\xae?\xb9kO\xd7\xd0O\x80\x1f\x1b+\x11\
\xd4\xcf\x03\xdcv\xa7\xda\xfc\x01\xe0f%\x82.\x80t\
\xa4\xd0\xb6d\x81\xcc\xaa\x0a\x04#\x00\x07\xbc>\x05\x90\
\x14i\xb6\xed\x1b\x00=\xb6m\xdb\x1d\x1a\xc1\x02\xb0\x10\
\xf1\xfa\x04\xc0U\x11[}\xadcK\x0b\xd6\x01<P\
\x175\x97\x07\x82\x0a\xf6\x01\x5cR\x93Y\xe0Sp\xc1\
Q\x80cj2\x0e\xe4D\xb6:\xce\x1d\x80~\xc7q\
\x9cCK\x0bN\xb8\xef\xcc\xab\xfb\x00+\x03\xaf\xc2Y\
\x00KM\x86\x01b\x81\x05}e\x82\xa1\x22\x16Hp\
\xfe\xdfO\x10\x5cp\x0a`\xd1w\x92\x02X\x1dX`\
\x03\x1cQ\x93'\x00u\x81\x05I\x80sj2\x0d|\
\x0d\xbe\x17Z\x01\x06\xd5\xe3!\x03L\x06\x17,\xff\x05\
\xbcW\x826\x80aO\xb0\xc5o7\x8e\x03l+Y\
\xd7\xe3\x22\x22\xd2\x0e\xb0\xc3O\xd0\x0bp\xb7\xd8F\xbf\
\x00\xb9&\x11\x11\x89\x03$\xfc\x04MY\x80\x1ewC\
7>\x05x\x98o\xd6\x03\x5c\xf3=\x13o\x010\xe9\
\xeco\xdd\x99\xb8<\x0f\xf0\xdb\x9dQ\xe4;\xc0\xeb\x91\
G/\xae\xe8\x04kfKO\xe53\x85\xa1{\x85\xe4\
\x8d\xf6^h\xf9\xb8\xf8^\xe8\xf5\xd68\xebf\xd3\xfa\
\x9b):\x90Q\x04\xdfb\xde\x885\x91\xcf\xd2z\x81\
H\xc3\xc1\x81\xc7\x13SS\xaff\xbc\x8f\xc0\xad\xb5\xed\
\x9d\x1dm\x0d\xe2'(\xd4\xf6?\x00{+\xbd\x5c\x95\
\xba\x0e0\xb3B\xcb\xd7\xea\x04\xd1\xcf\x00}Z\xbeF\
'\x90\xc3\x00\xef\xea\xb4\xbcV \xcfI'#z^\
/\xd8\x14\xf7y~?\x81\xf8\xf3FX\xde\x08\xcb\x1b\
a\xf9\xea/OU`\x9a\xa6\xf9\x17\xe0\xa0G\x1e\xe8\
:\xdc\x91\x00\x00\x00\x00IEND\xaeB`\x82\
\x00\x00\x02\x0f\
\x89\
PNG\x0d\x0a\x1a\x0a\x00\x00\x00\x0dIHDR\x00\
\x00\x00\x16\x00\x00\x00\x16\x08\x03\x00\x00\x00\xf3j\x9c\x09\
\x00\x00\x00\xdbPLTE\x00\x00\x00\x00\x00\x00\x00\x00\
\x00\x00\x00\x00\x00\x00\x00\x00\x00\x00\x00\x00\x00\x00\x00\x00\
\x00\x00\x00\x00\x00\x00\x00\x00\x00\x00\x00\x00\x00\x00\x00\x00\
\x00\x00\x00\x00\x00\x00\x00\x00\x87\x87\x87\x00\x00\x00\x00\x00\
\x00***\x00\x00\x00\x89\x89\x89\x00\x00\x00\xff\xff\xff\
\x00\x00\x00\xc4\xc4\xc4\xf3\xf3\xf3\xe8\xe8\xe8ggg\xc1\
\xc1\xc1\xd9\xd9\xd9\xd0\xd0\xd0sssXXX\x90\x90\
\x90\xd5\xd5\xd5\xcc\xcc\xcc\xf0\xf0\xf0\xfd\xfd\xfd\xfa\xfa\xfa\
\xc7\xc7\xc7\xbf\xbf\xbf\xb4\xb4\xb4\xe5\xe5\xe5\xad\xad\xad\xb1\
\xb1\xb1\xe3\xe3\xe3\xf8\xf8\xf8\x96\x96\x96\xb9\xb9\xb9\xbc\xbc\
\xbc\xf6\xf6\xf6\xf7\xf7\xf7\xfc\xfc\xfc\xaa\xaa\xaa\xca\xca\xca\
\xa6\xa6\xa6\xd6\xd6\xd6\xed\xed\xed\xa2\xa2\xa2\xd3\xd3\xd3\xe9\
\xe9\xe9\x9f\x9f\x9f\x9c\x9c\x9c\xba\xba\xba\xdc\xdc\xdc\x99\x99\
\x99\xe1\xe1\xe1\x8d\x8d\x8dYYY\xde\xde\xde\xec\xec\xec\
\xdf\xdf\xdfgb\xfe\x16\x00\x00\x00\x18tRNS&\
M\x0d\x11G%\x0c\x02\x05:\x1b\x08\x0b\x22K\x07\xc4\
\xceg\xc8\xd8Z\x8c\x00\xd9\xbf\xfe\xa5\x00\x00\x00\xcbI\
DAT\x18WU\xd1E\x16\xc2@\x10E\xd1\x82\xb8\
\xe2\xd0\x90\x04www\xdf\xff\x8a\xe8\xa4\xe0\x84\xba\x93\
\xfe\xe7\x0d\xabA\xc9\xc4\xcb\xee\xbfJ*)\xc4@\x8d\
_\x9a\x94\x97\x00\x01\x8c\xf2\xa2E\xad\x98\xa6\x83\xe9\x8e\
\xe6T\x9e\x89\x16\xc8\xee\xac@y\xcc\x96 \xea\x16\x1a\
T\x87E\x80\xe7\xc6\x8b\x9ab\xde:\x8e\xc3~\xf8\x9e\
`>\x0c\xb9o\xf5g\x17s\xef\xed\x0bj\xb0\x06\x98\
o\xc5\x00\xaf8\xfa\x98\x9f5\xc4\xbe\xef\x12s\xb1D\
\xad1o\xea\xd4\x0e\xf3\xbeM\x1d1\x97\xf2\xd4\xc9\xcf\
r\xa5\xee\x11\xe7\xaa\x7f\x133U\xbd\x8e\xff\xdd\x1fi\
~A#\x99`T:\xcb\xef\xad\x0a\xa0\x89v$d\
\x8b\x1a\xff\x1d%&\xe8\x96\x04!\xc9\xd2\xf9_\xe6\x14\
\xd50\xe5hH6\x0dU\xf9\x00\x85\xd36\x0b%\x9e\
\x8bP\x00\x00\x00\x00IEND\xaeB`\x82\
\x00\x00\x01]\
\x89\
PNG\x0d\x0a\x1a\x0a\x00\x00\x00\x0dIHDR\x00\
\x00\x00\x18\x00\x00\x00\x18\x08\x03\x00\x00\x00\xd7\xa9\xcd\xca\
\x00\x00\x00\x87PLTE\x00\x00\x00@\xcdRB\xcd\
RA\xcdRB\xcdSE\xceUE\xceVF\xceW\
G\xcfWH\xcfXH\xcfYK\xd0[Q\xd1`W\
\xd3fX\xd3g[\xd4j]\xd4k]\xd4l_\xd5\
m`\xd5nc\xd6qv\xdb\x82w\xdb\x83z\xdc\x86\
}\xdd\x88\x9f\xe6\xa7\xa3\xe7\xab\xc5\xf0\xca\xc7\xf0\xcc\xc9\
\xf1\xce\xcf\xf2\xd3\xd0\xf3\xd4\xd2\xf3\xd6\xd4\xf4\xd8\xd5\xf4\
\xd9\xd6\xf4\xda\xec\xfa\xee\xef\xfb\xf1\xf5\xfc\xf6\xf9\xfd\xfa\
\xfb\xfe\xfb\xfb\xfe\xfc\xfd\xfe\xfd\xfe\xff\xfe\xff\xff\xff\xd7\
t\xae\x1c\x00\x00\x00\x03tRNS\x00\x7f\x80\xbfi\
\x22\xc7\x00\x00\x00\x82IDAT(S\xc5\xcd\xc9\x0e\
\x820\x14Fa\xf4\x14\x9c\xb1\x14\xb5\xce\xd4\x11\xa5\xf7\
\xfd\x9f\xcf\x05\xd1\xa4%\xae\xf97M\xce\x97\x9b&I\
\xef\x1b\x12\xee_'\xe8i\xda\x01\x00}y\xbdo\x05\
H\x0c\x87\xab^\xbac\x17\xb2f\x0b\xd6\x8fDD\x02\
X\xc8\x0aJ\xc9;\x17y\x0bZ\xc50\xf6\x16\xd6~\
\xa6\x9aI\xf4\xf9\xc9\x99\xe2\x5c\xc1\xddD`\x5c-\xbe\
\x84\xdd\xb3\x0e\x01\xd4\xfc\xb1\x07\xa6\x19\x0c\x02\x00\xbbi\
\xdfo\xff\x01Q\xefo\x1fG\x9b\x09\xd1\x1a\x22\x83\xca\
\x00\x00\x00\x00IEND\xaeB`\x82\
\x00\x00\x04M\
\x89\
PNG\x0d\x0a\x1a\x0a\x00\x00\x00\x0dIHDR\x00\
\x00\x00\x16\x00\x00\x00\x16\x08\x06\x00\x00\x00\xc4\xb4l;\
\x00\x00\x00\x04sBIT\x08\x08\x08\x08|\x08d\x88\
\x00\x00\x00\x09pHYs\x00\x00\x03b\x00\x00\x03b\
\x01\xcb<\x15\x14\x00\x00\x00\x19tEXtSof\
tware\x00www.inksca\
pe.org\x9b\xee<\x1a\x00\x00\x03\xcaID\
AT8O\xa5\x94\xddO[e\x1c\xc7\xfb\x17\xa8s\
\xcb\xc6.\x04c\xc5\x1cN\xcfi{ZZh\x1d\xac\
(\xc2j`\x11\xc6RI\x99\xc8[\x19L\x0a\xe9*\
\xe3\xc5F\x9a\x85\x8e\x0d\x90\xb7fl\x88\x9b\x8c\xc82\
!n#\x10\x10\xba\x82\x800d\xc6Mp\xc69\xf5\
F\xc8\x12/\x9c\xdex\xd7\xaf\xe7<]\x9f\xf6\x18.\
D/>9\xcf\xf3\xfb}\x7f\x9f\xe7\x9c\xd3\x17\x85o\
v?\xdb:\xb3?(^C\x22\xd8\x9e\xb8\x7fK\xa8\
u&Nt\xc5\xb1\x0a\xef\xe4\xbe\xe0\xf8\xbd\x06l>\
\xde\xc0\xd6\xe3\xfb;f\xf3\xf7\xef\xf0p\xeb\xeb\xf0Z\
t\xdc\x14]-\x13\xfb\x82\x0a\xcf\xcd\xbd!\xa9\xf0\xe7\
_\x8fvL`n\x12f\xb3\x09z\xbd\x1eVk6\
>\xfa\xb8\x9f\xc8=7\xf6\x86\x14\x8dc{\xf0\xd3o\
\xcbx\xf4\xc7\xf7;f\xfd\xc7%\xac\xde\x9d\xc5\xb7\x0f\
\x16q\xac\xb8\x10&\xf1\x90\x1f\xb6\x16\xd00\xba\x07\x0a\
\xf7\xd5\xdd\xd8\xd8\x9c\x22\xf2\xffB`\xe5\x1az\x07Z\
\xf1Z\xf6\xabx\xb7\xe9\x1d\xe2r\x8f\xec\x86\xa2\xee\xca\
\xb3X\xfb\xe5*\xd6\x7f\x9d\xa0L/_\x82\xf7\x9c\x0b\
oW\xd8`y%\x1d\x99Y\x16TT\xdb\xe1\xeb\xaa\
\xc7\xc2\xbd\x11Y\xb6\x7f\xe84\x0al\xb90\x1a\x8d\xa8\
9YJ\x5c\xb5C\xbb\xa081\xf8\x0c\x16\x1e\xf4c\
\xf5\xe7a\xac<\x1c\x82\xb7\xa3F\x0c\x19\xa0\xd3\xe9\xb6\
\xe5@\x9a\x09=\x97\x1aI>\x96S-\x0e\xf2\xae\xc7\
\xbeh\x83\xe4TT\xf6?\x8d\xe9\x8d3\x08\xdc\xefF\
\x81\xdd*\x93\xe8\x93\xf5\xc8\xc9\xcb\xc4\xa1\x9c\x0c2\x14\
\xdb;\xee\xb2\xc1\xed-F\xd5I\x1b\x9c\x8dv\xa4[\
\xcc$;\xb5\xee\x83Ct*\xca\xfa\x9e\xc2\x8d\xbb\x0d\
\xa8\xf7\xd9\xe9P\xaa\xc9\x08\xcf\x07\xc5\xb8~\xc7\x83\xc9\
u/a\xecv3j=6\xd9\x01\xf5\xbe\x22R\xab\
>U\x00\xdf\xc5r\x5c[j\x22.\xc9I\xc4\xe7\xc7\
K`0&?\x91\x1a\xf0\xe1\xd4q|\xf6\x8dK\x86\
\xa7\xa7\x10\xa3ku\xe8\xfc\xa4\x84<\x89\x94M\xb3\xa4\
bd\xc9)\xcb}z\xe7DT\x5c\xfd^\x16\x04A\
 \xb8\xcf\xe6b\xe4\xabR\x19\xe5\xeep?\xcf\x9e\x8e\
\xe1\xe5\x12\xba\x97\xf0\xf8\xf3d\xd9\xe1\xdbEQqN\
a8\xa4\xd3\x09\x18\x98\x7f\x03\x97W\xf2)%\xae\x83\
T\xa2\xd3\x0b8=dE\xe7\xf5\x5cZ+u[H\
n`\xf1\x10\xfa\xe6\x0e\xa0cV\x13\x15\x9b\xd2\xb4$\
\x94\xf1\xba\x06gg\x18t\x06\xd4\xe8\xba\xa5\x87\xdd\xa9\
\x8bJ\xc5C\xdd=&\xf8\xe7\xcd\xe8\x09\xa6\xc2\x90\x12\
\xaeg\x1f\xd1\x92\x99\xb6\xcf\x13)T\xfc\xb2%,>\
\x98\xa5AG\x80!\xbc\xe9\xe4\xa94B\xc5\xfb\x1c\xe9\
\x9d\x99d\xc4\xf7\x1c\x11Gg\x22P\xf1\xe1\x22\x1e\x1a\
\x8d\x06Z\xadx\xc7\x13,\xaa}\x1c\xd9K\x08\x82T\
\xd7R\x1c-<\xdc~\x8e\xeemUjt\x07Y\x19\
T\x5c\xd6\xc4\x83\xe7\xc3\x1cs\xf1\xe8\x9a\xe5`=\xca\
A\xad\xe1\xe1\xea\xe6\x89,\xd2\x97H\xcb\x8c\xae\x9d\xe7\
x\xf4\xcds2\xa8\xb8}\x5c\x0d!Y\x05\x95J\x05\
\x8eS\xa1q@\x8d\xde[j4\x0f\xf28\xbf\xa0&\
T\x8ar\xa9\x1fKj\xba\x0a\xfe\xb9p?\x16*\xbe\
\xf8\xa5\x80\xdav5\x18\x86!$\xb1\x0c\x0ak8\xf8\
F5\xb8\xb0(\xc0\x1f\x14\xd0\xd0\xaf\x819\x83\xa5\x19\
\x89\xa3\x0e\x15\x99\xfd'T<\xb8\xa2'\xe4\x97\xb2P\
*\x952\x18V\x89\xc4\x97\xe4\xb5X\x1c\xe2\x07\x1a\x99\
\x8f\x10\x11\x87.\xaf\x1a\x10\xa1\xbeW\x8d$\xeey\xc4\
\xc7\xc7o\x8b\xd6\xf0\x02\xf2\xcb\x18$$$\x10lU\
\x0c\x9d\x8d 9\xc5?\xa1]\xc1\x8e\xe9$\x5cYK\
\xa1\x5c\x08&\xa3\xae]\x85\x82\xcaD\xa4d<G8\
\xfc\x96\x12\xce6\x95\xf8c0\x92Ly3\x83#\x15\
/\xca\xe6$$\x97\xe4\x94\xee\x98\x95\x16\xd2)\xe4\x1b\
\xf2\xff\x08=q\xb1\x7f\x03{\x17p\xac\x89\xc4I\x90\
\x00\x00\x00\x00IEND\xaeB`\x82\
\x00\x00\x00\x83\
\x89\
PNG\x0d\x0a\x1a\x0a\x00\x00\x00\x0dIHDR\x00\
\x00\x00\x19\x00\x00\x00\x19\x02\x03\x00\x00\x00\xb9\x87m\xf0\
\x00\x00\x00\x09PLTE\x00\x00g\x00\x00\x00\xff\xff\
\xff\xcd\xcc\xbd\xb9\x00\x00\x00\x01tRNS\x00@\xe6\
\xd8f\x00\x00\x00(IDAT\x08[c` \x17\
h@\xe9%\x10\x8ai\x0a\x84\xe6\x0a\x81\xd0\x9c\xa1@\
\x10\x81\xa0a\xe20u0}ps(\x03\x00\xd78\
\x06\xeb(\xf5\xbe'\x00\x00\x00\x00IEND\xaeB\
`\x82\
\x00\x00\x03\xa1\
\x89\
PNG\x0d\x0a\x1a\x0a\x00\x00\x00\x0dIHDR\x00\
\x00\x00\x18\x00\x00\x00\x18\x08\x06\x00\x00\x00\xe0w=\xf8\
\x00\x00\x00\x04sBIT\x08\x08\x08\x08|\x08d\x88\
\x00\x00\x00\x09pHYs\x00\x00\x02\x99\x00\x00\x02\x99\
\x01\xe4\x94\xa5;\x00\x00\x00\x19tEXtSof\
tware\x00www.inksca\
pe.org\x9b\xee<\x1a\x00\x00\x03\x1eID\
ATH\x89\xad\xd4{,\x95q\x18\x07\xf0\xe3\xa5^\
\x1cj.\xa1\x17\x87\xd3*\xc9%\x97nS,\xba,\
\xd6d3ZH.#Nr\xc9\xa5u\x12j\xcbb\
\xd6\x96DmZ\xe1p\x84)\xd7H'\x8e%\x9d\x5c\
\x16\x93\xb4\x16\xa7\x5c\xb3\xd6\xda\xcc\x9d\xf3\xf4{_\x87\
a\xe8\x1c\xc7\xbb=\xff\xbc\xef~\x9f\xef\xb3\xdf\x9e\xe7\
\xa5\x01\x00m\xa3\xaa$`\x9bZ\x8d\xcf\xf6Z\xbe\x17\
\xf1\xb3\xc9\x87\xf0\x22\xdfm\x18\xfe\xd4CC\xe3\x8d\xbf\
\xce\x9fO\xb7\x9dA\xf8,\x06>G\x98\xcf\x96\xb8\x13\
\xe77\x04O\x09=\xba\x95\x17\xa4?\xfc\xfe\x92\x11t\
\xc6:\xc0\xd7x\x07\xa8\x0d\xb7\x85\x87\xa7\x89^\x99\xf1\
{,K\xd5Rn\xfaH\xf1\xa3[\xd0\xc6b@\x9b\
?\x01\xe5\xee\x04d8\x12\x10w\x5c\xabK\xb6\xce=\
U\x15\xf9)\x87\x9a\x8b\x0a\xf2\x81\xc7\xe3\xc1@k\x19\
Ty\xebQ\xf8]'\xad\xd9\x13\xc6\xf8I\x99\xf0\x96\
Du^\xf7}M\x18\xac\xbe\x00}\xbd? 55\
\x15\x1aK\x1fC\xb2\xb3\xce\xac\x05cS\x00\x8dF\xdb\
\xbc.<\xc1U\x05GxM\xcf\x03\x1d\x18\xad\xb0\x86\
\xc9:+h\xcf?\x0b\x82\x0f\x8dp\xe3Z\x98\xc8\xc2\
H=\x10\xe1\x8a\xeb\x9a\x221^\xdd\x93\xa6\x0bc5\
\xa7\x10n\x0d\xc3\xf9LhN\xa6\xc3\x13\xb6\xf5\xb4\x95\
\xb1f\xd0<.u@\xb8\xa3\xf2f\x84\xbf\x12\xa6\x1b\
\xc0x\xfd\xb99\x9c\xcb\x84&\x84\xe7\x84\xe3\x93\xbb\x08\
\xcc\x1b\xe1J\x8b\xcfH\x8bW\x083\x980!\x08\x86\
I\xfe~\xf8\x95gH\xe1\x9c\x08|j\xb7.\xe6\xbb\
\x1c\x978@\x8c\x97\x093\x0ca\xa2%\x1a&\xeb\xc5\
x\x922\xe4^\xc5\xa7\xf6\xe8b~+\xe1\x12\x05\x84\
9*+ \xbc\xb4'\x9d\x01\x13M\xa1\x08?\x00C\
\xb9\x06\xf0\x11\xe1y\x087\xd6\xc3\xc8iQ^\xed\xbc\
$\xf8\xcb\x9e4\x02\xc6\x1b\xbc\xa9\xce\x878s87\
\x12\x9f\xda\xab\x8f\x05\xae\x85\xaf\x19@\xe2\xcdw\xd4\x8b\
\xc9Q\x1c{{\x86\xba\xf3E\xf8\xb4\x89>\xc6\xfa\x1f\
\xbej\x80\x93\x05.\x8f\xf0\x22r\x89\xc6\xaal`\x0a\
u>\x98\xc3\xa0\xf0\xfc(|\xda\x94\x81]\x96\x04_\
1@\x8c\x17\x90\xf8h\x99\x19\xc2\xada0\x9b\x01\x02\
\x84?\x8f\xc6\xa7\xcd\x0c\xb0P\x84\xd3%\x9d\xbe\xe5\xd7\
\x82!\x9c\xfb\x1d-\xd1\xdfR+\x0a\x1f\xc8\xd2\xa7\xf0\
\x02\x84\x9b\x1bba\xd2\xe0K\x02P\xc7r\xad\x89\x1a\
\x9co\x99&\xd0_\xe5\x8a\x16\xe9\xe0\x02^\x18C\xe1\
\x91\xd2\xe2K\x02:\xca}=\xbb__\x9c\xe9\xe3\xb3\
\xa0\xa3\xc4\x0d\xda9\xb6\xd0\x90j@\xe23\xfb\x98X\
\xd4z\xf0\x85\x00\xf4\xc8\xf5\xf2C:E]l\xf8-\
\x08\x85/\x95\x1e\xf0\x8ec\x0f\x85\xec-3\x16L,\
\x06}WY\x0f\xbe\x10\xd0\xfa\xc2\xcfn\xa45\x0a\x86\
\x1b\xaf\x88q\x07\xe0\xc6\x19\x8a,w`\xd7e\xc1\x17\
\x02\xda*B\x04\xfd\xf5\xc1\x14^\x97e/\x8a\xf5\xdb\
)t\xb1\xa1\x87H:\x8ak\x06\xb0o\xb2\xed3\x93\
\xdcD\xb5\xd9.\x13\xf1,\x93\xca\xc3\xa6jG\x10\xac\
\x8aJAV\x9c\x0a\xb0;f\x97\xa5\xabMOP\xc2\
\xe5\xb5\xc9\xff8*l#\xe0\xf9\xfa\x071\xd3\xdex\
RBA\x9f\x00\x00\x00\x00IEND\xaeB`\x82\
\
\x00\x00\x00l\
\x89\
PNG\x0d\x0a\x1a\x0a\x00\x00\x00\x0dIHDR\x00\
\x00\x00\x16\x00\x00\x00\x16\x01\x03\x00\x00\x00\xfez\xfex\
\x00\x00\x00\x06PLTE\xd4\xd4\xd4\xd4\xd4\xd4\x17\xe1\
\x9b\x9b\x00\x00\x00\x01tRNS\x00@\xe6\xd8f\x00\
\x00\x00\x14IDAT\x08\x1dc\xfc\xcf\xf0\x97\xb1\xa1\
\x81\x85\xaa\x18h&\x00:\x9c\x18_\xe2\xe5m\xe4\x00\
\x00\x00\x00IEND\xaeB`\x82\
\x00\x00\x00u\
\x89\
PNG\x0d\x0a\x1a\x0a\x00\x00\x00\x0dIHDR\x00\
\x00\x00\x16\x00\x00\x00\x16\x02\x03\x00\x00\x00\xb9\xda\x84\xa8\
\x00\x00\x00\x0cPLTE\x00\x00\x00\xff\xff\xbf\xff\xbf\
\xbf\xbf\xcf\xff\x10\xf0\xf5\x96\x00\x00\x00$IDAT\
\x08[c`\x80\x00\xd1P p \x86\x82\x02\xadU\
@\xd0@\x0c\x05\x05\xf6\xff\x81\xe0\x001\x14\x04\x00\x00\
\x1c\x16;\xc5\xb5\xaa\xe2<\x00\x00\x00\x00IEND\
\xaeB`\x82\
\x00\x00\x02)\
\x89\
PNG\x0d\x0a\x1a\x0a\x00\x00\x00\x0dIHDR\x00\
\x00\x00\x10\x00\x00\x00\x10\x08\x06\x00\x00\x00\x1f\xf3\xffa\
\x00\x00\x00\x04sBIT\x08\x08\x08\x08|\x08d\x88\
\x00\x00\x00\x09pHYs\x00\x00\x01\xb1\x00\x00\x01\xb1\
\x01a\x98(\x0e\x00\x00\x00\x19tEXtSof\
tware\x00www.inksca\
pe.org\x9b\xee<\x1a\x00\x00\x01\xa6ID\
AT8\xcb\x95RKJ\x03A\x10}=\xd3\xe37\
Q\xc4O\xc0\xcf\xc2\x8d\x9e\xc1E@![eT\x02\
\xc9\x05D#\xeaY\x04\xef\xe0$8\xe0B\xdc\x89\x0b\
\xd1+\xe4\x00.$?\x5c\xa8\x13\xc5t\xb7\xd5\x9dI\
\xc8LF\xc1\x82GuWw\xbdzU\xdd\x5c)\x05\
\xc6\xd8*\x80\x15\x02C\xd7\xe2^\x9b <\xd1\xfd\xce\
@\x0c<\xf4\xabtp\x87?\xac\xddn\xe3\xe6\xf6\xe6\
\x81\x8am\xd1]\x11'0\x16\x04\x01l\xdb\x86eY\
Z\x95\x81^K)Q\xadV\xe1\xee\xb8Y\xaf\xec\xdd\
\x0f\x92\xf4\x08\x8cT\xa5\xa1T\xa4\xb2\xdek\x12M\xce\
9\xc7\xde\xee^\xf6\xd2\xbb\xd4$\x9bt&y\xec\xf6\
\x9f-\xf8\xbe\x8ff\xab\x85\xf5\xb5\xb5,\x856\x08\x8f\
<^\xad\x87\xb8\xe5r9\x08!\x0cQ:\x9d\xd6\xa1\
\x91\xa1\x19\xf4\x92\xeb\x9e\x07\xd1h`\xe9\xec\xcc\xc4_\
\xce\xcfag2\xc8\x14\x8bH\xa5R\x11\xe2!\x02I\
\xf8\xae\xd5\x10\x5cU\xf0J\x93\xb1i\x90_\x15\x0fc\
\xf9B_\x99\x1en\x22\x81Nf4\xf1\x85R\x09o\
\x16\x83\xf4+p,`\xaeP\xc0\xc4\xf1ibkQ\
\x02Jf\xdd\x12\xb0h\xed0\x85iz\xd6\x00\x89s\
Q\xbf\xb6\xd0\xbc\xb8\x80\xbc\xf61\x9b\xcf\xe3\x9d\x94|\
\x94\xcb`\x1d\x85\x99\x93\xd3\x88\xfc!\x02=e#`\
~\x1e\x8e\xbb\x0f~p\xd4M\xa0dI1}\xae\xf7\
\x8e\xe3$+\x10B\x1a?\xe5\xba\xfd\x1f\xa8(a\xf2\
\xb0K$z-&(P\x83\x0a\x22\xbf\x90\x12U\xf8\
\xad\xf5l~#0\xb6\xbc\xb4\x88\x7fX\xa4\x85g\xaa\
\xb0M~4\xc4X\x88\xf1p\x1f\x10>C|\x85\xbe\
N9\xec\x07\x16\xee\xc9\x116\xd7\xb0\x94\x00\x00\x00\x00\
IEND\xaeB`\x82\
\x00\x00\x03\xf8\
\x89\
PNG\x0d\x0a\x1a\x0a\x00\x00\x00\x0dIHDR\x00\
\x00\x00\x18\x00\x00\x00\x18\x08\x06\x00\x00\x00\xe0w=\xf8\
\x00\x00\x00\x04sBIT\x08\x08\x08\x08|\x08d\x88\
\x00\x00\x00\x09pHYs\x00\x00\x03v\x00\x00\x03v\
\x01}\xd5\x82\xcc\x00\x00\x00\x19tEXtSof\
tware\x00www.inksca\
pe.org\x9b\xee<\x1a\x00\x00\x03uID\
ATH\xc7\xad\x94]HSq\x18\xc6\x97J\xd9'\
%\xd4\x85P\xb3\x10\xc2\x0b\xa1n\xc4LM\xa2\x0f]\
\xdeT\x08e-\xc2\xa0\xef\xa6\xcelE\x89\xb8\xfcH\
\xd1\x92I\xd9\x9c\xb3\x98\xa2fKss_6\xa69\
g\xa6\xd3r\xa6I\xcei\xa8ee\x85RF\x0c\xf7\
\xf4n`T\x90yf\x17\x0f\xe7\x1c\xfe\xe7\xfc\x9e\xff\
y\xff\xcf\xfb\xb2\x00\xb0\xdcUii\xe9b\xa3\xd1x\
ehhh|lllz\xf4\xcd\xe8g\xab\xd5*\
\xfc\xf5\x1d\xb7\xe1N544(&''055\
\x85\x09\xbavu=\x9f\x96\xc9d\xa3\xc2\xab\xc2\x8d\xf3\
6\xc8\xcc\xcc\xdc\xd0\xfb\xb2\xd71>>\x8e\x8f\x9f>\
\xa2\xbe\xbe\xfe\x9d\xbf\xbf\x7f\x1e\x8b\xc5:JZ=o\
\x83\x9c\x9c\x9c$\x9bm\x00\xc3#\xc3\x18\x19\x1d\x81R\
\xa9|F\xe0M\xa4e\xa4\x05\xf36\xa0Rh\xba\xbb\
\xbb\xd1\xdf\xff\x0a\xfd\xd6W\xe8\xe9y\xf15::z\
\xd5\xccz\xf6\x8d\xec\x00\xb7\x0d\xa2\xa2\xa2\xbc\xd4j\xf5\
d[[\x1b\x06\x06\xac\xe8\xed\xedA\x97\xe59n\x8b\
o\xbd\x97\xc9\xee\xc6\xebtZk\xde\xf5\xdca\xe7\x9f\
\xb8ePPP\xc0\xe9\xe8\xe8\x80\xb4D\x8a\x13'\x8e\
\xa3\xb8\xb8\x18\xadO\x9f@Y\xa7@m\xedCTW\
W\xe3\xd8\xb18=\x19,r\xcb@\xa5R\xa9\x9b\x9a\
\x9a\xb0\x8e\xbd\x16#o\x86!\x10$\xa3\xc9\xf8\x18\x8f\
\xf4\xf5\xb8/\xaf\x82P\x98\xf6\xcd\xd7\xd7w\x07\x19x\
2\x86WVV\x1e\xb0\xd9l\xd3v\xbb\x1d<\xdeY\
$&\xc5###\x1dz\xc3#\xa8\xd4J\xe4\xe7\xdf\
\xf8\xc2f\xb3\x93\x09\xbe\x9c\xf1\x19H\xa5\xd2\xd3\x16\x8b\
\xc5\x91\x95\x9d\x89\x8a\x8a\x0a\x88\xc5bgy\xec\x22\x91\
\xe8\xdd\xad\xc2\x9b\xafO\x9e:Y\xe1\xe1\xe1\xb1\x9b\xe0\
+\x18\xa7\x88R#\xe8\xec\xect\x5c\xba|\x09\xb1\x87\
\x0e\xa2\xac\xaclZ \x10h|||b\x09\x18D\
\xf2u\xd5\x9c\xc5\xf2b\xdc\xc9UUUW\xcd\x1df\
\x08.&c\xdf\xbe\xbd(//w\xa4\xa4\xa4(\x09\
\xb6\x9e\xb4\xd0U\xeb_\xb2\xcf\xc8\xa0\xa6\xa6&\xdfd\
jF\xd2\x05>\xf6DsPRRBu\xce7\x12\
\xd0\x8f\xe4\xf1\xaf\xefg]\xd4h4\xc5\x06\x83\x01\xfc\
\xf3\x09\xd8\xb9k\x07(\x9e(**\xb2\x10x\xa3s\
\xd7s\xf9\xfb\xbf.\x10\xb8\xb2NU\x87D~<\x22\
\xb6G ==\x1dt\x0e6oo\xef\xcd\x7f\xd6\x99\
\x91Acc\xe3\x02\x93\xc9T\xf7\xe0\x81\x1c\xf1\x89\xe7\
\x10\x1e\x11\x06>\x9f\x0f\xb9\x5c>\xe6\xe7\xe7\xb7\xd3Y\
s&\xc9\xfb\xedA\x22\x91x\x99\xcdf\x03\xcdy\x9c\
K8\x83\xf0ma\xe0r\xb9P(\x14\x9f\x82\x82\x82\
\x0e\x13\xdc\x9bi\xdf\xfc\xbc\xa1L/\xa2\x8c\xb7J$\
E\x04?\x8b\xb0\xf0Pp8\x1ch\xb5\xda\xaf\x91\x91\
\x91\xe7\x09\xbe\xd4\x9d\xae\x9f\x99-K\xfa\xfa\xfa\xbaD\
\x05\x22\x17<4l+BBB\xa0\xd3\xe9\xbe\xc7\xc4\
\xc4\x5c#\xf8Jw\xa7.\xab\xb0\xb0p\x05\xb5\xfe\x0b\
\xda=\xb8G\x0ec\xcb\xd6`\x04\x06\x06:wn\x8f\
\x8b\x8b\x13\x13|\x8d\xbbp\x97\xc1\xe0\xe0\xa0\x81\xa2\xd7\
\x9a\x95\x95\x95\xd1\xd2\xd22\x11\x1c\x1cL\x13\xb1\xd6\xc1\
\xe3\xf1\xee\x11|\xed\x5c\xb2>\xabAss\xf3\x07O\
OO\xaes8\xb5\xb7\xb7\xdf\xa1Cv\xa4\xa6\xa6j\
\xe9\xd9\x7f\xaeY\x9f\xd5\x80b\xf9\x9e\xd2\xa3\xa7r\x1c\
\xd2\xeb\xf5C\xb9\xb9\xb9\xce.\x0d\xf8\x1fp\x97\x01\xcd\
\xf6\xfd\xd4\xfaoI\x13iii-\x04f3i\xa4\
\x7f\xe9\x07\x18K\x05\xd1\x0f6\x9c\x12\x00\x00\x00\x00I\
END\xaeB`\x82\
\x00\x00\x01(\
\x89\
PNG\x0d\x0a\x1a\x0a\x00\x00\x00\x0dIHDR\x00\
\x00\x00\x10\x00\x00\x00\x10\x08\x03\x00\x00\x00(-\x0fS\
\x00\x00\x00\x8aPLTE\xff\xff\xff\xcb#!\xd36\
2\xd352\xff\xbd\xbd\xbd/-\xff\xb8\xb8\xff\x9f\x9f\
\xbf65\xbe1.\xbf63\xb6 \x1e\xc2;8\xc0\
:7\xff\xe8\xe8\xc085\xbf52\xff\xc4\xc4\xff\xc0\
\xc0\xbe2/\xff\xba\xba\xff\xcb\xcb\xbe0-\xff\xaf\xaf\
\xff\xa7\xa7\xbb*(\xbc20\xff\xda\xda\xff\xac\xac\xff\
\xa4\xa4\xbf41\xff\x9c\x9c\xff\xa3\xa3\xff\xb4\xb4\xff\xaa\
\xaa\xff\x95\x95\xff\x8a\x8a\xb9%\x22\xff\xd2\xd2\xbb,*\
\xba*)\xb9)'\xb9'%\xb8%#\xff\xbe\xbe\xb7\
 \x1ej\x8d\x98\x10\x00\x00\x00\x04tRNS\x00\xe0\
\xe0\xe0\xe4\x05\xa7\xae\x00\x00\x00IIDAT\x18\x95\
c`\xa0\x0f`\xe2\xe1\xe5\xe7\x12\x90\x13\xe6dee\
\x15c\x06\x0ap\xf0\xa9\x89\x0a\x0a\xb1\x88\xb0\xe8\xb0\x89\
KH\x02\x05\xa4\xa4ed\xd9\xe5\x15\xd8\x14\x95\xd8\x95\
UT\x81\x02\x8c\xea\x1a\x9aZ\xda\xdc`\xa0\xcbH'\
w\x02\x00A\x1c\x04_\x84t\xc6H\x00\x00\x00\x00I\
END\xaeB`\x82\
\x00\x00\x01\xc6\
\x89\
PNG\x0d\x0a\x1a\x0a\x00\x00\x00\x0dIHDR\x00\
\x00\x00\x10\x00\x00\x00\x10\x08\x06\x00\x00\x00\x1f\xf3\xffa\
\x00\x00\x00\x04sBIT\x08\x08\x08\x08|\x08d\x88\
\x00\x00\x00\x09pHYs\x00\x00\x01\xb1\x00\x00\x01\xb1\
\x01a\x98(\x0e\x00\x00\x00\x19tEXtSof\
tware\x00www.inksca\
pe.org\x9b\xee<\x1a\x00\x00\x01CID\
AT8\x8d\x95R\xcbN\x84@\x10\xec\x19\xc0G\x02\
?\xe0\xe3\xe0e\xfd\x06\x0f{1\x5c=\xb8?\xb9\xb8\
\x91o01\xd1\x1b_\xe1\xcd\xb8G\x1e\x023m\xf7\
0\xac\x0c\x0f7VR\xf4\xd2\x99\xaa\xad\x02\x04\x22\x82\
\x10\xe2\x06\x00\xae\x89\x02:\x8c'C\x11\xdf\xe9|\x0b\
C\xb0\x01\xe1\x1e\x8f\xa0(\x0a\xdc=\xef^\xe9\xac\xc7\
\x9a\x9e\x8eA\x9e\xe7XU\x15\xd6u\x8dM\xd3`\xdb\
\xb6\xa8\xb563\xcb2\xb3O\x9e\x12\xc7D\x0e\xa3\xe2\
o\x22'\xa1\x94\x12(\x01\xf8\xbe\x0f\x9b\xc7\xcdz\x9b\
l_\xa8\xb6\xd1\xfa\xa3\xd3\xb0\x84\xb2,!MS\xf8\
\xda\xef\xe1v\xb5Z\xd3\xea\x8e\xf8\xe6\x188\xddF\x88\
\xe3\x18\x94R\xc6(\x8a\x22^\x9d\xf0E\xce\x19P\xef\
\x89\x01\xef=\xcf\x830\x0c\x9d\xfd$\x81\xe6\xd7jM\
\xb8\xfb\x1c\xa8\xff\xbc\x81\x11\x93Pw\xa7\x8c\xd11\xb8\
\x06$\x16V\x0c\xb6\x86\xa4\xdf\x0bIp\xb1B/6\
o\x85\xc4\xf6k=p1\x01?\xe5\x81\x1b`/\xa6\
i\xc4\xd0\xf5\x0f\x82`>\x81R\xfa\x90\x84\xc5\x1c\x1c\
\xb9\x82M\x00\xd6d.\x01N\x12X#~\x06\xd8G\
\xff\xc3\xc0\xe0\xea\xf2\x02\xfe\x01\xa7\xc2\x07\xfd\xc3\x03\xcd\
S\xcb3\xcbs{_\x10+\xcbo;?I#~\
\x00\x1c\xb4\xeeJ\xfe\x7fU\xd0\x00\x00\x00\x00IEN\
D\xaeB`\x82\
\x00\x00\x02-\
\x89\
PNG\x0d\x0a\x1a\x0a\x00\x00\x00\x0dIHDR\x00\
\x00\x00\x16\x00\x00\x00\x16\x08\x06\x00\x00\x00\xc4\xb4l;\
\x00\x00\x00\x04sBIT\x08\x08\x08\x08|\x08d\x88\
\x00\x00\x00\x09pHYs\x00\x00\x0d\xd7\x00\x00\x0d\xd7\
\x01B(\x9bx\x00\x00\x00\x19tEXtSof\
tware\x00www.inksca\
pe.org\x9b\xee<\x1a\x00\x00\x01\xaaID\
AT8\x8d\xed\x93\xbdK[Q\x18\x87\x9f\x9b\x5c\x8d\
zc\x90\xdab\x95\x0c)\xdd\xec\xd0\xa9\xe0bW\x87\
n\x17$\x9bi\xa7B\xd6\xe2\xee\xe0\xa0\x0e\x81\xfc\x03\
\xe5\xe6\x0f\xd0\xb9\x0e\x0e\x22\xf5[\x89\xd2\xa6\xa4\xd0j\
\xd3\x96\x16\xf1+\x17\xbd\xf7\x9asO\x8f\x83\x22\x1aL\
1\xe9u(\xf8\xc0o8\xbc\xf0\xf0\x9e\xf7=\x87\x9e\
\xcc\x96\x91\x9cQFrF\x19\xa4&\x0d\xa5\x14AD\
\x07\xba\xb8\xcaW\x02\xe0V\xc5\x0f\x83\x10]'\xae\xee\
\xf8N\x1c\xbc\xf8\xffZ^\xe8\x5c|97\x22\x9e-\
Y\xf1l\xa9\xedo\xe2hUnJ\x0aX\x89gK\
\xbd\xb5\xc4\x0d!<\x97\xe1\xe7\x0fzuYY\xe9\x1a\
/\xa6\x02\x13\xfb\xae\xcb\xa3{\xad\x8c\xbeH\xb4%b\
a\xabs$ou\x8e\xe4/F\xa3\xf5d\xb6T\xff\
\xd3\x04\x00\x8b\x0b\x1b\xec\xec\x1e\x12i\x8f\x12\x89\xb6\x13\
\xd2\x9b\xf8#\x04\xd2\x17H!\x90\xa2rv\x16\x02=\
\xd2B\xe6U\x1f\xada\xd05\xc5\xe4\xdaO\xde\xad\xff\
(\x00\x83\xf6X_A\xbb?\xfaA\xbd\x1ex\xc2/\
\x07\x8e\xfd\xfa\xba\x8e6\xc1\xe3\x18t4CK\x18>\
}?\xe0\xed\xf4G\xc7\xa9\x88t\xc8\xd9\xdb\xfd\x1d\xc3\
\xa3\xbb\xe6~ks$`s\x1f\x8ae\xd8qa\xdf\
\xf19\xf1\x1c\x84\xe7\xa2\x19o\xe6\xd2'G\xf6\x84\xef\
yF\xbd\xe2\xe4\x90\x09\x80\x94\x92\xcd\xd5\x0d>\x17\xb7\
\x0b\xc0\xa0\xb2\xcc\x82\xa6\x94\xaa\xbfU@{9\xa5\x92\
C&v\xd9f~v\x99\xf2\xa1\x9d\x03\xd2\xca2\x1d\
8\xfby\x0d\xb3\xfd\xe5\x1b\xab\x8byGJ\x99V\x96\
\x99\xbb\x5c\xfb'\xf1\xd2\xfb\xb5\x8b\xabW\xd7\x1a~\xc7\
@\x0exv\x9d\x14\xe0\x14\xb0\xd2\xde\xd6\x00\x93\x84\xf7\
\x00\x00\x00\x00IEND\xaeB`\x82\
\x00\x00\x022\
\x89\
PNG\x0d\x0a\x1a\x0a\x00\x00\x00\x0dIHDR\x00\
\x00\x00\x16\x00\x00\x00\x16\x08\x06\x00\x00\x00\xc4\xb4l;\
\x00\x00\x00\x04sBIT\x08\x08\x08\x08|\x08d\x88\
\x00\x00\x00\x09pHYs\x00\x00\x0d\xd7\x00\x00\x0d\xd7\
\x01B(\x9bx\x00\x00\x00\x19tEXtSof\
tware\x00www.inksca\
pe.org\x9b\xee<\x1a\x00\x00\x01\xafID\
AT8\x8d\xed\x93=H[a\x14\x86\x9fkRi\
s%\xb4j\xf1\x87@-\xc1%\x9d\x0b\x0e\xa5C\x05\
;\xb8\x05$N\xc6\xad\xa0\x93-\x82Sqp\xb1\x14\
!\x8bc\xbdn.\xbawp\x10A\xa4Q\x88\xe2\x0f\
\x11\xfc\x8bC\x8bT\xdb\x84\xf4\xdeOo.\xa7\x83Z\
L\xbc\xeaE\xe3 \xf4\x85\xb3|/<\xdf{\xce\xf9\
>\x1aG\xb6\xf5\xd8\xb4\xe8\xb1i\xd1\x89O\xea\x22B\
9\xca\x0f\xd4Q\xac-\xca\xa0;\x05\xd7\x97\x03\xe4\x06\
.M\xfc\x1f\x5c~\xf0\xfdZ^\xc5)\xf8|\x01\x10\
Jd\x8cP\x22\x13\xb8\x0d\xb8\xaa\xa4\xce\x14\x07\x92\xa1\
D&rS\xb0\xable\xd1\xff\xfai\xc4\xef\x1c'\
\xeb\x86\xd3\xddWA\xb4\x09M\xb4\x09M<\x81\x0b\x96\
\xc5\xf3\xeaG\x0c\xb57\x05\x9a\x82\xbe\xb1\x9a\xc1\x94Q\
3\x98\xf2<\x9a\x22\xf0\xb3\xe60\x81\xbe\x19y\xf2q\
Ql\xa5\xd8W\xa0\xf9\xfc\xbco\x0b\xd3\x1a\xa9\x8d\xdb\
J%\x83\x03\xf3\x9eF\xa3\xd5\x0e\xad\xc8\xbb\xb7/\xf8\
n\xc2\x9fB\xb1Y\xf5\x00\xc2Ax\x5c\x09\x0f}\xb0\
\xbe\xf7\x8b/_WM\xf3\xd8\xee\xb5Z\xde\x8c]\x99\
\xd8<\xf8\xf9#\x88\xa2\xc1\xa5\xc9\xbc\x0d\xcb\x87\x90\xce\
\xc2\xbe\x05\x87f\x81#eb+\xeb\xfa\xc4\xfa\x87\xd9\
\x9e\xa3|\xeeSA)\xbd\xd4\x8cuE\x01p\x1c\x87\
\xe5\x85%6\xd2;k@\x87\x18\xd1\xb5\x22\xc8\xe9\xe2\
\xa4S\xb4\xb33\x7f\xfe\xf3\xabQ`\xf4\xc2\x8d\xddS\
\x02\x90\xcb\xe6\x98\x9b\xf9F\xf6wn\x1c\xe8\x11#j\
^\x1b\x97\x93\x9fw\xa9v6wY\x98O\x99\x8e\xe3\
\xf4\x8a\x115\xbc\x00\xff\x05\x13\x11w\xe3$\xb1k\xeb\
^t\xe9;\x06\xc6\x81\x977\x81\x02\xfc\x05\xa2\xb3\xd5\
\x8c\x8b\x88\x99\x19\x00\x00\x00\x00IEND\xaeB`\
\x82\
\x00\x00\x024\
\x89\
PNG\x0d\x0a\x1a\x0a\x00\x00\x00\x0dIHDR\x00\
\x00\x00\x16\x00\x00\x00\x16\x08\x06\x00\x00\x00\xc4\xb4l;\
\x00\x00\x00\x04sBIT\x08\x08\x08\x08|\x08d\x88\
\x00\x00\x00\x09pHYs\x00\x00\x0d\xd7\x00\x00\x0d\xd7\
\x01B(\x9bx\x00\x00\x00\x19tEXtSof\
tware\x00www.inksca\
pe.org\x9b\xee<\x1a\x00\x00\x01\xb1ID\
AT8\x8d\xb5\x95;H\x03A\x10\x86\xff\xbbDc\
6g\x82\xb1\xf0\x85\x0f\xd0\x188\xd4\xc2\x10D\xb4\xb3\
Pl\x0c6\x96\xb9B\x0b\x1b\x1b\xc1N\x8d\x85\x9du\
\xea4\x82\x18\x14D\xad$`\x1f\x88\xb1\xb1\xb0\xb3\x10\
\x15\x1b\x1fyH\xb2\xbbc\xa1b\xcc\x89\x9c\xd1\xfba\
`wg\xf8v\xf6ga\x14\x22B\xb5\xfc\xebg\x86\
\xe4\x1c\x0f\x9b\xe1\x84)iQJ5\xd8\x1f\xcb\xean\
\x07\xd2\x92\x0b<\xe7\x8b\xe1\xdc\xd6\xf8E-`\xb5r\
\xd3\x1c\xcb2\x12<\xb9<\x15`\x8b\x93\x01&\xa5H\
6,\xa5\xd8\x9f\xc1R\x88x$\xd4\xa1\x07\xdb=\xe8\
m\xf7b|\xb0S'!\xe2\x7f\x027\xade\x8c@\
\x8b'\x1a\x09\xb5\xe2\xa1\x04\x5c\xe7\x80\xfe`74\xcd\
\x1du\xcc\x1f\x1a\xbf\x05+D\x04\xff\xfa\x99\xaeH\x99\
\x9e\x9f\x1e`%\xd5\x85\xfb\x22\xc0\xe5[\xc1\xd3\xe33\
N\x8eO\x0b\x9c\x97\xc3\x94\x98\xb5\xec\xb7\xea\x8fe\x99\
\x14\x22\xa9\x07\xbb\xd8U\xd1\x85\x9b\xfc'\x14\x00\xbc\xbe\
F\x84F\x86\x18\x80\xa4b\xec[\xf6\xdbIB\xc4I\
\x08={~\x89L\xe6\x02\x92s\xccD&\x00\x00\xbb\
\xdb\x07 !>ju\x00q\x00\x86%2\x11}\x09\
\xc7\xc2\x11\xcd\xa5\x88\xe6RD\x88\xeeQu\xdej\xa8\
\xd5\x17\xb94\xcd\xeak\x7f\x94\x09\x5c\xaf5\xda\x03v\
\xd9\x05V\x9dN{\xc0\xb2\x5c\xb6\x07,\xec\x03\x97l\
\x02s\x9b:\xfe/\x8fM_\xa0\xd2\xe3\xae\xde\x1e(\
\xc6~\xe5$\xc8\x01\xb8{\x8f\xdb\x8a\xb5\xe9\xec\x1bp\
\x09}^\xe0\xa6\x00\x8c\x8e\x0dctl\xb8\xa6\x8eM\
V(\x8a\x9a\xf7\xe1\x05m5\xcd\x8dO\x99:\xaes\
\xbbW6v\xd2\xab\xac\xa9\xb9\xb5\x8e\xd5N\x7f\x05\x9f\
\x1f\xdd\x09X\xe0\x8ee\x00\x00\x00\x00IEND\xae\
B`\x82\
\x00\x00\x06\xd8\
\x89\
PNG\x0d\x0a\x1a\x0a\x00\x00\x00\x0dIHDR\x00\
\x00\x00 \x00\x00\x00 \x08\x06\x00\x00\x00szz\xf4\
\x00\x00\x00\x04gAMA\x00\x00\xd6\xd8\xd4OX2\
\x00\x00\x00\x19tEXtSoftware\
\x00Adobe ImageRead\
yq\xc9e<\x00\x00\x06jIDATX\xc3\xed\
UiL\x94W\x14U\xd4V[c\xb4\xd5h\x13\xb5\
Z\xb5Zq\xa9%uP\x91\xd2\x0aTe\x13\x10\x14\
d\x19\xd1j+\x8bS48,e\x117\x16Q`\
@\xa8\xe2RYD\xa4T-\x8e\xe0\x826.5.\
\xa3\x18\xc6\x9aj'\x85\xa9\x86\x881\x19\xa5\xc9$$\
\xa7\xe7\x8doZKE\xb1\xb5\xb1?:\xc9\xc9\x97o\
y\xf7\x9e{\xee\xb9w\xba\x00\xe8\xf2\x22\xd1\xe5\x7f\x02\
\xff)\x02\x1f\x06\xa6x\x10ID\xa1D&\xb1\x84\xb0\
\xfbW\x090\x81\x0fQ\xaaZ\xad5$d\xea[\x12\
3\x8d\xa6\xc4,\xa3)5\xe7\xe6\xbd\xf8\xcc\xb3\xb7\x16\
\xabK\xaf\xf3}\x9d$g\xfb\x5c\x090\xe0P\xb7\xb0\
\x0c\xdd\x9a\x9c;\xad\xa1\xd1\xc0\xacP`F0\xe0\xaa\
\x04<>\x05\x16\xac\x04\x22S\x815\xf9\xe6\xb6u[\
\xf4-\xc1\xd1Ez\xa9\x8e\xcb\xf3\x22\x10\x1d\x9f\xa1k\
\xf6_\x06L\x98\x0d\x8cr%\xdc\x80\xb1\xde\xc0x\x7f\
\xc0.\x08p\x08#\xb1p 8\x16\x88\xdd\x04dn\
5\x9a>\x89\xb5\xa8\xf2\x8f\x89\x08\x02u\xb1i\xe6\xb6\
\xa9~\xc0\x9b\x0c5\xdc\x1d\x18\x13\x00L\x5c\x08(H\
J\x11\x01Lfr{\xaa1\x8dp\x89\x04\x02\xe3H\
d3\x90\xb5\xc3h\x0a^aQD-\x94\xfc[\x04\
\x84\xfc\xcb)\xf1\xfb\xf3\x80\x91^\xc0\xb8\x10V\xac\x02\
<W3\x11\xabU\xe6\x02A\xbczo`[\x12\x00\
\xc7\x15\xc4r*\xf29\xdf%\x01\xa9\x85\xc0\xda|]\
\xb3\xdb\xa2\x0c\x1dI\x84?3\x01!\xa5j=0\x85\
\xbd\xb7e\xef\xa71\xb0\x7f\x06\xb0\xaa\x14\xc8;\x02\xec\
<\x05l=\x09\xa4}\x0b\xac(&\x19\x12\x9a\xbd\x06\
\xf8h\x15\xbdB2s\xd4@\x04\xc9\xe5\x94\x98\xdb\xa2\
VW\xddxV5D\x0b.$\xe4\x00\xce\x94\xd6\x9e\
\xfc=\xd7\x02\xea2`\xef\x05`s\xe9\xd9[\x91\xa9\
\xa5\xd7\xd3w\xd65V\x9e2\x9a\xf6_e\xa2\xe3\xc0\
\xca=4g\x1e\x89\xf0[g\xfab\x16\xc9\x04\xa5\xd0\
\xa8_\x02\xeb\x0b~W\xc3\xa7\xd3\x1e\xc8*6\xb7\xf9\
%\xb2\xbf\xec\xad2\x1f\xc8?\xc6\xca\x0f\xe9[\xe4\xd8\
\xd9\x11\x81\xc2p\xf3U\x9a\xfa\xaa\xb3FS\xe5\x15 \
\xbd\x16\x08\xa7\x22\xfe\xd9$@E>f{D\x8c\x15\
\xf4\x86\xa6\xe4N\xab_\xb8\xa6\xbe3-\x11\x04\x926\
\xee\xd4\xb7\xa84\x0c\x96\x0eD}\x05\x94\x9f\xa7\x0aY\
\x169\x9d\xda-*\x17AD\xbd\xa9\xeaF\xf5\x15\x93\
y\xfb\xf7@\xc2A`\xe1vzd#0\x93\xbe\xf1\
&\x89\xcf\x18GSfn[\x12o\x99\x14u\xfb\xa4\
b\x97Xw\x8a\xe5\xc6/BS\xaf\xd9\xcf\x8a(\xa1\
z/P\xa9#\x915\x96\xc3\x8f\xdd\x80|\x1e\xe2\xb1\
$CW\xf1\xdd\xcd{U\x0d\x1c\xcb:\xee\x8ar \
`\x0b\xe0F?x\xb1\x1da\xbcf\x95\x001iZ\
\xc3\xa3\xbe\xb0&/(~\xa8\xb05\xa0:s\x97\xae\
9\xfd\x1b \x85D\xca\xd9\xff\x8c]u\x8dB\xfa\x8e\
\xa4\xe3;{\xb1\xaaS\x0b\xb5\x86\x9ak\xe6\xb6\x82s\
$O\xa3*wP\x85M\x0f\xbd\xa4$\x89u;i\
\xe0\xad\xbafk\xc5\xe2\x9aK\xc5O\x9e\x01\x84\xff\xac\
\xc1\x86\xba/\xce\xd0\x95\xd6\x99\xcc\xb9t~1\x83\xed\
=q\xf3\x9eH\xf0\xb4\x1e\x8a>/N(\xd2\xd7\xea\
M\xe6\xddT.\x99\xdeX\xca\x09\xf2gK\xbd\xd3\xb8\
\xbc\x888\x8ejB\xb6\xa5\xe2\x03\xaaT}K&\x95\
\xd6\xd6=B\xc0*\xabrU\x91\xbe\xf2\x9c\xb9m\x0f\
=p\xda\x00\x08\xd3uf\xf7[[Rs\xf5Nk\
\x05[\x92v\x02XV\xc1Iab\xdf,`\x1e\x95\
\x08^GRj\x93\xd9\x87;dY2\xdb\xacmG\
\xc0ZMb\xae\xd6p\xec\x1ap\xf2G\xa0\xec\xc8\xc3\
>uf\x9c\xc4\xd8y\x92D\xf1Q}K\xd5u\xfa\
\x82\xfbcy\x15\x10B\x83\xfap2f\xd3\xa0N\xfc\
\xafq\xe4v\x0dc\xc4}5\x8f!`\xf5C\xb2F\
k\xb8\xf43\xd0p\x1bX\x14gY\xb5>\x9d$a\
\xe9q\x09I|M\x12i\xa7\x01\x15=\x15\xb2\x8b$\
8\xae\xce\xc9\x0f\x17\xd8RNI\xd5qI\xe0q?\
\x0b\x89<\xad\xa1\xe1\x16p\x82\xb2\x8a\xbfj{\x8f\xa8\
\x01|\xd5M\xa2{\x07\xe8\xe6\xe8\x1f7\xde) )\
%\xb3\xfc\xec\xad\xa2zz\x82\xed\x88 \x09%w\x86\
/}\xe1\xc5\xe4*\xb6\xe6\xe0\xe9\xc7\x13\xe8J\xd8\x88\
@N\x01\x89\xf1a\xb1\xdb\xf4\x17\x0d\xe66M\xf9\x99\
\xdb\xd3\xfd\xe3\xc3\xf9\xbc\x17\xf1\x0a\xf1j\x07\x10\xefz\
\xd9{\xaa\xde\xfb`~\xe2\xb6\xec\xe3FS\x1a\x0d\x9d\
\xc0j\x97sB\x16s\xc3\x86\x16\xf1\x9e#{\xf8\xe2\
_\x09\xd8\xc8*^\x22z\x12\xbd\x1d\xe6\xaaW\xfaG\
\xe54\x1c\xbf|\xe7\xd7\xe4\xbc\xeaF\x85{\xc4\x02>\
\x1fH\x0c\x92xC\xc2z?p\x8c\xfd\x9cI\x0e\xbe\
\xab\xd2\x8bj\x1b\xeeV\xdc\x04\x0a\xb8\xbe7q\xac\xd7\
\xd3\x13_pB\xe2\xb8\xb8r\xb9iO]\xfb3\x01\
\x91\xbc\x87\xac\xb0\x0f\xf1\xba\x0c8\xc4n\xe6\x92\xa5\xd3\
\xe7\xaa\x0fd\x97\x9ejV\xc6\x14\xdexk\xa2\xf3,\
>\x1fK\xd8\x12\xe3$l\xe5\xb3w&\xbbEl\xd8\
U}\xa1\xa5\xfe.P\xf7\x0bp\x88^:\xf0\x13{\
NS\x97sB\xca\xb9\xc6\x8f\xfe\x00\xd47\xfeA\xa0\
\xab\xac\x5c$\xef++\x1a.\x82\x11\x13\x08\xbb~\x03\
\x87\xbb\xbc;C\x996x\xb4\x22\x90\xf7\x8e\x84\x93\xb0\
J;8\x0d~[\xb1@\x19\xb3\xc5pD\xd7\xd8z\
\xf4rck-\xaf\xb5\x97\x9b\x1e\xd4\xea\x9a\x1e\xd4\x5c\
jzp\xf8R\xd3}\xed\x85\xa6\xfb\x87\xcf\x1b\xef\x1f\
:g4\x89\xb5n\xad\xfeeY\xb9\xa8z$1\x91\
\x98\x22\x13\xb9\x12\xb3\x09w\xc2\x8b\xf0&|\x89\xb9\xed\
 \x9ey\x8f\x98\xe4\x9a\xa8p\x8b\xd0Z\xe0\x1eY\xad\
\xf0\x88:8\xc5SU5uN\xf4>\x07\x9f\x98\xb2\
\xe9~q\xbb\x1d\xe7%\xec\xa0\xc7\xb6\xd1\xac\x22\xb6\xc5\
\xd5\xa2\xe7\xfd\x84\xe4RJ{b\x06\xe1&\x13\xfa\x11\
\xf3\x09\xa1@\x10\x11B\x84\xb6C\x88|\x17(\xbf\xf5\
\x93g\xddd,{\x19{\x88\xcc\xd5S\xe6~\xf1\x04\
\x9ek\x0b\xe47\xee\xf2\x8c\xab\x8c1E\xc6\x1c)s\
\xf4\x919m:eBBAL%\x1c\x9edB\xf9\
\xceA~\xab\x90g'\xc8X\xc3e\xec\xbe2Ww\
\x99\xfb\xc9cH\x0c#F\x10\xa3\x88\xd12X\x87c\
(\xbf\x19%\xcf\x0c\x931\x06\xc9\x98}d\x8e\x1e\xd6\
\xea\x9f\xb8\x88\xe4\x01\xd1\xaf\xd7\x88\xfe\xc4\x80\xa7-\x22\
\xf9M\x7fy\xa6\x9f\x8c\xd1[\xc6|I\xe6\xb0\xb1\xfe\
\x7f\xfc\x06\xb3\xa4\x19\x9ek\xe34\xfa\x00\x00\x00\x00I\
END\xaeB`\x82\
\x00\x00\x05~\
\x89\
PNG\x0d\x0a\x1a\x0a\x00\x00\x00\x0dIHDR\x00\
\x00\x00 \x00\x00\x00 \x08\x06\x00\x00\x00szz\xf4\
\x00\x00\x00\x04gAMA\x00\x00\xd6\xd8\xd4OX2\
\x00\x00\x00\x19tEXtSoftware\
\x00Adobe ImageRead\
yq\xc9e<\x00\x00\x05\x10IDATX\xc3\xad\
\x97\xcb\x8f\x14U\x14\x87\xbfsnU\xcf0\x0c#O\
q\x00\x01I|`\x06\x08\x10\xdd\xb8\x91\x85\xee\x8c\xf1\
\x91\x18\xd8\x91\xf8\x88\x8f\x85\x09\xa8\xa0\x81\xa6e\xa3\x0b\
\x13\x17Dc\xc0\x851\x19\xdd\xf8'\x981.|\x22\
F\xe3\x8b\x18A@\x07\x89\xc0\x00\x19\xa0\xbb\xaa\xee=\
.\xaa\x06jz\xaa\xbb\x81X\xc9\xc9\xad\xaa\xbe\xdd\xfd\
\xab\xdf\xf9\xea\x9c{\xc5\xcc\xe8ul\xda\xd2\x10@\x8a\
K\xe92u\xea\xc7ll\xb4\xde\xfb\x87\x01\x99\x12\xb0\
isc\x07\xf0x\xa7y]\xee[\x0f1U\xdf\x9a\
\x18\x1b\xad?\xd0.\xe0\xe0\xde7wo\xfc\xf4\xe7\xc0\
\x86\xe5\x81\xd9\xb3b\xbe;\x0e#\x8b\x03\xaap\xf0\xb8\
\xb2nIF\x1c9\xbe>b\xdc\xb3\x0ab\xa7|~\
8\xe1\xde\x95J\x1c9\xbe\xffK\xb8\xefvH3\xf8\
\xea\x8f\xc0\xfaeP\xab)\x87N\xc0\xdd\x8b=\x8a0\
wHy\xf5\xa5\xc6\xf8\xd8h}\xe9\x0c\x01\x8d7v\
ml&\x8a\xf7\x81\xc8)\xaa\xb9\xe0$\x0d\x84\x10\x88\
#G\x1c\x0b!\x00\x04|\x10\xd2\xd4S\x8b#\x00Z\
I\xca\xe0@\xcc\xe5\xa6g`\x96\xe3\xc2d\xca\xd0`\
L+5\xfakB+\x81\xd9\x03\xf0Z\x07\x01\xe5\x14\
H\x9b\xcd\xed\x0cH\x07\xcb\xad\xed\xdc*SR\x95\x82\
6\xd8\xb4\x88\xa8\x141P+\xc6\xa8\xf8|\x8a\x81\x00\
d@\x0a$\xc5\x98\x95\x22\x14ac\xa3u\xdb\xb4\xa5\
Q\x1f\x1b\xad7\xa6;p\xf5\xcfs\x01\xc6\x0e\xe0\x91\
i\xf7\xaa\xdd\xa8z\xeaP\xe1\xc8\xd5\xb1\x12\xc2\xe9O\
\xef0\xbe\xdc\xbac\xf7\xfa\x95CB08t\xcc\x18\
\x19\xf68\xa7\xfczJ\x19\x19\xceg\x7f{$c\xfd\
rAD\xf9\xf5\x94p\xc7\xa2\x8cZ\x14\xf1\xc3\xdf\xb0\
fi@Q\x0e\x1d7F\x96x\x9c*C\x83\xca\xcb\
\xdb\xaa\x18\xb8*\xc0\x15\x02\xbex\xeb\xed\xfa\xfa\x0b\x93\
\x9eZ\xec\xb8\xdc\xf2`F_-\xc2\x80$\xf5DN\
\xc9\xb2\x80sJ\x1cC\xb3\x15\xe8\x8b\x1df\x86\x0f\xe0\
\x9c\xe0\xbd\xe1\x9c\xd0le\xcc\x19\x8cp\xcaL\x01m\
\xf6\xbb\x22\x05\xaftH\x81v\x810T\xa4\xc0f\xa4\
\xa3=\x05\x15\x02\x5c\x09\xba\xbe\x22\xfa\x8b\xb1V\xc4\x14\
\xa8S\x80%E\xb4\x80f1\xb6JP\xfa\x22\x0c\xd8\
=6Z\xdf3S\x80\xb1\x13x\xb4\x0d6\xed\x00\xa1\
T\xbc\x82\xd6\xc3\x89\x1e\x0e\x18\xdf\xbe\xb8\xa7\xbe\xe1\x96\
\x81<\xaf?\x1c3F\x96\x0a\xa9\xf7\xfcvRX\xb7\
B\x09\x1e~\x19\x875\xcb\xa1\xd9\xf4\x1c>\xa5l\xb8\
Mh\xb6\x02?\xfd\x0dko\x15\xa2H\xf8\xf1\x18\xac\
\x1e\x0e\xc45\xe5\x97qX5?P\xab)*\x81\xed\
\xdb\xf7V2\xa0\x18\xdf\xec\xdbW\xdf0y\xd1\xb0`\
\xa8ST\x0d\x9fA\x92e\xa8*\x91SB0\xe2Z\
^&/]J\x98;T\xe3r\xd3\xc0\xc0E\x05x\
\x91\x80A\x9a\xe6\x22\xb2$\x000wHy\xf6\x85\x12\
\x84\xf7o\xde3e\xe5\xd4\xbb\xff\xd8\x95\xeb\xe9i\xb8\
\xde\x14\x84\xb6\xebr\x1d8\x0b<86Z\xb7\xe9\x0e\
L\xaf~S\xb0\xf5\xb7A\xd8W\x00\xeaJ\x85\xc8\x17\
\xa0\xb5\xda l\x96\xe0,W\xc5]U\x10v\x13\xd0\
\x8f\xf1,\xf0@\xc9\x91\xf6#\x5c\x03\x84W\x1c\xa8\x82\
\xb0\x97\x80O\xf6\xbfS_=y9\xf0\xe7i\xe1\xce\
%B\x92\x04\x8e\x9e\x16V,0T\x84\xbf\xce\x0b+\
\xe6C\xe6\x03\xbf\x9f2\xee\x1av\xb4Z)\xc7&\x1c\
+\xe6{\xe2(bV\xbf\xf0\xcc\x0b\x8d\x0e\x10\xf6\x10\
\xf0\xfe\xbb\xf5\xd5i\x06\xa9\x07\x15C\x04\xd2\xd4\x88\xa2\
\xdc\x90,\x0b\xf8\x10\x18\x9c\x1d\x91\xa6\x06H>'\x0b\
8U\x0c\xe8\xab\xc1\xd3\xcf\xdf\x98\x80r\x0an\xb4\x0e\
\x5cs\x0a\x5c\x07\x08\xfbK-\xb9\x0a\xc2\xa4\x00\xaf\x0a\
B\x7f-\x10\xca4\x07\x8cm\xc0C]\xaa!]Z\
q\xd7\xd7\xb0S/\x98\xee\x80\xf1\xd9\x87\xfb\xebk[\
-81\x01\xb7-\x82Vb\xfcsAX:\x17\xbc\
\x0f\x9c\x980\x96/P\xcc\x8c\xf1s\xc2\xf0P \x8a\
\x1c\xe3\xe7\xe1\xd6\xf9`\x06G\xff\x0d,\x9b'8\x15\
\x9c3\xb6>\xf7z\xc7n\xa8\xa5fT\xc3\xf8\xec\x83\
\xf7v\xafK\x12CDP\x15\xd2,\x10;\xbd\x02\x97\
\xaa`\x06N\xc1\x07\x90\xc2\x17\xa7\x82\x0f\xb9\x01\x91S\
\x924\x9f;\xd0/ly\xaaw;\xce\x97`y\x0a\
\x1e\xfe\x1fR\xd0\xbd\x19\x15\x0b\x12\xadh\xc7q\xa9\x05\
\xdfh;\xce*\xda\xf1\xae\x99k\xc2\xcd\x8d\x9d\x15\xab\
b\xa9\xe8\x09\xd7\xea@\xf9\x9c\xde\x0eln\x1c\xfc\xf8\
@}\xe3\x893\xc6\x92yy\xae\xcf\x5cT\x16\xce6\
D\xe1\xe4\x84\xb1l\x81\x92f\x81\xb3\x97\x94\x85\x83`\
\xc18}QX4\xc7\x10\x84\x7f\xce\x1b7\xcf\x01Q\
8=),\x1a\xcc\xd99y\xceX|\x93\xe0\x14\x22\
\x07O<\xd9ac\xf2\xd1\x81\xfaF\xef\x0d3\xc9\x1f\
Or\x8aUs\xfd>\x04@J\x80\x81j>W\x1d\
\x84\x90W\xbf\x10\x0c\x15H\xb3\x5c\x80\x08\xf9\x08\xc4q\
g\x01;:\xa4\xa0St\xda\x98t^\x0b^\xc7\xc6\
\xa4\xaa2\xc6\xa5\x22\xe5*6&\xbe\xd4r\xd3\xb6\xca\
w\x85\x8b\xf6]\xb3\xb4o\xcf;\x88p\x15!%\x01\
V\xa2\xbc\x1c]\xff\x1c\xe0?\xb4>3\xeeYJ\xce\
\x0f\x00\x00\x00\x00IEND\xaeB`\x82\
\x00\x00\x04\xb6\
\x89\
PNG\x0d\x0a\x1a\x0a\x00\x00\x00\x0dIHDR\x00\
\x00\x00 \x00\x00\x00 \x08\x06\x00\x00\x00szz\xf4\
\x00\x00\x00\x04gAMA\x00\x00\xd6\xd8\xd4OX2\
\x00\x00\x00\x19tEXtSoftware\
\x00Adobe ImageRead\
yq\xc9e<\x00\x00\x04HIDATX\xc3\xe5\
W\xcfo\x1bE\x14\xfefw\xed\xf5n\xb6$\xb1\x1b\
$\xa0mD\x10?\x0a\x14\x81\xa04B\xe4P\x10H\
\x88\xbf\x82S\xfe\x01\x8eH\xa8\xe2\xc0\x85\x7f \x5c\xb8\
r\xe1\x08\x87\x22\x81%@!\x04P\x91\x9d\xa4-N\
KL\xda\xca\x8d\x08u\x12\xd7\xf6z\xd7\xc3{3\xbb\
\x9b\xd4?\xd3\xd6\xd0\x03#\xbd\xccl\xe6\xf9\xbdo\xbe\
\xf7\xe6\xcd\x8c\x90R\xe2A6\x03\x0f\xb8Y\xf1`~\
~\xfe]\xeaN\xffG~\x97\x17\x16\x16\xbe\xbc\x03\x00\
;\x7f\xe4\xb1\x13\x1f\xce\xcc<\x0e\xd34\xb1\xfa\x93\x8f\
\xb5\xe5:\xf6\xaa\xe1}y\xf2\xc6M\x9c<\xed\xe0\xd9\
W\xd3\x08\xc3\x10W\xae\x5c\xc5\x8dk\xe5s4\xd5\x05\
\x00\xdf|\x9bGae\x0d\xd9\xecQ\xdc\xdc\xb0\xf0\xde\
\xfb\xaf\x8fd\xb9\x9f}\xfa=n6\x02,\xfe\x90G\
67\x85\x93O\xcdt\x87\x80[\xcaJab\x22\x8b\
\xdc\xd1)8\xa6\x83L&3\x12\x00\xd3O<\x0aw\
\xbc\xae\x16\xc6>z\xe6\x00\xb7\xb4\x9d\x81\xe3\xb8p]\
\x0f\xb69\x86K\x97\xd6I\x83TRi\xc0\xb6\x01\x06\
D:\xaaO\xd3w:\xad\xe7\x83\x00\xf0}\x92&\xd0\
h\x00\xcdF\xd4\xd3w\xcb\xc7d\xee!\x98\xb6\x89\x17\
^|\x05\xeb\xa5\xcb\xfd\x01\x18\xa6Ab\x91\x98\xfc\x81\
3g^\x1e\xb2\xb6P\x0b[\xb1\xe87\xaeK\x03\xb7\
K\xeb\xfc\xf95eS\xdb\x16\xfd\x01\xb4\xc36I\x88\
0 i\x07:\x04\xac/\x05uR\x8d%\x8fU/\
u\xcf?\xe4)5\xa6\xb9\xa8\xac\x90\x1a\xb4+\x89\x80\
l\x99d\xb7\xadD\x0e\x00@F\xc3v\xa8\x85@\x14\
\x8b\x7fh\x8am\x8a\x9bMt;$\x19;\x12\x1a\xa7\
S\x9c8D3\x87\xa0E\x94S\x18\xea\x1c\x06\x92\xba\
\xaf\xbf\x9b-e\x0b\x96\xb6\xdb\x96\x03\x00\xc8\xb6D[\
\x091!\xdb\x98\x9b{ix\x86\xb1A\xa6_\x85\x80\
\x18\x9b\xecVY)\x94!\xd8&\xd9f\x1f}\x01h\
B\xa56Jbs\xe2EME\x82\xff\x0aE4\x92\
\x12.\xa2\x9f\xed\x0f\xf4<\xc7B\xeaql/\xb1\xdf\
\x1f\x80\xd0\x22\xb4\xfcR,CZ\x06D\xda\xd2t3\
\xf5q8l\xde\x1d\x1c\x02Z9Q,)\x0c\xa2\xa1\
)WBcIa\x11~\x90\xd8K\xec\xf7\x03 \x12\
\xdf\x02\xdeD\x0ag_{\xfep\x1b\x9dw\x0d\x83\xf2\
\xdc\x9e\xd3\x17\x96\x7f\xa5])\xf6q\xf4e@\x08\xe5\
\x5c\x08\x03\xc7\x8fO\xd1\x02S#)Dl\xabT\xda\
Uv;\x11t0 `\xd0\xfe7\x0c\x01\xd7q\xf0\
\xf3\x85U\x8c\x1f\xf1T}\xb8\x97\xc6\xdb\xba\xba\xbb\xa7\
l\x19\x86\xa1D\x0c\x02`\xf0\xea\x0d\xa1\x14\xaf]\xaf\
`\xeb\xafj\x12\x1a\xc8\xfd\xf49\xf8-\xa2\x1cCW\
t\xf7\xd3\xbaI\x95\xd1d\xe7l{ \x03J\xc1\x88\
\xd0\x9a\xeaT\x1cE3\xc9\x96`f\x85\x061$\x04\
\x86r\xbcq\xb5\x84\xcd\xcd2\xea\xf5\xda}9w\x9c\
1\x1c;v\x02\xb9\xa9\x87\x0f\x13\x02\xbdz\xa6\x8b+\
\xd6\xc7\x1f}\x80\x9d\x9d\x1d\xd4j5\xb4Z\xad\x04\xa0\
E\xd51\x16NT\xee\x194\xcf\xa9\xd8S\xd1\xf1\xe9\
p\x8a\xe5\xf3/\xbeR6Y\xd8\xc7\x10\x068\x0f\x0c\
Lfs\xc9\xff\x17\x17\x17\xb1\xb4\xb4\xa4\x1cp\x01\x9a\
\x9d\x9d\xa5*9wh\x16\xd8\x96\x88r\xa0\x93\x01\xa3\
\x13@\x9c\x84\x0een\xdc\x8a\xc5\x22\x9d\xe5tO\xc8\
\xe5\x94\x14\x0a\x85!\xd5Yv\x84\xc1I\x16&\xc4\x90\
B\xa4\xc3 \xd4\xa9\x177\x97\x8eY>\x19c\x8a\xe3\
\xbe_\xebZ\xa5\xd2\x97=w\xc9\x9d\x0c B\xc8 \
\x0e\x189\x98<\xdc\xdf\xf5\xee\x88\xb6\xac\x8c\x0e\xb9\x01\
\x95\xf0@\xd9\xee\x89\xf7\xde\x1a\xdf-\xf8.\xe0\xd3\x8d\
\x89\xa5/\x03A\xe0S\xd1h\xd2\x8d\xaa\xa12{d\
\x8d\x96\xbf\xbb\xb7\x8bJ\xe5\x06n\xfd\xbd\xdd\x1f\xc0\xed\
\xbd\xdb\xd8\xa9V\x95\x92!F\xf8b\x92!6\xd6K\
(]\xbeH\x87\xa9\x95\xe7wA\xcf\x10\xd4\x9bul\
mU\xe8t\x0dp\xc4\x1bC\xfe\xbb\x1f\xe1y\x1e\xce\
\xbe\xf9N\xd79^\xde\xac\x0cJC\xd2\xa6\xdb\x15\xd9\
\xd9\xde\xbe\xc5\xef\x00\xac\xac\xfcF\x97\xa8T\xfe\x99\xa7\
\x9f\xfc\x84\x14\xf2=\x01\x5c\xdf\xfc\x13\xbf_\x5cUI\
\xf75\x85\xa03\x9b\xefz\xe1R\xdf\xaeB\xba5O\
OO\xe7O\x9dzN9\xa7WQ\xad\x17\x80\xe5\xb7\
\xdfz\xe3\xdc\xbf\xf9\x1c\xebt\xae\xb8\xfa\xdf\xbf\x8e\xff\
\x01\x8c\xae\xac\x22B\x7f!\xa9\x00\x00\x00\x00IEN\
D\xaeB`\x82\
\x00\x00\x05|\
\x89\
PNG\x0d\x0a\x1a\x0a\x00\x00\x00\x0dIHDR\x00\
\x00\x00 \x00\x00\x00 \x08\x06\x00\x00\x00szz\xf4\
\x00\x00\x00\x04gAMA\x00\x00\xd6\xd8\xd4OX2\
\x00\x00\x00\x19tEXtSoftware\
\x00Adobe ImageRead\
yq\xc9e<\x00\x00\x05\x0eIDATX\xc3\xb5\
W\xddo\x15U\x10\xa7\xb4Z\xa8BH%\x144\x90\
\xc2\x036\xbeT\x1e\x0c\x0f\x045\x10\xfd\x1b\xca\x9f\xe0\
\x93\x89O\x05\x0d\xb9\x8d\x18\x13\xa2\x0d\x81\x04\x131\x9a\
\xf2Fb\x80hSm)\x94~r\xa5\xbd\xb7\xbd\xbd\
\xdb\xfb\xd5\xf6~\xb5\xb7\xb4@k\x8b\xf8\xd2\xdb=\xe3\
o\xce\xce\xd2u\xdd\xdd\x16\xc5\x87_\xe6\xec\x9c\x999\
\xbf=gv\xe6\xec\x16\x22\xda\xb2\x11\xde?\x15\xaa\x00\
\xb6\x0a*\x03`\xdbTl&.c}\x91\xa6P3\
0\xe2\x83\x88\x0f\xb2\x01s~\xb1\x9a\xfd\x08\x8c\x0c\xcd\
\x12u$LjO\xac\xd1\xf9\x1e\xa2\xee)\xeb\xf9\x8b\
.\x93nO\x13\xf5\x15\x88\xbe\xec&\xfa5\xa5\xe8g\
\xa3L\x1f]\x8e\xd1\xadI\xd8\xa4Lj\xe90\x9f\xe9\
\xcfu\xb1\x8d\xa9}9\x0e\xfb\xfed\xac\xd2\xe5\xfb&\
\xf1:\xbe\x04\x06A\xa0+C\xd4\x9b'\xea\xcc(\xba\
\x9b\x83c|U\xcb\x0e\x90\xea\xc9\x12\x16X\xd56\x8c\
\xd6\x1f\xc7\xb5]\xf7\x94\xa9\xc9\xde\xc1|gZQ\xfb\
D\x99:\x92\x96\x8e\xc1\xb6\xfc\xcc\xf1\x83\x084\xfbl\
y\x14\x18\x05\xc6\x041`\x5cPp\x8cc\x0e\x9bQ\
\xf1\xf3:\x12\xef#p%[\x15\xf02P\x03\xec\x04\
j\x81:`?p\x088\x0c4\x00\x1f\x8b<,\xfa\
\xfdbW+~5\x12\xa7\xca/9\xbd\x16\xaf\x04\xcb\
O\xe5\x0d\x9co\xcfo\x19\x07\x0c`B0\xeb\x18\x1b\
2?\xee\xda\x85\xa8\x8e\xb7\xfe\x95TlD\xa0\x8a\xb7\
\xacm\x8c\xa8\x07\xe7w\x1b\xe7{\xa1\xd7\x1aw\xa6\xca\
t\xa9\x1f\xe7\x8as\xbf\x95^\xa3O\xae\x8cS\xcf\xb4\
5wQ\xebM\xeaL\x96\xe9\xab;J\xeb{\x91\x13\
mc\x8a\xf4\x11\xf8\xec\x82\x17\x81\x97\x98ud\x9e\x03\
+\xea\xcb\x89\xcc*\xea\xcf\xf1\x22k4PPZw\
\xe9F\x9c\xeeN+\xadc;=\x9f.\xeb\xe7\xc1\x02\
\xfb\xad\x11\xc7\xd1\xbb\xc0q\xfd\x08\xfcm\xfb\xf9\xcc\x9a\
B\x9f9\xb6\xdeN:{\xeb\x93@JPr\x8c\x93\
\x8e\xa3p&\xe5\xa8\x8eg\x11\xf8\xc71x\x138\x15\
\xda.I\xb4\x1bxC\x12\xec-\xe0\x08p\x148\x0e\
\xbc\x07\x84D\x1e\x17\xfd\x11\xb1;$~\xbb%\xcev\
\x89\x1b@\xa0)t\xda\xe7\xd3\xb3\x93\x8f\xdf.\xe1\xd8\
\x8140'\xd2\xde\x81\x84\xd8y%\xa3\x1d\xfb\xb4\x1f\
\x81\x91\x91\x92I\xf7Q,\x06\xb2&]\x8d\x10\x8d\xcc\
\x11\xdd\xcb\x9b\xf4\xfd=k\x1c.*\xfav\xd0\xd4\xba\
\xe8\x03\xa2\xb3W\x0d\xea\xcf\xae\xd1p\x89\xb4M\xb8H\
\xda\xff\x0alX\x1fF\x1e|7\xa4\xf4|\xb8h\xd2\
\xcd\x94U\x88\xfc\x08D\x92\x8bX0gj\xb0\xd3\x10\
K\x04\xd4\x01\x90x<\x0e\xe7\x95\x1e\xc7\x16\x88\xbe\xb9\
\x19\xd3s\xb6-\xeb\x07\xb0p\xdf\xd4\xaa\xb6\x1b\x9eU\
\xf4[\xd1\x8a\xc9s\xc6c\xb2\xbf\x88u\x02r\xfeL\
\xe0\x8cc\xfb\xa3\x1e\x09\xe8\xde\xfe\x8c\x1cA\xc6\xe3\x18\
\xdc\x89\x18u\x1c\xc3\x19{Mw\x12VJ\xa6r\xc2\
\xec\x00^\x03\xf6\x01\x07\xa5\xda\xbd-\x89\xf6.p\x12\
\xf8\x108'\xf2\xa4\xe8\x8f\x8a]\x83\xf8\xed\x938;\
$\xae\xfd%x~\x05\xfe\x04\x9aB\xad\xae\x1d\xc8\xb8\
v \xe3\xda\x81\xd6\x17M\xc0H=V\x14GQi\
O\x10\x8d\x95\x14E\x91\xb0\xe7\xaf\x19\x18\x9b\x94xD\
t#\xa6h\x14\xe3\xc9%}\xce\xc6\x0b'PxB\
\x14\x9d)S\x0c\x8bL \x01\x19m\xbf\x18\x94x\xa8\
0\xb6\xc8%Ad\xfa\xf7\xff\x87@\xebs&\xe1\xd7\
\xff\x95\xc0\xab\xd2R\xf7\x02\xf5\xc0\x9b@\xa3\xa3\x0a\x9e\
\x00>\x00>\x17y\xc2Q\x0d\x1b\xc5\xbe^\xfck%\
\xde\xa6\x08p\xc7\xda\xa6\x1d\x9aB-\x01} h\x07\
\xdc\xfd\xa0E\x08l\x93\xf8\x95A\xbd\xc0&\xf0\x0a\x97\
\xd0\x99?\x88r8\xd3>\xb4\xd6)\x14\x91\xd4<\xae\
eh\xc5\xe9\x87&e\x1e\xa1\x1b^\x8fSz\xc1\xd4\
s\xbdh\xc9i\xe4C~\x19]p\xd2\xb2g\x7f]\
\x8a9\xde:\x81\xad\x1b\x11\xa8\xd67\x198\x16W\x14\
\x02)\xca-\x91\x96\x8cI,\x9c]\xb4\xe4\xb5n\x83\
2 \xc3\xf3\xd9E\xd2\xc4XZv&\x15V\x94M\
\xa0F\xe2Vm\xb6\x1b2\x81\x90\xa3\x1a\xc6}\xaa\xe1\
\x9cO\x15\x8c;\xaa`\xc8q5\xf3\xee\x86B\xc2\xab\
\x1ds\x06\xbf.\x09\xd5 \x09\xf6\x0epL\x92\xee\xac\
\xc8c\xa2o\x14\xbbz\xf9\x02j\xbd\xda\xb1\xdf\xad\xd8\
\xdd\x8e\xed\x96\x1c\x0bh\xc9\xa5\x80V\x1cs\xdd\x0b\x9f\
\xb5c\xdf\xff\x82\x85?\x89J(8E$\xde0\xba\
\xd7\xec\x0a\x12i\x19U\x0f]\xb0\x08YXRZ?\
\xb3l=\xff\xd01\xa1uE<\xb3M~\xc9\xd4\xfe\
at?\xdb>2\xb3\xae7\x16\x82\xff\x0b4\x01k\
Q&\x81\xc0\x08\x90_\x84\xf3\x8a\xd2D8H\xe9\x89\
\xa2\x07O!aw\xbdg\xc2\xb2\x03\xf8\xd9\x1a\x9bz\
\xcc\xb6\x1c\x87\xe3\xcd.[\xe3\xf9\xa7\xcf\xffc\x12\xf5\
\xb8\x1b\xda\x09\xc9(:\xc6q\x8f\xbb`\xf4\xdf\xfe\x98\
\xd8U\xb1Z\xbea;!\xeb\xe4\xaew@\x12\xed\xa0\
\xc8\x03\xa2\xaf\x13\xbb\x9d\xe2W\xedw\x19\xf5$\x10@\
\xa2F\xea\xf9.Y`\x8f,\xb6W\xe4\x1e\xd1\xef\x12\
\xbb\x9a\xcd,\xce\xf8\x0b\x15\x86\xe3\xed\xf2\xf3H\xec\x00\
\x00\x00\x00IEND\xaeB`\x82\
\x00\x00\x09\xef\
\x89\
PNG\x0d\x0a\x1a\x0a\x00\x00\x00\x0dIHDR\x00\
\x00\x00 \x00\x00\x00 \x08\x06\x00\x00\x00szz\xf4\
\x00\x00\x09\xb6IDATx^\xc5W{p\x15\xd5\
\x1d\xfe\xf6\xbdw\xef37\xef\x9b\x04\x08D\xc0\x16\xa1\
b)\x22 h\xc7\xaa\xad\xe8\xd4\xda\xda\x8avPj\
\xeb\x8c\xd4\xd2)*\xa5\x83\x18\xa0\xda\xa9Z\x1f#\xd6\
2\xc5*(v\xeaX\x1f@[\x14\x8b\x22\x0a\x82\x22\
B\xc4\x18\x93@\x12\x93\xdc<\xef\xf3\xb1\xbb\xf7\xee\x9e\
\xfev\xcd\xec\x882h\xfbO\xbf\x99o\xce\xf9\xdd\xdd\
s\xbe\xef\xfc~\xbb\xe7\xec\xe5\x18c\xf8\x7f\x82\xc7\x97\
\x04\xd7\x0c\xbe\xee\xe7\xbb\xe7\xce^{h\xf3w\x1f=\
\xde\xf5\xf5\xb5\xef|\x1cZ\xb2-]\xbetGz\xf6\
]\xad\xe9\xe9w\xbc\xfb\xd1\x84_\xee\xd9\x14Z\xba}\
\x1e\xd7\xdc\xfc\xa5\xe7\xfd\xc2\x0c\x5c\xd0|B\xcd#\xb9\
r\xca\x84\xea\xdb\x0e|p\xc2\xb7\xf4\xa2s\xb1\xf7\xfd\
6\xc4\xea\xca\xb0\xfb\xf5#\x10y\x0e\xf3f\xcd\x83i\
\x1a\x08 \x8bx:\x83\x84i\x1b]\xf1\xa1{?\x1a\
\xee\x5c\xcf\xfe\xb2D\xff\x9f30gu\xcb\x95\x86\xac\
w\x7f\x7f\xfe\x8c5\xc3\xc9\xb4/\x97\xc9\xe2\xc57\x0e\
\xa2\xb3\xab\x17\xef\x1d\xfa\x10\x13k\x22\xa8\x0ek\x08\xaa\
\x0c\x8a*#\x1c\xa9\xc5\x84\xaa*4\x85D\xe5\xbc\x89\
5\xbf\xf9\xc1\x9c\x0b\x93u7\xbf\xfc\xa3\xff\xda\x00\x07\
p\x0b\xd6\x1f\xbb\x93\xaf\xaa}vB\xe3\xa4\xcag\xdf\
:\x8a\x83G\xdb\xe1\x13\x01#_@ePA\x99&\
A\xe1\x18.\x9c\xfd5\xb4\xf7t!\x16\xe2\xa1\xca6\
\x22\xa122R\x03\x9f\xc4#\xc2\xf2\xca\xe5\xe7\x9d\xbd\
u\xfe\xdd\x87\x1f\xe38p8\x05\xc4S\x89/\xbc\xaf\
\xfbo)^\xbdj\xf1W\xcb\xe1S\x80\x9d\xaf\xf4\xa1\
\xdc/#\xeaW\x10V%\xf8U\x81\x04\x04\x12\x0ac\
ZL\x81\xcdb\x98\x5c)A/r\xc8\xe8 \x04\xc1\
\x98\x8d\xc4h\x1fx=\x8ds'M\xbc>\xf8@\xdb\
\x99\x1c7\xf9<\xc6\xc0N\x9b\x81K7\x0c\xfd\xa1\xb6\
\xbe\xfe\xaao\xcflDm\x00\xa8!\xd6U\x86\x11\xf6\
\xc9\xaex\x88\xd2\x10PD\xf8\xa9\xaf\xc9\x1c\x06\xb3\x05\
\x9c\xdf\x14@y\x80\xa3k@H%y\x05\x08\xf8\xc3\
\x08\x04\xa2\xd0\xf5\x0c\x8aF\x0e3\x1b\x1b\xcf\x9d\xbd\xf6\
\xf0c\xa7-\xc1\x8d[\x92WF\xa3e\xcb\xbfQ\xc9\
cJ\x84\xa3\xda\x02\x92Dd%\xea\x93\xa8B+\x97\
\x05\x04)-!\xca\x86O\xe404\x98\x00\xcf\xdbd\
\x0ad\x88!\xa0\x02~\xb7O$\x13\xb2\xac\xc1$\x03\
%C\xc7\xc53\xcfZr\xf6\xea\x837\x9e\xd2@\xf3\
\xe3PG\xa1m\x99\x1e\xa5\x15:\x83\x89\xad)\x03C\
\xf9\x22\xc2\x148)WI|\x5c\xa5\x1f\xb3\xce\x88 \
\xa4)('\x87s\xbeR\x81\x86\xb0\x80\xa1\x9c\x81\xee\
D\x0ei\xc3\xc0`&\x85\x91\xec\xa8\xdb\xaa\xbe \xcc\
\xa2N\xa5\xd1a\xda\x0cY\xddX\xdfx\xfd\xab\xea\xe7\
\x0ct\xab\xfa\xaa\xc9aYSD@\x10\x80\xdd\xed\x03\
\xd8\xba\xf3\x10~\xff\xe4k\xb0\x8aE(\x22\x0fI\xe0\
\x913lt\x8d\x98n\x09\xc2~\xe7a\xe4\x11\xd1\x80\
\x86\x88\x80\x19u>(\x82\x05fdQ\x19\xd60\xbe\
\xb2\x02\x92\xec\x83\xcd\x18DfB\xb2\x81YS\xc6U\
\xe5\xa5\xd2\xb2\x93\x0c47\x8379q\x85&\x00\x12\
\xf1\x9d\xde\x11l\xda~\x10\xdd\xfd\xa3\xee{.\xf1<\
D\xc1!\x07\x81\xfa\x02\xc7C\x91D\xf0\xbc\x80\x8ex\
\x09\xa9\x82\x85\xba\xb0\x88\xf1Q\x01s'iX8-\
\x86*\xaa\x85F\x93\xc9\x92\x02\x9d\x0f \xa1\x97`[\
%*!\x0f\xd3\xb6Vp\xa4\xe9\x190\xce*\xcd\x09\
\xcb\x82\x8f\xb4\xd0\x9e\xcec\xc7\xeb\xc7`\xdb\x0c\x14\x93\
\x08G\x04\xf5\x1d\xf2n,8f\xc6X\x16\x10\x10\xa3\
\xd5;H\xeb@\xa1\x08\x8a9\xccl\x00\xc6E\x9d\x05\
\x89\x88\x886L\x8bA\x94l\xf4\x8c\xe4\xc0lV=\
%\xb7\x7f\x8eg ns7\x95I\x1c\xf2\x1c\xc3\xa1\
\x96\x13\xe0\x00p\x1c\x5c\x80\x01\x8c\xe8\x05pbF\x84\
\xcb)\xb5\xa2c\xce\xbb?]\x00\xda\x06\x81x\x1a\x88\
\x85\x81\x19\x0d\x02\x22~\x09\x8d\xd4\xe7m\x86\xfa\xaa\x18\
\x1c\x01\x9eqWx\x06\xaax\xbb.\xa9\x1b\x10\x01D\
B\x1ax\x9ewY\xa2\x01\x96C\xe6\xb6.K\x96\xed\
\xd2,Y\x08\xfby\xc4B\x02(\x04]\xf2L9q\
_\x92J\xd9Mm\xca\xc6\xd4\x98\x8a\x8a\xa0\x0c\xd3\xa2\
E\xeaE\x08nI\x85Y\x9e\x010\xab\xde/\xdb\xe0\
\xc0a\xfe\xb4z\x844\x19\x92 \xa0\xe8\x08\x11\x8b%\
\xa2\xc5\xe0\x0a\x17-\xe8f\x09\x05\xa3\x08E\xb0\xdd\x95\
SH\xd7]\x92i\x8f$\x08\xf4'L\x1chO \
g2\x9aWD<\x91v\xe7Vd1\xe6\x19\x10d\
{\xa2*\xf2H\xe4\xb3(\xda6~\xf6\x9di\xb8\xf5\
{3P0I\x8c\x04\x0bDj\x1d\x13\xaep\x9e\x98\
\xd5M\xb4tg\x90\xcc3\xe4\x8b\x80N4J\x8e\xe8\
\xc9\x86\x0c\xd3@\xbe\xa0c4\xc7\xd1u\x01\x89l\x1e\
\xaa\xe2\x94\x8d\xab\xf5\xea\xf9\xf0\xee\x8c>\x94\xb1\xd8\x17\
\xe1\xc3\xde4\xbb\xf3\xe9cl\xe9\xc3\xef\xb2[6\x1d\
c\xb7?\xd9\xc6\x9e\xd9?\xcc\xda\x07mv\xe4c\xc6\
\x0e\x1cg\xec\xcdv\x93\xedj\xc9\xb1'\xf61\xb6v\
;c\xbfx\xa2\x97\xfd\xe4\x91\x16\xf6\xab\xadCl\xcd\
\x8b6[\xb4a\x80-\xf8\xddQFgM\xda\xd1\x16\
A\xb8\xfa\x1c\x1f_\x11\xe0\xf1E\x98\x1c\x0b\xe2\x87\xf3\
jq\xc7\xd6c\xee\xf3`\x16%\xeci\x19\xc0\xbe\xd6\
!\x8c\xaf\xf0A\x928\x0c%u\x9c\x18\xcc\xe3\xa2Y\
SQ\xd0-b\x06\xb2\xec\x5cSA\xa0\xfb\xc2\xb0\xaa\
E\x0c\x0ef\x87\xbc\x12p\xb0,\x10^xq\x1b\xee\
\x7f\xe0!<\xb5\xf5il\xdc\xf8g\xea?\x88u\xeb\
\xef\xc2\xca\x95\xabp\xdd\x8f\x97\xc0\xc1\x94\xfa\x08FF\
\x86\x91-\x14Q\xb2Jh(\x97\xb1\xe0\xcc\x08x\xce\
\xc6\xbb\x1d\x09\xb4~\x9cA\x8aj\xf2\xe4\xae\xc3\x08H\
\x19X%\x13\x8a\xe2'jpP(\x15!K\x22\x04\
\x08=\x9e\x81\xbf\xbe\xd6\xfdo\x9b1\x5cq\xf9\x22L\
\x9a4\x11\x91H\x04\x0d\xe3\x1a\x10-+#\xf72\x92\
\xa9\x14R\xa9$\xc6\x80\xba`\x11\xdf\x9c\x1e%V\xa2\
2$\xa3\xad?\x8b\xd7?\x18A\x9cV\x9f\xc8\x9b.\
\x87\xb3\x06\x06\x13\xeeV\x0cE\x0d\xb8\xcbt\x90\xc9e\
12\x9c\x83\xa6(\x07<\x03\x1bwv\xdc\xf3\xc4\x8e\
#pp\xf9\xa2\xcb\xd0\xd1\xd1\x81x\x7f\x1c\xfd\xf18\
:;;\xd1\xd7\xd7\x8bl6\xeb\x19\xe8\x8e\x0f\xe3\xa9\
\xbd=\xb8\x7fG;\x9e~\xb3\x17{[G\xd1O\xe2\
#Y\x12\xce\x90pZ\xc7 \xb5E&\xc0\xe7\x0by\
\xab\xcf\x15m\x14\x0a:\xec\x22\x87H@y\xc1\xfb\x1e\
\x88V({\xe7\x9f\xd3Tr\xe2}\xfb\xf6\xc3\xd0\x0d\
\xe4r9\x12?\x8e\x81\x81\xb8+N\xb1g\xe0`k\
\x1f\xb4qU\xf0\xa9\x9a\xbbR~l\x17\xb2l\xe6\xbc\
\xba\xee\x1b\x933,\xfc\xfd\xad\xe3\xb8\xe1\x92\xf1\xde\xb8\
l\xd1\x84O\x94\x10\xf1k\x03\x91\x0f\x82\xfb\xbc\x0c\xbc\
\xb2\xfa\xfc\xab\x9bj\xfdb<>\x80\x9d/\xbd\x0c\xb3\
hR\x16:O\x12\xcf}*\x03%\xb3\x80\x11Za\
_\xb2\xf09\xf6\x12\x9d\xb3A\x96d\xf0\xbc\x88#\xdd\
q\x10\xdcS5\x9f\xcf\x22\x1a\x0c\xa0,\x18\xb8w\xcd\
\x1a\xd8\x9e\x01\xdb\xb6/\x01\xe1_;w\x82\xe0\x8a\x0f\
\x0e\x0e \x16\x8b\xe1\xe2\x8b\xbf\xe5\x8ags\x9e\x01\x84\
$\x86\x9aH\xc8\x99\x08>\xc5y\xc2e\xf7\xd0\xf1\xfb\
4T\x85C\xa8\x8dFP\x13\x0d\xa3:\x12F*\x95\
\xc1\xde\xceA$\x92\xa3\x08\xd0=\x15\xc1@\xb7\x94\xe0\
\x1f>\xe9\x93\x8c\xe3\xb8s@\xe8\xe9\xeeAWW\x17\
\x92\xc9\x04n\xbb\xedV\xcc\x9b;\x17\x0e\xfc\x9aF'\
\xe6Z\xcf\x80_\xb4\x11\x8d\x86`\xf1*J\xb6\xed\x1e\
\xb7\x1c\xdc\xc3\x0a\xa2\xc8C\x11%\xa8\xb2\x04M\x91\xe1\
W\x15\x045\x01!\xcd\x87\xb0_c\xb4\x15/\xbfg\
\x89\xa0\x9fd\x80\xe7\xf9z\x10\xba{z\xdcW\xec\x86\
\xeb\x97\xb8\xe2\xa9t\x06\x1a\x0d\x5c\xb6l\x19\xd2\xe9\xb4\
g@\x13,T\x87\x83\x80\x1c@\xc9\xb2\xe0\x1a\xe08\
\xf0DQ\x10 \x8b\x02\x14\xc7\x80,Cs\x0c\xf8T\
\xf7\xe4Lgrk\xef\xbf&\xf0\xdc\xe7\xbe\x88L\xd3\
l\x01\xa1\xa6\xa6\x1a\x02M\xb0h\xd1\x22\x98\xc5\x22\x16\
\xdf\xb8\x1c7\xff\xfa\xb7\xb0l\x1b\xabV\xad\x82\x83\xae\
\x9e^\xd4\xf8m\xccl,\xc3\x8c\x09\xe5h\xaa\x8d\xa2\
\xbe\xa2\x0c1J\xfb\xd4\xfar\xeaGP[\x1e\xf1\xca\
\x10\x0d\xfa\xdd\xf1\xc3\xa9\xcc\x96\x07\xae\x094\xe3\xb3`\
\x8cQ\x9dR\x1b\x18\xe1\xf9\xe7_`\x1b6<\xc2\xdc\
\xfe\xb6\x7f\xe4\x83\x13\xe7\xb1\x05\xcb7\xb2\x15\x7f\xdc\xc6\
\xde{\xbf\x8d\xf5\xf4\xf6\xb3k\x7fz+\xbb\xf4\xba\xd5\
\xec\x91\x97F\xd9\xe6}\x16\xdb\xb2\xaf\xc46\xbfYb\
\xdb\xdf+\xb1\x0e\xda\x927\xbda\xb1\xfb^\xb6\xd8\xba\
\xed&\xbb\xfd\x99<\xbb\xe9\xf1\x84}\xed\x86\xfe;I\
\x88s\xb4>K\xf7\xc7\xf6\xf6\xf6\x0b\x9b\x9a\x9avy\
\xbb\x05a\xf1\xe2\xc5\xef?\xfbj\xcb\xd13\xae\xbc{\
\xe1W\xce\xaa\xaf\x89\x1f{\x1b\xbd\x87\xf7C\xe0l\x9c\
1\xfb\x0a\xd4O\x9e\x0dE\xf5\xb9G+\xc7\x81Z@\
\x95\x80l\xc1B\xde\xb0`\x14K\xc8\xe9Fw\xc60\
\x96\xffs\xc5\xa4\xe7N\xfb\xd7\x8c\xea'\xed\xda\xb5\xab\
y\xda\xb4i\xb7d2\x19n\xf3\xe6\xcd\x03\xeb\xd6\xad\
;\x02\xe0O\xda\x84\x05\x87\xca/\xb8\xe5\xa6\xe9g\xd6\
\xae\xcc\xa62j2a\xc0\xef\x0fBUT\xf7X\x15\
\x04\x8e\xc6\xf3D\x0e\xb6\xfb\xdd\x00\x98%k0\x9fK\
?\xd4\xb3\xe7\xc1G\xfb\xde\xde\x96\x03`\x13-\xd2\xb2\
Ni`\xecM\x08\x01\xb8\x88x\xe1\xd8\x80\xb7\x89o\
\x10-\xa2\x0aQ\x0c\xf8\xa7^6K\x896.\x94d\
\xdfT\x9eC9\xc7\x0bQ\x0e\x0c$\x9d\x80m\x8f\x96\
\xcc|[a\xb8sO\xaa\xf5\xa5C\xb0LG8?\
F\xa7_ \xad\xdc\xe9\x0cp\x00|c\xc4\x98\x09\xf6\
\xa9\xdf4\x8f^\x0ce\xacl%\xa2N,8\xf4\x84\
\xdd\xd8k\x0d\xd22\xf1\x19\xfc\x07O\xce\xe4\xa0\x8c_\
B\xdb\x00\x00\x00\x00IEND\xaeB`\x82\
\x00\x00\x08{\
\x89\
PNG\x0d\x0a\x1a\x0a\x00\x00\x00\x0dIHDR\x00\
\x00\x00 \x00\x00\x00 \x08\x06\x00\x00\x00szz\xf4\
\x00\x00\x08BIDATXG\xbdWiT\x95\xd7\
\x155i\xda\x95\x0e\xe9\x90\xd5651E\x0djA\
\x08D@\x91Q\x83\x96b-\xa8\xc1\xa1F\x14\x92 \
ZD@\xe6I&\x89A\x19D\x8dCt)j\xb2\
P\x01\x0b2?\xe1\xf1@f\x1e\xb3\x8c\x22\xe0\x88\xc3\
\xaf\xb6?\xbaVc\xb3{\xf7\xe5}\xcfG\x01\xd7\xea\
\x9f\xfe\xd8\xeb\x9e\xef\xdcs\xcf\xde\xe7\xdc\xfb}\xef\xbe\
Y+\xb6$D\x0ah\xffO\x88\x040\xcb\x10\xb38\
100\x80\xf1\xf1q\xdc\xbbw\x0f\x0f\x1e<\x90\xf6\
\xc3\x87\x0f\xf1\xe8\xd1#9\xde\xbf\x7f_\xfa\xf9\xcc\x91\
\xbe\xb1\xb11\xf9\xfc\xf8\xf1c<y\xf2D\xefg\xec\
\xe8\xe8\xa8\xccA\x9bq\x1c\xfb\xfa\xfa@\xaei\x05T\
VV\xe2\xe6\xcd\x9b\xa8\xad\xadEGG\x87DCC\
\x03\x9a\x9a\x9a\xe4X_W\x8f\x9a\x9a\x1a\xb4\xb5\xb5A\
S]-\xfd\x8cimmEWW\x17\x1a\x1b\x1be\
\x1cc\x9a\x9b\x9be.\xce\xd1\xc7y\xda\xe4\x98Q@\
YY\x99L\xc2\xc4===\xa8\xae\xd6\xc8\xc5\x84\x92\
\x9csmmZ\x89j!\x82\x89\xb5BP{{\xbb\
$\xe5\xd8\xda\xd2\xaa\x17\xc5\xf1\xd6\xad[\xd2O\x14\x16\
\x16\xce,@\xa5RA\xab\xd5\xea\x93q\xb1B\xc8d\
D}}\xbd\xf4K\x22\xdd<c)\xb0\xae\xaeN\xfa\
\x15bv\x87\xf98\xa7\xac\xd1h43\x0b\xa8\xa8\xa8\
\x90U\xb2\xc5l\x1fm&\xa0\xcdd\xed\xc2\xdf\xd2\xd2\
,I\x95\xaa\xfa\xfb\xfb\xe53\x851\x96q|\x96\x9d\
\x11\xcf\x8a@\xe5\x99\xdb3\xa3\x80\xd2\xd2R\xa9TQ\
\xdb\xdc\xd2\x22\xb7\xc2\xb0\x9d\x1cyFH\xdc\xd9\xd9)\
\xda\xaf\xd5W-\xb7\xa9\xbeA\x88l\xd1\xc7s{(\
N\xe9\x18\xb7mF\x01j\xb5Z*\xa6R\x82\xe4\x0a\
\x11O/\x13\xd3fr\xc6\xf1\x99qJ\x85\xec\x9cR\
\xa9\xb2\x8d\x8c!1[O\xfb\xa5\x02\xd8\x9e\xee\xeen\
\xb9\x80D\x13\x9dh\x936\xc19&\xe6\xc8dJ,\
}\x83\x83\x838v\xe62|\x02\x92\xe0\x17\x92\x8a\x80\
\xe8,\xf8Ge\xe2\xc4\xb9\x5c)^\xc9\xf1\xd2\xb7\x80\
\x02\xb8\xb7-\xba\xd6\xb3\x1av\xa0\xb7\xb7W\xee-\xe7\
\xe8\xe3<\xdb\xadR\xd7\xc9j\x99\x98\xdf\x10\xbf\xb0C\
h;\xe3\x8b\xa1\x92\x0c\x09\xda\xbb\xc2\xd2\xf4k[\x84\
\xd8K9\xf9/\x17\xc062\xa1r\xc0\x94\xe4\xca\xfe\
+\xdb\xb1'2\x1d\x9f'&\xe2\xab\x0by\xa8kh\
BQY5\xfc#3\xa0\x8a0Ei\xc0\xbb\x12\xaa\
pS\xe9+*\xd7\x88\xf5Z\xf8G\xa4!e\x7f\x1c\
,\x5cv\x8fM+\x80\x87\x8b\xad\xa4Z\x92\xb3\x0b\xc3\
\xc3\xc3\xd2&9\xe78^/S#\x226\x15\x95\xd9\
I\xb8x4\x05\x01Q\xe98\x92\x96\x86o2\x22P\
\x7f\xc8\x15\xe5AF\x12\xb4\xbfN\x0fG\xe6\xe1\xc3\x08\
\x8c\xce\xc4\xb1C\xc9\x18(H\xc6\xb6?{\xffC\xf0\
\xf9N\x11\xd0$\x0e\x0d\xc9Y!I\x87\x86&\xc4\xb0\
j\x0a\xe1\x9e\xe7\x16V\xe0\xf0\x81D\x14\x1d\x0f\x86\xf6\
\xac/:\xce\xfb\xa2\xfeb4zrB\xd0\x94\xe5\x01\
M\xbc\x15*B\xe6A\x15:W\xd8K\x84\xcf]\xce\
U\x9eO\x80\xe6\xc4NhOn\x15[\xe3\x83\xfd\xa1\
\x81\xcd\x86\x22\xa4\x00\xbe\xefCCCr\xcf\x09\x12R\
\x00;q\xfb\xf6mi\xa7\x1c\xb9\x88\xafC\x96\xe1F\
\xc4|\xa8\xf7\x9b\xa3*\xd6\x14U1&\x12\xf4M\x07\
\xc6i\x12\x97HTF\x1a\xa3<l\x1e\xf2\xf6\x1a\xf1\
,\xe4N\x12\xc0\xf7\x95\x95\x93\xe8\xee\xdd\xbbr\xe4\xfe\
S\x14\x7fL\xd8\x85\xe2\x8aZ\x04\xef\x8bB\xba\x97\x11\
\x8aB\xe7\x0b\x01\xc6\x82\x5c\x07C\xdb\xd0g\xe0/\x8d\
x\x0f\xc9[\xe6~\xf7\xd9\x96\xb5\xedS:\xc0\x03\xa8\
\x10\x12w\xee\xdc\x91\xe0\xdes\xe4\xdc\xe0\xe0\x10\xf6\xc5\
e!'n%\xaa\x13\x16\x09,\x94(\x892\xc6W\
~F\x08s\x7f\x0b\x1f;\xbe)A\x9b>\xce)q\
\x9a$\x13\x5c\x082{\xfe\x87\xad\xd1\x7f\x15\x9c\xafO\
\x12\xc0\x0f\x07\x89Y)I'\x08\x07e\xf5\x1402\
2\x02Uu#\xd2\x92\xc2\xd0|\xf4Cq\xc8\xacQ\
{\xc0\x04\xe5q\x8bp\xfc3#\xec\xf6\xb4\xc1\x8e\xed\
\xdb\xb1;$\x19;\x83\x12\xe0\xe3\xed\x8d\xbf\x08\x1f\xe7\
\x18\xc3\xd8\xba/,\xd1t\xc4\x09\xd1{\xbd\x1b\x05\xa7\
\xdd$\x01|\xf5(@\xf9\xfd&)\xc5p<s\xa9\
@\xbcR\x99\x08\x889\x8a\xab'\x22\xd0zr5\xea\
R\x17K\x5c\x09_\x80x_{\x04\x85\xc6\xa2\xa0D\
\x8d\xae\x9e>\xf4\x0d\xdc\xc6\xb5\xe2*\x04\x86D\xcb9\
\xc6(\xf1\x5c\xfbMf\xc0\x1d\x9e\x01\x1d|'\x09P\
\xaa&x\xa9\xe0\x01\x0c\x8e?\x89\xc1\xeb\xc1\x18U\x1f\
D_\x9e\xaf8\xcd\xceh\xccx_\x22'b\x11\x12\
#w\x89\xd7S#\xd7\xf0B\xc25\xccu\xbd\xbc\x06\
\xf1\x11~2F\x89\xe7Z\xe6`.\xe6\xa4\x08)\x80\
_,\xa5z\x1eB\x8e\xbc\x1d\x8d\x8d\x8dJ\x01\xaaT\
34\x1f\xb7\x9c\xc0\xb1\x17c\xf1\x81\xc5\x88\x8cOE\
o\xff\x90~\xed\xc4\xfaQt\xf7\xf4\xcb\xb9\xe2\xe4\xc5\
S\xd7\x0a\xa8\xbe0\x9b,`\x82p\xa2\xfd\x14\xc3D\
\xdc\x86\xe0\x84S\xa8\xca\xb0\x80\xf6\xb4\xd54\xb0Ft\
B*\x06o\x8f\xc8+\x99\xd2=v\x82\xa2b\x92\xd3\
d\xcctk\x99s\x92\x00.d\x12\xb6\xfe\xa1\xee\xee\
G!\xa1Ig\x10\xb8q\x0e\xbc\xd7\xccF\x9a\xbf1\
*\x8fX\xa2\xfd\x9c\x8dD\xcfe7\x9cL\x0fCe\
\xadV\xc6\x92\x98\x85\xd0.\xb9Q\x8fS\x99\xe12F\
\x89\xe7Z\xe6`.\xe6\xd4\x0b\xe0\x07\xc7\xf0\x02\xa9\x5c\
@i_\xb8Z.E\xecK8\x8d\xa8\xbd\x1bP\x90\
j\x81\xaeK\xb6\x12}\xf9\x1e\xa8\xb9\x12\x8c\x94C\x19\
\x92\x90U\x13\xb4S3\xb2\xe4\x1cc\xba.N\xc4s\
\xad\xff\x8e\x15S\x0f!\xbf|\xca-\x967\x5c\x8e\x14\
\xa0\xd8\xcf\x9e=\x83\xa6\xa1\x1d\x07\x92\xc2q9\xe5}\
4\x9d\xb3\x15\x95\xd9\xa17w\x15\x86\xcb}\xd0Xr\
\x10\x17\xb2O!9\xfd,\x12\x0f\x9f\x96v\x83\xf0q\
\xae7o\x15n\xe5\xd8A{q9r\xc5\xab\xb8\xc7\
\xdfk\xeak\xc8\xdf\x00\x0aP@\xf2\xa7O\x9fJ\x9b\
\xe4\xec\xc8\xd0\xf0\x08\xc2\x13\xbf\xc4\x8d\xec\x8f\xd0s\xd5\
\x01\xbd\xf9\x0e\xa2:\x07\x0c\x14\xba\xe2\xce\x8d\xed\xb8\xdf\
\x18\x83\xf1\xceL\x8cwdJ\x9b>\xce\xf5\xe5;\xca\
8\xa2\xf2\xac\xcbs7\xaf\xd8k\x82s\xfe$\x01\xfc\
\xf0\xb0Z\xde\xf1I\xaa\x8c\xb2\x0bO\x9fH\x11y\xc5\
\x1a\x5c=\x1f\x8e\xde2o\xf1\x9b\xef&\x92;\xffO\
\x18,Z\x8dQ\xcd\xa7\xb8v\xf6\xd3\x11\xc1\xb9k\x92\
\x80\xb8\xb88\xac[\xb7N\xc2\xc3\xc3\x03\xeb\xd7\xaf\x9f\
\x04\xfa\xadm\x1dq0\xd4\x06e\xa7\x97\xa1\xa7\xc0\x19\
\xdd\x06\x18*]\xf9\x02%/\xec\xf6<Ghs'\
\xd0\x99\xef$:`\x8b\xfc,\xdb\x7f\x09\xcelC\x01\
\x06\x7f\xcd\xe2\xdb\x9c7\xef\xefp\xda\x14\xd7\xe5\xb81\
\xe6\x96\xa3gt\x9f\xa3gT\xbf\xc3GQ\x03\xd6n\
\x01c\xc66\x9e\x7f\xf7\xdbf\xf9\xfc\xf3 \x13\xa4\x86\
\x98\xc2\xefc\xb3\x7f\xc7\xecZ\x88\x9ctk\xb4\x5cq\
\xc4\xb0\xca\x05\xc3\x15.h\x16vN\xba\x15\x22}\x17\
`\x93\xbb\xf9\xb7\x09\x01&\xdf}\x19g\x8e\xd8=\xd6\
\xff\xdc\xe8\xedW%\xb8\xb6\xea\x05\xe8\x8dY\xb3^\x15\
\xf8\xbe\xc0O\x05\xde\x16X$\xb0D`\xb9\x80\x93\xc0\
\xca\xb7\xdf\xb3\x0a6wXW\xe7\xe1\xba\xe0o+V\
.\x1d\xb1\xb0[\xd3l\xe7\xec\xd0\xef\xb5y\xe9\xa3\xab\
Y6\x18\xa9Z\x8d\x11\xf5j\xd0\xf6\xd9fwo\xd5\
\x1a\xb7v{\x8f\xbd\xc5\xae\x9e\xde\xd5;6\xcc\xfbv\
\xfb'\x9b[t\xa7\xff\x95\x99\x04\xbc&\xf0c\x81_\
\x0b\xcc\x130\x15\xf8@`\xa9\x80\xad\x80\xfd\x9c\x85\xb6\
{>p\xf6\xac12u\x8a\xfc\xc9\xcf\x7f\xb3\xf6\x9d\
\x05Kw\x999nQWd\xdbc\xac\xc6U\x82\xb6\
\xd5\xefw\x96-\xb6\xdf\xe8\xfe\xab9&\xbft\xd8\x10\
\xe1\xb3\xf9\x13?\xb5 \xf62$\xffo\x01\xaf\x08|\
O\xe0u\x81\x9f\x09\xbc%\xf0[\x01c\x81\xdf\xe9\xc4\
\x98\x0bX\xfc\xe0\x87o\xd8\x88\xd1R\x07\x0bK\x17\x1f\
U\xd4\xeeEpw\x99-A{\xd9\x1f\x03\x8a\xc5\xdc\
/\x04~\xc4\xc2\x9c6\xc5.0$\x9e\x22\xc0@\xc4\
k:\x11o\x08\xbc\xa9\xeb\xc6l\x81w\x04\xde\x150\
\x12\x98k\x00#\xcb\x0f\xbd\xc3\x97\xae\xd9SLR\xdb\
?\x05\x16-w\x0f\xbe\xbelm\xe0^\x1d9\xb7\xf5\
\xd5\xe9\xc8\x89\xff\x00\xbe\xf2\xc0 \xfaX\xd2\xc7\x00\x00\
\x00\x00IEND\xaeB`\x82\
\x00\x00\x02\xef\
\x89\
PNG\x0d\x0a\x1a\x0a\x00\x00\x00\x0dIHDR\x00\
\x00\x00 \x00\x00\x00 \x08\x06\x00\x00\x00szz\xf4\
\x00\x00\x00\x04gAMA\x00\x00\xd6\xd8\xd4OX2\
\x00\x00\x00\x19tEXtSoftware\
\x00Adobe ImageRead\
yq\xc9e<\x00\x00\x02\x81IDATX\xc3\xed\
\x96\xb1N\x14A\x18\xc7\x7f\xdf,\xc4#\x82\x16\xbe\x80\
V\x9a\x18\x22\xc4\x17\xc0w\xa0\xc0\xce\x92\xc2\x07\xb0\x03\
:\x1e\xc0\x82\xe6\x12+M\xcc\x99X\xd8\x9a3B\x07\
\x09\x10$!\x81\x98hb\x03\xae\xe6\x82w+\xe0\xce\
gq\xbb\xc7\xec\xde\xec\xedA\xee\x82\x85\x9bLvg\
\xf2\x9b\x99\xff\xcc|\xdf\x7fGT\x95\xab|\x0cW\xfc\
\x8c\xb8\x95G\x8f\x97\x9e\x01\xb3\x05l\xad\xfejay\
P\x8cW\x000\xbb\xf2|\xe1a\xbe\xf1\x0f0\xfft\
\x09`y\x80\x8cW\x00;\x9fC~\xc7\xb72m\x95\
 \x1c\x0a\xe3\x15`\x00#\xbd\x03eP\x8cW\x80H\
wG\x91\x02F\x00m\xbf\x0b\x19\xb7\xcd\xf4!\xc0x\
:\xfa\xea\x9d6\xe9\x83\xb9\xc8\x0e\xbc\x7f[ewk\
3\xd3v\x7fjz(\x8cO@m\xe7 \x82\xf1{\
\xd9\x80:\x88\x00j\x03f\xda\x1bx\xd5N\xf8\xef\x19\
\xd1\x8b\x15\xbf\x81<\x99?7\x99\x011\xfe \xdc\xff\
\x12b\x83\xac\x81\x988\x1c\x0a\xe3OCs\x9e\xafi\
t\x18\xedf0\x9d\x0cL\x82\xa9;\xe7\x03'\xef\xd4\
3N\xa1\x0ft%\xac\xf5\xe4x\x09\x13\xf41N\xe9\
\x0et\xd4\x9b\xe10^\x01\xef^W\xd9\xc9\x19\xc8d\
\xce@.\xca\xa4\x8e=\xd9\x8f\x11\xad\xefEP\xc9\x1a\
\xc8\xfa^\xd6d\x06\xc4\xfc7\xa2$0T;ef\
nq\xe3\xa8\xa5\xfa#)a\xf2>j\xa9\xce\xcc-\
n\x00\xc6eB\xe7\xedc\xc2\x82q\xdc9\xbb\x82\xf0\
\xeb\xb7\x90\xd1\xb1\xac\x81\x9cE!\xa0\x02\x04\xa0R\xc2\
\x8c\xf6f.y!QE\x80\x8a\xaa\x9abFM\x19\
S.\xc0s\xb9\x10\x00\xb5\x06\x18WUS\xc4\xa8\xda\
\x00\x98\xe8\xc5\x5c\xfaF\xa4\xaa\x01pS\xd5\x06\x85\x8c\
\xb5\xa5L\xa9\x80\xda\xcb*\xdb9\x93y05\x9d\xae\
\xee\x06j\x83bFK\x99R#Z\xdd\x8d`\xf4\xae\
\xa8\xaai\x17\x1b|\xd8n\x98\xe8\xf8{\x1d\xa84\x1b\
\x87k\xf5-5\xe8\xed\xccz\xea\x9b?i6\x0e\xd7\
\x80\xb1f\xe3h\xb5\xbe\x85\x88\xdcQ\x10+\xc6\xc4\x82\
\xd8\x8f\x9fZ\x16x\xd3\xd3\x88D\xc4\xb4\xa3\x9d1`\
\x1c\x98\x00\xae\x03\xd7\xda\x11N\x90\xde\xbas\xc7\xaaI\
\xb1@\x9c\xfc\xfeO\x81\x16\xf0\x0b8N\xbeOU\xd5\
\x16\x1e\x813\x98;H\xe0\xb4\x19GD^\x80uJ\
\xda\xf7\x148K\xea\xb64\x06\x9c\x95\xc4\xc0I2I\
\x9c\x0c4r\x01\x01q2\xf1\x09\x109\x02\xb4\xa7\x00\
UU\x11IW\x90\xfe\xc5\xcf\x12\xd6\xdd\xfe^G\x90\
\x0aHE\xa4\xc5j\xee\xcc\xff\x02\xbb\xfe\xf4t\xba\xbd\
\xd2\x09\x00\x00\x00\x00IEND\xaeB`\x82\
\x00\x00\x04\x9f\
\x89\
PNG\x0d\x0a\x1a\x0a\x00\x00\x00\x0dIHDR\x00\
\x00\x00 \x00\x00\x00 \x08\x06\x00\x00\x00szz\xf4\
\x00\x00\x00\x04gAMA\x00\x00\xd6\xd8\xd4OX2\
\x00\x00\x00\x19tEXtSoftware\
\x00Adobe ImageRead\
yq\xc9e<\x00\x00\x041IDATX\xc3\xc5\
\x97mLSW\x18\xc7+\xea\xe2f\xc62c\xb6l\
\xdd\xa6\xcb&Q7\xa3!\x99\x9aM\x0aS\x96l:\
'C\x04\x8d\x1f\x8csY6@^\x12MF\x150\
\xbeG\x97\xbd2\xac\xca\x00\x87QQ7@\x93\x81\x18\
\xa1-`G\xa1/XyG\x81\x16\x07\x14\x8dT\xd3\
\x84%$\x8f\xff\x07\xee5\xb5\x96\xd2\xde\xfb\xc1\x0f\xbf\
\xdc{\xcf9\xcf9\xbf\xf3\x9cs{O\x15D\xa4x\
\x96<\xf1\x10\xb5q\xcfL\xf0=h\x14(\x02\xb9^\
\x88u|\xbf\xd2+>\x0c\xa8\x85\xfa2\xaf\xb82\xa1\
\x9c\xeb\xc3&\x12\xd8\xf2[\xb1\xbe\xaf\xfb!\x11S\xdb\
\xeetWZ\x1c\xae\x0a\xb3\xc3u\x05\x5c\xb5:\x5cb\
\x1d\xdfs\xc7^\xf1\xeas\xd7lC\x5co\xb6\xbbF\
\xb8\x8d\x08?s9\xd7s;\xbf\x19\xd8\x94\x9ec;\
\x9c_\xd9\xa3kq\xba\x9b\x06\x88L\x0e\x22\xcb\x1d\x22\
\xeb\x9d\x91\xd1_!\xf8Mf~\x8b\xbf\x0c\x88\xf15\
mNw\xc7}\xa2\x1aL\x84\x9f\xb9\xdco\x06<:\
R\x82X\x0eh\xec#\xaa\xbbET\xdfKt0\xaf\
\xb2\x07\xe5\x89`\x81\xbfu\x15\xe3Y\xb4\xeb\x01\x910\
p,\x97\xfb\xdd\x03>:j4a\xe65]\xe3\x02\
\xe9\x87\xcfu\xa0li\xa0\x1b\x8c\xe3;]D|\x0d\
h\x13\xfa\xea\xa0\x11\x02:\x08\x18 \x90&A\xa0}\
X\xa6\x80\x11KP\xd5\x81e\xe8!J\x95 \xd0*\
W\xc0\x80\x0dx\xb5\x8dH\x7f\x1b\x02\x87\x82\x17h\xbe\
/S\xa0\x163/o&\xaa\xee$J\x91 `\xbb\
'S@\x87\x99_\xb6!\x0bX\x86\xed\x07\x83\x17\xb0\
\xde\x95)p\x0d\x1b\xb0\xd4JT\xd1*M\xc0<$\
S\xe0\x0af~\xc1\x84,`\x19\x92%\x0848e\
\x0a\xfc\xd3Nt\xb6\x81\xa8\x04\xcb\x90t x\x81\xfa\
A\x99\x02\x97[\x88\x8a\xfe%\xba\x88eH\x94 p\
}@\xa6@)R_p\x1d\x1f\x113\xd1w\x12\x04\
j\xfbe\x0a\xfcu\x93\xe8D-\xd1it\xf1\xad\x04\
\x01\xdd\x7f2\x05\xfe\xc6\x12h\xf4\xc8\x82\x01\xdf\x82\x1f\
\xcbn\xa1,:\xc0\xc1\x95q\xa99\xb6\xf2\xae\x91Q\
\xdcWI\x15\xc8=^\xe5pij\x90\x85:\xa2\xec\
\x02}\x1f\x9f\x19\x02\x14\x88N\x83pa\xdd\xd3\xe7\x86\
`\x04\xb6\xec)\xd4\xf7\xe5a\xf69ZHh\x9dn\
>%\x05(\xa0\xfe\xe9\x92m\x88\xe3\xfdIO\xd6I\
\xe8\xeamG,\x7f\x9aFF\x7f\xc72\xe4\x1b\x89\xd6\
\xa7\x8c}\xdb\xd7M\x12\xb7\x8e\xdbU\xd8\x1f\xb7WJ\
\x12\x10:K\xccB\xeaO\xe1-\xd0\xe0m8\x86,\
@\xca\xaa\x8a\xdf\x1d\xabP(\xa6z\x10\xc2D&d\
\xc5\x8cI\x1b\x9d\xee\x03\xc5\x0d\xfd|\xc2\x0a\xf8P\xfa\
D\x85B1\x85;\x0c\xff\xe4\xeb\xd0\xc8\x84\xcc]\xfb\
\xcf\x1a\x07N\xdf :e!:Y7\xe8N\xfe\xa1\
\xf4vdB\xb6Y\x15\x9fu\x9c\xc1\xc0\x9a\xa8\x8d\xd9\
\xa6\xed(/\xac\x1ft3\xbc\x5c\x11\x1bv\xbd\xce}\
\x05% \x0c>\x0d<\x07\x9e_\xa4\xda\xfcND\x5c\
Fv\xd2\xd1\x92\xee\x22\xcb\xf0\xff\x17\xf1\xebX\x82c\
\xda\xa5ndE\xdb\xfb@\xa3\xb5\x8f\xc1\xcf\xcc\xde3\
\xc6\x81O\xbf:\xd2\x84\x988\xa1\x9f\x90\x89$\xfc\x0d\
>\x03\xbc\x08f\x81W\xc0k\x1f\xacNN\x89\x88S\
Wn\xday\xa23#\xaf\xba\xff\xe7\xf2\xf6\xe1\xdc\xea\
\xde\x87\x0c\xdfsYL\xd2/\xad\x1f\xc6\xec\xdc?/\
\xfc\xb3\xf7\x10\xf3\x12x\x01Lg\x89I\x05\x84\xc1\xa7\
\x0a\x83s\xf0\xab\xe0-\xf0.\x98\x0f\x16\x82Es\xdf\
\xff\xf8\xcb%\xab\xb6f-[\x93R\xb0\xfc\x8b\xf4\xf3\
\xcb\xd7\xa6\x15/\xfb<\xf5\x8f\xf0\xe8mj\xe5\xbc\xa5\
Qh\x13\x06\xde\x06\x9c\xfe\x97\x05\x89i\xbe\xb2\xe0-\
\x10\x224\x9c\xf9Q\xcc\x8e}\xaa\x0d\xbbmX\xc3\x9b\
\x98u\x0b\xd2\xd9\xca\xacX\x9f\xd16\x11b\x9b\xf1\xf6\
\xeaf\x8eW\xc5g6a\x7fXx\x1f\xf9\xca\x82/\
\x01NW(\x07\x8a\x7fB:\x87\xa5#\xf6\xc1\x1b6\
h\x01\x03\xbed\x8c\x0e\xe7B\xad\x80\xce>\xfe\xac\x13\
\xef\xed\x1eu|\xf5(\xe3\xabap\x9c`\x04\x9e\xe9\
\x12\x04\xb4\x09\xc1b\xb0\xc4\x83\xc5B9\xef\xfc\x05\x92\
7\xe1d\xaf!P\x827\xc1\x1c0\xd7\x839\x82\xe8\
\x1b\xc2\xa0,>;\x90\xd7\xf0\x11\x90\xc3\x06MU\x03\
T\xc0\x00\x00\x00\x00IEND\xaeB`\x82\
\x00\x00\x02\xa6\
\x89\
PNG\x0d\x0a\x1a\x0a\x00\x00\x00\x0dIHDR\x00\
\x00\x00\x16\x00\x00\x00\x16\x08\x06\x00\x00\x00\xc4\xb4l;\
\x00\x00\x00\x04gAMA\x00\x00\xd6\xd8\xd4OX2\
\x00\x00\x00\x19tEXtSoftware\
\x00Adobe ImageRead\
yq\xc9e<\x00\x00\x028IDAT8\xcb\xdd\
\x94AHTQ\x14\x86\xbfs\xdes\xd4LDp\x1d\
eJS`[7-+Z\x14ed\x96L\x11\x94\
B\x14$\xd1\xaaU\xb4\x08Z\xb4\x8f\xa1\x9d\xab(q\
\x19\x92e\x89\xd0\xca]P\x1b\x93\x16aR\xd2\xcc8\
\xa36\xf3\xde\x9c\x16\xf3|^u\x1c\xc3p\xd3\x81\xcb\
\xbb\x8f{\xcew\xff{\xce=\xd773v\xc3|v\
\xc9\xfeS\xb0\x88\x9c\x04n\x02O\x81\xd7\x80\xd96\xc5\
\xf1\xff\x06\xda\xd2\x9a\x18;\xde\x9b`$\x9d\xf7\x80\xf7\
@\x09\x08w\x0c\x16\x91\xa3\x89z\x1d\xbbt#I}\
\xdbG\x803\xc0\x1e\xa0\xb0c\xb0\x88\x9col\xf2G\
z\xfa;iO\x0a\xf3\x99\xf8\xe4\x0b\xd1\xfa\xc6\x904\
p\x0b\x08\xcd\xcc\xfc\xad\x9465\xd7\x8d\x0c\x0cu\xb1\
\xffP\x99l\xe1+\xf5\x09x\xf8\xac\x95\xb6\x96\x83\x88\
\x10\x0f\x04\xe6~N\xf3`\xc0\x06\x81{\xc02\x10\xf8\
U\xa0\xe7Te\xb4\xe7r\x07\xfb:\x02~\xe5f\x08\
\xc3%|\x85\xa0\x98a~a\x1aQP@\xb42\xbe\
\xcd\xc4\xe1{\xa3\xfc\xaf\x07\x8b\xc8\xa9\x96\xd6\xc4\xe8\xf5\
\xdb]\xb4'\x8dl~\x16\x09\x97\xf1\x14T*\x10U\
\x10\x9c\xb9\x80\xaf1\xa2\x11\xc8\xad\xcb\xb1\x88474\
x\xaf\xae\x0e\x1e\xe6@g\x91L\xe6\x0bay)\x0e\
v\xa1\xea@%\xda\xd4\xa9\x99n,\x9e F\xf2H\
\x99\xec\xe2,\x16\x1d\xdf\xcd\xa7V\x81\x8a\xaeS\xbc\xf9\
V\x98YND\xd2\xcf\x87?\x0f\x9e8\x1d\xe0\xf9\xe0\
\x89\x03\x905\xa8:P\xd5\x8a\xdfv\xd7\xed\xfe\xe4x\
)Q*r\xedl\xaf\xe0\xe9\xdaQW\xa1Dsq\
6\xa9\xa98\xb2\x0cp\xf7\xc3$\x9e\xa7v\xa5\xe7\x22\
\xf8\xe2\x807(U\x11\xd4\xab\xf8\xd4\x04\x9bY(\x22\
\x8b\xc0\xd0\xd4;D\x85\xd4\x85>\xf0\xea\xe0\xc7wX\
\xca\x83\xc9Z\x8eW\xbf\xcb\x85\x18\x11\x00\xe5\xaa\x9dg\
f\x81\x88\xe4\x80;\x93\x13\xe0\x09\xa9\xbe\xfe\x0a\xf4\xf1\
\xa3M\xde\xee\xcf\xcb\xa89\xc2-[\xda\x85O\xbc\x05\
UR\xdd\xdd\xf1\xf21`\x11XqB\x82\x08\x9a\x8f\
\xe6[\xbf\x15.\xfc\xcd8\xfc^!\x05\xbc\x00\xe6\xaa\
\x80\xcb\x91\xd2\xa0\xa6\xe2j\xf0\xa9)>\x01\xc3@\x16\
X1\xb3\xe2?\xbd\xc7\x0e\xfcI\xd4U\xab\xcaj\xda\
\x1f\xc9\x19\xc4\x91\xf7\xf4`]\x00\x00\x00\x00IEN\
D\xaeB`\x82\
\x00\x00\x03*\
\x89\
PNG\x0d\x0a\x1a\x0a\x00\x00\x00\x0dIHDR\x00\
\x00\x00 \x00\x00\x00 \x08\x06\x00\x00\x00szz\xf4\
\x00\x00\x00\x04sBIT\x08\x08\x08\x08|\x08d\x88\
\x00\x00\x00\x09pHYs\x00\x00\x03v\x00\x00\x03v\
\x01}\xd5\x82\xcc\x00\x00\x00\x19tEXtSof\
tware\x00www.inksca\
pe.org\x9b\xee<\x1a\x00\x00\x02\xa7ID\
ATX\xc3\xcd\x97\xcbj\x14A\x14\x86\xbf\xaa\x19\x13\
\x08CP\x09D\xbc,\xdd\xfb\x00.D\x90q\xe1\xca\
\x85+}\x05\x1f\xc2\x8d\xef\xa0\xef!\xc6E\x14\x5cd\
\xe9\xca\x1b\x8810\xce\x08\xe62d\xban]\xd5u\
\x5c\xf4D\x93\xcc$\x1ae:\x16\x9cEw\x15\xd4\x7f\
\xfe\xff\xafs\xaa\xda\x22\xc2i\x8e6\xa7<N\x0c@\
\xbdR\xcf\x81.\x02\xec\x91\xa7\xc6\x01+rCn\xcf\
\x9a\x81\xae.5\x0bf\x81,\x99L&K&v\x22\
2/\xdd\xd9K \xd0\xb1\x1d\xde\xdfy\x83\xaf\x1c\x89\
\x92$\x91k\xcf\xae\x13\xe7bs\x1e\xf0\xd91H_\
\xb0\xb2\x8b\xcb\xaey\x13&\x02VF\x18)\x08\xf8\x06\
\x01\x8c\x8d\x17\x898FX\xf6\x01\x90\x06\x19\xa8HX\
\x0c\x8e\x82(\xa1y\x09**\x1c\x06+\x86H\xd9 \
\x80\xfa\xbc\x93U\xc6\x8a\xc1a\x88:\x1e\x98\x9b\xbd\x07\
\x0a\x10\x04\xaf\x1cN[b\x8e0\x04\xce\xfd\x03\x80\xa9\
\x15n\xda\x18\x02\x06P\x0a\xdf\xf2\xf8\xecH:\xc2\x0e\
\xd0\x01\xb5\xaa\xe4X\xf6\x0eU\xcc\xfd\x0ct\xdbe\x9b\
K\xf1\xd2\xcf\xea\xb6W\xe9D\xa4\xfeW\xd4\xb1`\x16\
j\x008\x9cvT\x92im\xb6\xea\xf5\xbb\x199{\
L\x06\x8b\xc0<\xddI\x09\x04.\xa7\xcb\xbc\xbe\xf5\x02\
\x97\x0dI%*\xea\xc8\x08BF\x94\xd4\x19hE\x16\
\xc1k\x87\xc7\x11\xa4d\xe7\xf1\x16\xdb\xf2\x9d\x8d\xaa\xc7\
z\xdc`\x10\x07\xf4C\x9fA\x18\xd0w}\x06n@\
\xdf\xf6)z\x05,\x1d\xe3\x01'\x96\xf5\xf2\x1d\x96\x11\
\x16\x8b\xc7\xe0\xc4\x12\x94\xc3)G\xd0\x0e\xaf<^{\
\x82\xf2\x04\x15\x08\x12\xb8\xe7\xaf\xb3V~b3\x8c\xa0\
\x04\xe2\xbe\x18\x7fwT\xe7\xf7&LRbs\x81\xa5\
\xc0a\xf1X\x1cu\xa6^9\x82x<\x9e\xc0x\xf3\
V\xc90\x07\xd6\xd2Gv\xb3=\xf1i\x98\x00\xa0\xa5\
\x85B\xd7!-\x94\xd2h4J\xb5\xd0\xd2\x02\xa5\x01\
E$1\x94\xc8\xdb\xdc\xe3s\xf5\x95\x03\x17\x1b\xf9\x1b\
\x00\x0az\xed\x1e\xdd\xd5\xbbG\x9bp;\x9373\xed\
\xad6O\x1f=\xe1~x\x80Q\xa6\xde\xf0!p\x11\
\xb8\x00,O\xdf\xac\xa0\xa8M\xa8\xa63\xb0\x92\xe6R\
w\xe3\xcc\xc6\xd1\x19t\x809\xc0\xc3\xa0\xfaFN\xf9\
\xd7\xda\x8b\xc0U\xe0\xcao\x8a\xd8\xf8\x18N\x00\xf8\xd3\
\x9b\x8cZU\xc2\x08lek\x83\xed\x01\xb8Po.\
7E\xcd\xbe\x14\x9f\x07S\x19\xa4\x94_\x9a/7Y\
\x8a\x01\x93\x0c\x12\xe5\xa0\x5cM\xb6c\x9b\x0eI\xd0t\
;6q\x0a\x03M\xb6c[\xda\xda\x0329\xd7\x0c\
\x03\xa59e\x09\xca\xd3\x94`\x11^~x9\xd9f\
\x1b\x92`\x85y\xba,M\x7f\x9a\xcd\x1c\xc0I\xdf~\
\xff\xfd\xeb\xf8\x07K\x96\xb7\xb8o\xd8\x064\x00\x00\x00\
\x00IEND\xaeB`\x82\
\x00\x00\x07R\
\x89\
PNG\x0d\x0a\x1a\x0a\x00\x00\x00\x0dIHDR\x00\
\x00\x00 \x00\x00\x00 \x08\x06\x00\x00\x00szz\xf4\
\x00\x00\x07\x19IDATX\xc3\xbdWM\x8b\x1cU\
\x14\xbd\xf5\xeaUUW\xf5\xc70aP$J \x12\
\xd4M\xf0c!\xe8&*\x82[\x89\x91(.4A\
\x12\xa3I\x88\x091*h\xe2B\x86\x98@0\x0a\x8a\
DA\x1c\x04\x8d \xf8\x03\x14\xcc\x22\x1bq1\x06\x89\
\xc1\x01u0\x90I\xc2|vwUW\xd5\xf3\x9e[\
}\xdb\x9eI\xda\xa5\xd5\x14\xf5\xf1^\xbd{\xee\xb9\xe7\
\x9d\xf7\xdan\xd9~\xf4\x08\x11=E\xff\xcfq\xf6\xfb\
/\xdf\x9e\x1c~a\x11\xfc\xa3\xa3\xdb\x1f\x18\x1b\x1b\xa3\
^\xafG\xc6\x18\xf2}\x9f\xca\xb2$\xcf\xf3\xc897\
\xb8G\x9b\xde\xa3o\x18\x86\xf2N\x9fqE{\x9e\xe7\
T\xab\xd5\xe4Z\x14\x85\x8c\xb7\xb4\xb4D{\xde\xf9\x0a\
1o\x00@\xb3\xb3\xb3477'\xc1\x9a\xcd\xa64\
t:\x9dA\xc0\xd2\x95T\xe4\x055\x1a\x0d\x1eh\x91\
\x07\x8f)\x8a\x22\x09\x00\x10\xedv[\xbe\x05\x08\x04\xce\
\xb2L\xaex\xae\xd7\xeb\xf2\xbc\xb0\xb0pSJ\x04\x80\
vD\x06\xd6Z\xbav\xf5\x1a\x85Q\xf8o\xe6\xfc\xb3\
\x11\xba\x02`\x8b\x16\x17\x17)\x8ec\x01\x88\x0cq\x0d\
\x82\x80O\xf4\xf1\xa8\xd5jQ\xcaAqEp0\xb0\
\xb2\xb22\x1a\x00:\x04\x01\xe8\xf4$\x9bz\xa3.\x03\
[\xab\x83\x12-//K?\xdf7\xc2\x04\x18R\xca\
\xd1\x17\x00\xc20\x92\x80x\x07P\xa0\x1d\x09\xe1;\x94\
x$\x00\xd0\x97e\xa9\xd0\xaa\x88Am\xa7\xd3\xe6\xfb\
\x86\x94\x00`\x10\x08\x99\xa3\x0f@\x80V\x04\x03\xdd\x00\
\x03Ph\x07\xa3(\x0f@`\x1c\xd5\xc7H\x00\x9a\x01\
\x06C)z\xbd\x5c\xc0\x00\x18\x06\xc93\x88*\x92\x80\
\x00\x87w\xa0\x14\x83\xe3\x19\xac!\x01d\xab\x09Yf\
.\xed\xa62\xb6\x0ay$\x00dPQn\xa5c\x92\
\xc4r_\xd55\xa04Me\x10\xd0\x08\x10\x00\x80\x13\
\x99)[\xe8\x8fg\x8c#\xdaq\x9e\xbc\x87^\x92$\
\x199/\x07\x1a@'\x04B\xc0n\xb7+\xb56\xc6\
\x1f(\x1a\x94\x22\x08\x02\xe3Y\xfb\xe2\x1e\xfd%\x10\xb3\
\x87\xd2\x94e\xc1@*\x01\xa3\x0f\x0e\xb4\x8f\x04\x80\x03\
\x03;\xfe\x09\xc5\xf80\xc4,\xa8\xb4\xa1\xde\x90r \
d\xa7Z\x91o\x98\x19\x9c\x08\x8c\x80(\x8d\x02F_\
MH\x81\x8c\x04\x80\x8c\xc2\xa0\x12\x0c\x84\x84g\x1dH\
\x035\xd8#4 \x06\xd4{P\x8d\xc0`\x08\xfd\x01\
\x0e\xed\xf8\x0e\xc2\xc48\xff\xa9\x01 G\x06ZS\x0c\
\xa2\xcf\x18\x5ciVW\xd3\xc1p\x0f\x00h\x83x5\
c\x1c\x00\x84D\x86\x1dq$\x00P\xaa6\xac\xcf\x18\
T\x81@\xe5*\xb6g\xf7\x9e\x94>\x9eoi\xea\xd4\
~\x01\x80\xfe*f0\xf7\xfc\xa1\x0f\x91\x15}v\xfc\
\xa5\xc1\x0c\xc0\xf8z<\xf2\xcc1\xb7\x0a\x00(\x1b\x1f\
\x1f\x97Nj\xa9Zw\x9d\x8a\xc8\x06fd8\xf0\xe5\
?.\xf2\xd4\xec\xd2\x89\xf7\xcf\x08{\x00\x0a\xfd\x04\xb6\
*\xcb_\xbf\xfd\x0cC\xa4\x93\xa7\xcf\x88\x901\x0e\xb4\
43}a\xc3\xc6\xcd\x8f\x9e)J\x9ea\xb5&\xdd\
\xb1is\x05@-U\xd7\x02u0\xb5X\x04\xc1\x09\
\x06<\x1e\xb0\x97\xb6i\xfd\xdd[h\xdf\xa1#\x92E\
\x87\xe7{=\x81\x01\x15b\xd7{\x0f\xbe\xd9wCO\
\xac\x19\xc4\xb6\xdb]z\xe2\xe9\x05\xff\xaeM\x1b\x9b/\
\xber\x94\xae\xcc\x9c_\xed\x03\x1a\x00\x14\x22[\x1cZ\
;\x5cu\xca}~\xf2e\xc9\xfc\xf1m\xbb\xe9\xf2\x92\
\xcf\xed\xc8<\xa2\xab\xd7\x1c\xf7+)\xae\xb1\x01\xa5N\
\x802\x16f\x8c\x1d\xb2\xdd\x91iy\x99g\xe2\xe2\xef\
]\xda\xb9g\xdf\xd7\xc7\x0f\x9f[\xe2\xa5y\xa7\xd5@\
j.\x08\xa8\xd6\x89\xda\xe2Y\x97]e\xc92\x18_\
\x14\xde\xa5\xd0\x86L/\x04\xc9\x8b\x1a\xb7\xf3+Jb\
f\xca\xc3\x0c\xe1\xb5\x82\x03\xb7Z1\xf7\xcd\x88\x0d\x96\
&\xd6%4\x7f\xbd\xb3Z\x84\xaa\x5c\x0d\xa8\x81\xf4\xaa\
\xd3\x0a\x07\xc08Xv\xc2\xb5\x0d\xa2\xbe\xc7;\x09\x18\
\xc75\xa1\xbc\xbd\xd2\x96\xbe\xadVB\x9d\xac\x14\x16\x9c\
\xb8\xa3\x13V|s\x13\x1f\xc0\x01\xb5\x03\x84\x8aO7\
\x16\xba\xf6\xcb\x07\xac\x0d\xb4!\xa3\xf1\x18\x02\xee\xc9\x8a\
Y\xab\x19\x9e9\x9e\x88-\xe4\xe7$\xc1\xe2\xc5\x80\x03\
\xc3\xdf\xb3M\xa7\xf0\x87\x8e\x00\xc8:\xe9\x8d>\x80\xba\
#c\xdd\x05\x01\x84.`\x83}\x81@w\x92e\x1c\
\xc1\xff=\xce\x86\xcb\xe1\x83jh\x81\xd9J\xab\x153\
\xef\xf12]\xe6\xfd\xc5\x8c\xbf\xe7\xef T\x8fW\xd6\
f#\xba\x91\x01\x04U=\x84a\xd8\xdfZU{\x02\
5\x22\xd4\x13\xc0\x00\xc2rP\x0b]\xf0\x80\xdd./\
\xe1\xa6\xaaw`\xab\xf60@\x02\xb8/Y\x94\xec\xae\
\xccP\xb3\xce\xba\x0a\xcd*\xda\x07\xf7\x08\xa8\xf4V\xd9\
{\x83i\x88\xd2\xa8\x9dn\xdd\xfd\x1e\xfdy\xf1'z\
n\xd7\x01\x0e\xe2(eSLj!\x83&\x06\x02'\
\xf4h\xd7\xfew\x85\xbd\x0fN\xbc\xc1\xefQ\x7f\xbf\xf2\
\x16~\x07\x99\xcc\xcd\x83\x1d\xbb\x83\x0di\x87\xd5\xba\xaa\
\x05\xeb\x92\xac\xaa\xc7;\xac\x94\x22N)E\xb5\x09-\
sf\xacd\xb32\x85P\xdf\xed\x1623z\xbcw\
\x90\xca\xb9\xaa\xfe(M\xcc\x1a\xb0&\xe76\x06\xdc\xe6\
\xfa\x97\xf9j\x06dj\xf57\x13\xa0\x1f\xaa\x1f\xbe\xaf\
6\xa7l\xb9\xa1O\xdf~\xf2\x1a\x1d\x9b<-\xd4\x22\
k\xd7e\xc6x\xce\xc7\x11\xeb\xc1\x02\x80G\x1f\x9fz\
\xbdr\xc8^\xc6S\x92\xc5X\xc2\x8eI\xca\xd6\xa8G\
\x1c\x9472&\xfft\xe0\x03\x1a\x5c\xb3\x07\x1b\xb8G\
\xd6\xea\xef\x22\xa6\xdc\x0d\xb6V\x11+\xdd\x15X\x07\x8c\
\x08\x0e\xfb\x07<Cl\x81o\xe4\x99\xb9gQ\xe6\xd5\
^\x92?+\x18\x90\xe1w\xc6[\xa3\x015!]^\
\x87MG\xd7\x7f\xdd\xfdj\xbbs\xbc\xf3)xp\xfe\
E!\xb4SR\xc5=;j\x80\x19\xc3\xfd<\xec\xa8\
\x1c\xaf\x8c\x98\xaa\x86gA\xc8\x0c\x18\xca:k\x00L\
MM\xd1\xf4\xf4\xf4`6\xe8\xaa\xb8v\x86\xe8\x14\xbd\
\xf0\xeb%\xba\xff\xc1\x87\x18XC\xa6\xa22\x83\xcf`\
\xcd:F\x89\x84\xc0\xa8Ep\xde)\x155ak-\
\x03g\x7f\xbc\xc4\xd3\xa5v/B\xb1Y9S\x9d%\
\xdc\xc8T\xef\x90\x9b\xab>\xe3\xfb\xaeY\xb85sM\
S\xab\x8dS;\xcdX\x0b\xbc`\xf9\xc6\xe5\xf0\x11\x0e\
f\x04\x0c[c\x093\xe6\xdd!G\x5c\xc9\x9d\x9bX\
76\x8b\xf2\x14CK\xb3\xed\xffW\x9b\xf4 ov\
I>\xb1\x125\xf8\xc4_\xa4:\xca\x0d\xb7\xee\xb7\xa1\
\x8f\x99\xb8\xfd\x9eWo\xbb\xa5\x9e`\xa7\xec\x5c\xc8\xc6\
\x83f\x0e\xc4~\x5c\x94\x9e\xcb\xd2\xac\xe4\xff\x169/\
\xc5yROr\x96g\xe1[[6\x1a\xc6\xcd\xcf\xb3\
\x0e<\xb7\xba\x04\xc3l\xf3\x895\x15\xf3$\xeb\x07\xd5\
w\x02\xf0\xbe\xc7^8\xf7\xf7\xcc/t\xf0\xd0[\xb4\
a\x82~\x90E@\xca\x83-\x81W\xa9\x90sg\xda\
Y\x14\xc6q)\x04\x98\x96\x10\xc7\xcc\x15o\x1b\xf6\x04\
\x03\x1f\x18\x0a\xae\xc1R\xaa$U\xf4\x81X\x05\x80\x05\
(\x8c\x9b\xb4<?G\x17\xaew\xe6\xabO%\x80\x93\
\x00\x1e(O\xb6\x82v\xe3\xe5_\x18c\x0b\xcf\x98R\
A\xe0\xd0\x0d\xc9Z+\xc6\x00e?{1G>{\
\xfd>\x03\xfamP\xa3\xf5wn\x96\x0e\xe7\xbf;u\
`\x08x\xd9?\x8b\x87\x9f<\xcc\x00\x0c\x9d\xfbfr\
W\x7f\x8c\xc2\xc94\xa9\x0ed\xae\xf7\xff\x004\xdc[\
\x8d\x1fP;\xe2\x00\x00\x00\x00IEND\xaeB`\
\x82\
\x00\x00\x04\xe9\
\x89\
PNG\x0d\x0a\x1a\x0a\x00\x00\x00\x0dIHDR\x00\
\x00\x00 \x00\x00\x00 \x08\x06\x00\x00\x00szz\xf4\
\x00\x00\x04\xb0IDATx^\xb5\x97A\x8b]5\
\x14\xc7\x7f'\xc9}\xefM\xebF\xf0\x93L\xbf\x80~\
\x05\xdb\x85\xedB\x10\x8a\xd2\x85\x8a\xa0\xa8\x0by\xbe\xba\
\xb1\x0ajw\x0a\xbapc\x17\xd6\xcfP\x10\x17]X\
A\xabP\xb4j\xa7:c\xdb\xa9\x9d\xe9L\xdb\x99w\
\xefM\x8e!Y\x04\xc2\xf5N\xa9\x18\xf8sro\xce\
#\xb99\xbfwN\x22\xaa\xcaA\xed\xa9\x13\x0b\x01\x04\
\xa0\xd8A)d{\xe1\x8b\xb9rpCT5Or\
|\xf1\x06p\x8c\xe1&#\xefut1\xc3:\x7f\xe1\
\xdc\xfc]\x00Gi\xc7\xce|0?\xb2s\x1fB\x00\
\xef\x03\x01\xc5\xf7\x81\xc3\x87\x1c\xde+\xce\x19D\xa2\xb5\
B\xdb\x81*t]\x00`21\xb4}\x80\x10b\xdf\
a\x0cq\x8cdU\xb3\x8cQf3x\xeb\xb5\xd3\x00\
i\x01\x86\xd2\x92\xb3\xb3\x80\xc0\xa5\xebphf\xe3\xe4\
\x96Kk\x82\x88\xb0l\x03\xdf\xfc\xaci\xf2\x10\x94o\
\xd7\xb2o\xe3L\xf4\x81\xe0}Z\xec\xd7W:z\x1f\
\xf0!$\x9f\xb6\xebX\x99\xc2\xc5_\x95\x89\x95\xf1\x10\
\x0c\xc4Y\x8a\xca\xf3p\xfc\xd1\xaa\xaf\xd5x\x15\x82\xc2\
@\x0d\x9b\xc9\xc2\x15\xd1\x00\x93lq\x80)\x0c\x10\x80\
\x1e\xe8\x806[\xfa\x22BR\x81s\x14\xc2\x9a\xf6\xb2\
\xa8\xa1\xdd\x18\xfe\xeaP\xed@\xb1c\x10~xv~\
dkW\xe9z\xcfc+\x8ee\xe7\x01\x93\xa0\xeb\xbc\
\x22\xe4\xd87\x8e\xe8\x03b$\xc5}:q\xa8\xc2\xfe\
\xb2g6u\xc9\xc7\x87\xfc[k\xa2\x1c\xf8\x1e&\x0d\
\xd1\x17^}e1\x08a\x82\xcc\x19\x892\x5c\xbc\xea\
\x996\x96\x95\x99py\x1d\x1a+\xf4\xbd\xe7\xc7\x0d\xa1\
\xeb\x15k\x84\xef\xaey\x04\x01\x85\x1f\xfe\x04g\x0d\xb3\
i\xec\xaf\x0b\x8ds\x11<\xc3O\x7f\x81\x91\x90\x00\xff\
>\xfaX\xa3\xd4\x10\xe6\xd8+5\x84\xb5Le\x87 \
\x0c\x95\xad\x05\xa0\xc3!\x10\xce\x00\xef\x016\xa9@7\
\xcdb\x96-\x93\xa4\x02j\xc8\xa2\xcdb\x09\xecg\x1b\
U\xa0\xf4DUl\x14\x06P^\xafv`\xf0\xcb+\
Q\x038\xbe\x13e\x07\x80\x1aB\x8e~tv\xbe\xba\
\xbf\x0fH\xce\x84McP\x05\xd0\x08\x8f\xb0\xbd\xd3\xe1\
\xacM\xef!g\xc1\xc9D\x92\x8f\x06\xc15\x19\xd2\xe0\
\x85e\xdb1\x9dZ\xfa>gI\x11\xd8\xdd]\xf2\xc4\
\xe3S^zy\x18B\xb1\x02\xa8\xd2\xb6\x1dWn\xc0\
\xde^\x8b\x00\x97\xaf\x07\xf6\x1e\x04\x0e\xaf4\xfcq\xd7\
\xa0>\xa7\xe8\xab\x9bB\xe8\x95\x89\x93\xe8\xaft\xcb\x80\
 \xfc\xb2\xa9\x09H\xdf+k\xdb\x06g\xc1\x1a\xf8\xed\
\x8e\x03*\x08\x9f<\xfe\xb6\x00\xa0\xbc\x09\x1c\x05\x04\xa0\
\xdar\xf3\x08!\x08\xd53ev\xbeD8\x13\x93\x92\
\x96\x7fA\x9d\xfd\x0al\xb3\x0a\xc2(\x1a\xc0\x96D\x84\
\x07\xba\x02\x1e\xfb\xc5f8\xeb\xac\x982b\x0da\xd9\
\x81\x11\x08K\xbfn\xe1`\x08\xcb\x0e\x0cB\xf8\xd9\xc7\
\xf3\xd5\x9d\xfb\x01\x80\xc6\xe6\xf2\xda8\x83\x00>(\xc6\
\x08\xde+\x22$(w\xefu\xccf\x0d\x02\xb4>`\
ER\x15\xcc\xd9\xd2b-\x04\x15B\x08\x18\x11\x8c\x81\
\x95\xa9p\xf2\xd4B\x87 \xa4\xed\x02\xd3\xc6`\x80\xeb\
[phjP\x0d\xfc~\x9b\xf8^\x10\x94k\xb7\x15\
\x91(`c\xc7\xe1\xbd\xc7\x18X\xdf2X#q\x02\
\xcbz\x04\x15\x02 \x5c\xdbTf\x8d\xc1\x1ae\xedo\
\x08Ji\xd5\x0e|u\xea\xc5w\x00\xe4\xff\xcb\x03\xa5\
\x18\x01\x0ce\xc2\xf7\xf3;\xec \x84Y\x93\x11\x08\xdb\
\x04\xde0\x84\xbe*\xcd\x8cAH\x0d\xddHIf\xf4\
\xebK\x9f\x83 |\xfa\xf3O\xe6\xab!\xc0r\xe9q\
\xce\x12T\x13<!\x01\x08\x88\xa4\x0c\xe9\x9cD\x0b\x1a\
\x14c\xf3\xb85\x06\x84T1E$\xc1\x1b\x81\xc4\x88\
!h\x06W\x034\x0d<w\xea\xf40\x84\x02x\x9f\
i\xdf\xd8\xce\x93\x83r\xf3^\xc6!\xf8\xc0\xed\xfb\x06\
\x0d\x80*\x1bwI>\xd6\x18n\xee\xe4\x05\x89\x087\
v\x04URY_\xdf\xd6T\xcaQ\xb8u\x0f\xac\x19\
\x81\xf0\xd9\x17\x16\xd5)\xe8\xbf\x87`\xa4\x18UG\xb2\
\x13\x0b\x03HU\x8e\x9bR\x82\x1f\xb9\x1c\xf7u9\x8e\
Y0<L9\xa6\x06\xef\xe1!\xac\xfb\x00\xc5\xc6\xf3\
\xe7\xe0\x99\xf0\xe8\xb9O\xe7\xab]\x9f\xe3\xe4\x13XB\
\xdb\x86TN\xfb^\xb1NR\x09\xb69\x909\xc3\x19\
A\x00\x10DH@&\xe8\x904\x06\xa0\x90\xf9H\xc7\
=\xe5\xc4\xf3\xa7\xf9W\x08QMet\xebA\x06\xc7\
Z\x89\x80i\x22\xdf\x08l\xef\x1b\x04EC`s'\
\x83\xaa\x0a\xb7b_5\xebN\x04\xd5\x18r\xffA\x06\
OQn\xddUd\x04\xc2\xf3\xcf\x9c\x5cP\x87`D\
u\xd3\x11Ql\xc9\x84#\x17\x93\xearR\xa0t\xe5\
\xb9\xba\x98\x94LW\xa0\xab.%\xf5\xc5\xa4\x0e\x01y\
\xb0>T\xd0g\x15\xc2\xb3\xd8+*\xe9\xb7\xaa\xfd\xa3\
\x93\x03\xfc\x03\x22\xbc\xed,w)\xd6^\x00\x00\x00\x00\
IEND\xaeB`\x82\
\x00\x00\x04\xbd\
\x89\
PNG\x0d\x0a\x1a\x0a\x00\x00\x00\x0dIHDR\x00\
\x00\x00 \x00\x00\x00 \x08\x06\x00\x00\x00szz\xf4\
\x00\x00\x04\x84IDATx^\xed\x97=\x8b$\xc9\
\x11\x86\x9f\xc8\xaf\xaa\xea\xea\x9e\xcf\xd5\xder2e\x89\
\x05\xc1\xb1\xbf@?\xe0\xbcsd\xdco\x10\xf2d\x1c\
\x08\x81`e\x0a\xf9\xb2\x0e$c\xcf\xda? G\xac\
)!\xc4\x18Z\xadq !ogv\xba\xa7\xbb\xaa\
3\xb32D'\x03\xcb\x8cf`\xa7u\xb0\x8e\x1e\xc8\
\x22*\x8b\x8ez\x897\x22\xbb[T\x95\x8f\x89\xe1#\
\xe3\xb8\xe6\xc7?\xf9\xe5\xcf\x81/\xf8\xee\xf8\xe6\x8f\x7f\
\xf8\xc5\xaf?X\x00\xf0\xc5o\x7f\xf3\xd5\xb3 B\xdb\
\x18RV\xac\x11T\xa9\xe4\xa9\xe0\xac\xa1\x14\x05\x81\x9c\
'\x8c1\x00Xc\xb8\x0eq\x0e.\xd6\x13?\xfd\xd9\
\xaf\x00\x1e$\x80\x7f\xfc\xf3\x1d\xc5\x9d\xd24\x00\xc2\xf9\
\xdb\xccv;r\xfahN\x8a\x86\x98&6\x9b\x0d\xce\
9N\x8e;\xce/\x06f\xb3\x0e\x11\x18\x86-\xde\x07\
\xe6\xbd0\x8d\x17\xfb\xf5\x803\xb0\xbc\x1cY-\x95\xd5\
\xa5b\x0ct]\xcb\xd5*\xd58\xa7\xc4\xf7?]p\
\xb0\xe8X\xad\x12\xde9(J\x13\xa0L\x99\xb8\x1d0\
\x02\xad\x97\x07\xf7@e\x18\x22\x8b\xfe\x94\xcd0\x12\x82\
'xW\x13\xa6\x94\xa1\xc0\xa2o\x19\x07\xea^\x13\x1c\
\xf3\xb9\xb0^\xc3\xb8\xc9\xf4\xb3\x96\xb6\xb5X\x0bi,\
\xfbO\xc18\x0e<:m\xb1\x22\xb4\xa1zJ\xdb8\
r\x8a5\x9er\xa6\xe4\xc2\xb0\xb9\xe2\xf2bdJ\x11\
\xef-}g1@\xe3!\xc6\xbc\x9f\x80\x83y@\xb4\
0\xac3\xfd\xcc\x90b&80\x02hf\xbdZ\xd3\
\x06\xc7\xbc7xgp\xce\xa0\x9a\x99\xb5\xc28&P\
8?\x8f5\xcf>\x16\xd4\xce^,f8+\xac\x96\
k\xbc\xf7\x88\x80\x11\x05\x9d8X\xcci[(\x05\x8e\
\x0ezB\xd8\xbd0\xe1\xec\xee\xde\xb3ZE\x82\xb3\xd5\
\xb2\x1c\x87C\x11\xf9\x9c\xbb\xf9VU\xffv[\x00\xb3\
\xd6\x22A8?\xdfpr\xdc#\x02\x9bu\xa4\xed\x02\
f\xd1\x03\x8a \x18\x81~\x061R+\x11\xb7\x13]\
g\x09\xde\x02`\x8a\xf0\xe9\x93\xc7\xa7\xaf_\xbf\xfe\x92\
[\xacV+\x9e={\xf65\xf0\xdf\x02R\x9c\xaa\x87\
\xa2\x13\xdeB\xce\xd0\xcfB\xf5^'\x18\x86\x01og\
\x88\x08\x17o\xafh\xdb\x96\xc3\x83:\x86\x8cC\xa2\xf1\
\xbeV\xc8L\x96\x94\x12o\xde\xbc\xe16\xcb\xe5\xf2~\
\x0b\xba\xd6\xa2\xc0\xc9\xf1\x82\xe0A\x00\x91\x9d\xafK\x8e\
\x8f\x0f\x10\x0d\xb4\x8d\xb0\xbe\x1ayt:\xaf\x02E@\
\x15\x8e\x0e}\x8d\xb7[\x10\x00\x01c\x0c7\xa9{\xf7\
\x0bh\x1cd\x03)\x15\xd6\xab\x88\x0f\x81\x18#\x9f<\
>`\xbb-\xf4\xbd'\xc6\x89\xb6\xf5P@\xd85\xec\
\x86\xa6i\x10<(\x08\x0a\x0a\xf0a\x02n\xdc\xc5T\
p\x06\x823<\xf9\xa4\xc5Ha\xd65\xe44AI\
\xcc;89\xb2\xf5\xb9\xec\x9e\xb5\xa6V\xa2L\x89\x92\
\x15\x03\x18\x0aZ\x0aB\x15p\xd7\xba\xdf\x82yg\xb0\
\x0dl\x86B\x8a\x86E\xef\x18\x86\x8c\xb7\x06g\x1c\x9b\
\xcd\x84\x11C\x99\x22\xc6X\x9c5h\x81\xae\xf1\x04'\
\x94\xa2\x1c\x1eX\xc6\x95\x01\x11\xac\xb5\xdc\xa2\xee\xdd?\
\x86\x09\x8a(F\x14\x9d\x94\x98\x12\xc7\x87\x81\x98`\xd8\
D\xfa>\x00\xd06\x0d\xc6@\x8cJ\xce\x99Y\xe7)\
\x0a)FD\x1b@\x01\x1e.@P\xccn\x19\xa1\x9b\
\x09\xdb1\x90\x22X\x03\x8dwLY\xd1\xa2\x88\x11b\
\x9a(egQ\xb8n\xbe\xcc\xbco\x08\x1eF@\x90\
;{@D\xee\x17`\x04\xba\xceP\x0aP@5\xd7\
\x17o\xd6\x11\xeb,\x8b\x85\xe1\xeaJ)\xd3T\xe7\xbf\
mw\xb6d\xfa\xde\xa1\xc5\xe2\x1d\x5c\xbe\xdb\xe0\xad\x80\
\xecQ\x01c\x84\xb4\xcd\x84\xc6\xa1\x0a]\xeb\x88\xdbL\
\xd7\x06\x14ey\xb9%\x84\x80\x8a\x01\xae+\x13\x1cS\
\x86\xe0\x85\x9c\x0a\xf3\xbec\xbb\xde\xecg\x81\x15\xf0\xde\
\x82\x82w\xd7\x87K\xf0X\x0b9S'\xc2Z\xeaH\
6\xc12%h<\x8cc\xae\xd5\x98RAT\x10Q\
d\x9f&|\xf1\xfb\xdf\xf1\xd7\xbf\xfc\x19#\x82* \
\x80RQ\x14\xb4V\x09\x001T\xabP\x85\xf7\xbe\x82\
\xc2\x8f>\xfb\x0c0\x0f\x16\xf0\xcd\x9f\xce\x06\x08?\xe4\
\x16\xf5\x8b\xe5\xf1\xf7NN\xad\xb1|\x08\x7f\xff7<\
\xfd\xc1\x93\x7fU\x01\x1fz\x12^\xff\x80\xdc\xad\xbb:\
\xf7\xf3W\xaf^}ytt\xc4\x9e\xdco\xc1\x03>\
X\xd7\xc7\x12p\xe3\x18\xdd\x9f\x9ag\x7f\x01U\xbdR\
Q\xa1\xc6\x88\x22\xc8\xfb^\xd4\xbaIE@\xa9 Z\
/\xfb\x0b\x10\x91\xba\xde\xe7\xbeqA\x04n\x06\x15\xe4\
FPs\xec'\xe0\xc5\x8b\x17\x9c\x9d\x9d\xf1\xbf\xf2\xf4\
\xe9\xd3\xbd\x04|\xfb\xfc\xf9\xf3\xaf\xf9\x0ex\xf9\xf2e\
\xcd\xc75\xff\xffw\xfc\x1fPQ\xe1*\xb9\xa1\x1f\xba\
\x00\x00\x00\x00IEND\xaeB`\x82\
\x00\x00\x03h\
\x89\
PNG\x0d\x0a\x1a\x0a\x00\x00\x00\x0dIHDR\x00\
\x00\x00 \x00\x00\x00 \x08\x06\x00\x00\x00szz\xf4\
\x00\x00\x00\x04gAMA\x00\x00\xd6\xd8\xd4OX2\
\x00\x00\x00\x19tEXtSoftware\
\x00Adobe ImageRead\
yq\xc9e<\x00\x00\x02\xfaIDATX\xc3\xed\
\xd6]H\x93Q\x18\x07p[-F\x1aY\x8cb\xe5\
\xb2,f9b\x85\x17\x825\x17A]\xa5\x04~B\
\x81\x10\x04\x12z\xedf.\xb3\xae\x84\xba\x1b\x04II\
E\x1f\xce\xcc@\xa9\x05\x19ve\xe9>4uJ\xb5\
\x8b\xa0\x92r\x84\xdddwO\xff\xe7\xddym\xac\xde\
\x8fl\xd3\x9b\x06?\xce\xcey\x9f\xf3\x9cg\xca{\xce\
\xc9\x22\xa2\xac\x95\x94\xf5\xbf\x80\xe4\xce\xe1\xba\x0bn\x08\
f\x98[\xad\x80\xe0L\x9c\xe8]\x86pn^C\xb5\
\x80\x9e\x918\xdd\x1e\xa6\x8c\xe0\xdc\x9a\x05\xf4\x22\xe8\xce\
K\xd2\xe5\xde+\xa2\xee\x91D\xab'\xbeWO\x01\x0f\
G\xe3RB-\xbc\xf0\x93\x09\xa2[\x03cR+\x17\
\xa2\x86sk\x16\xd0\x17\x8cK\xc9\xd8}!\xf5\xbb\x7f\
\x94(0I\xf4xh\x8c\x5c.\x97\xd4>E\xbfg\
\xf4Wlw\x12\xb9\xff(\xa8\xa3\x80\xa6\xd6\x0e:r\
\xbcN\xd1\xb1\x13'\xe9LS3]\xbdv\x9d\x9cN\
\xe7\x22\xee\xf38?W\x9a\xcb\xb9\xb5\x0aP}\x0d\x8f\
\x9e\xba\x18:\xeb\xed\x9c\xea\xbc\xf9`\xbe\xb4\xb4\x94R\
\xf18?\xe7\xb8%\xbd\x86\x1a\x8c\xe0\x08\x04\x02\xfd%\
%%\xa4\x84\x9fs\x9c\x88O\xebN\x98\xed\xf3\xf9\xdc\
\xc5\xc5\xc5\xa4\x85\xe38>\xdd\x05\xf0/\xda\x05\xe5P\
\x0fw\x1d\x0e\x07\xc9\xb8/\xc6\xcbE\x9c1\xd3gA\
\xbd\xddn'\x99X|Y\x0f\xa3z\x9b\xad\x90\x0a%\
\xb6\xa5\x17\x80O\x1e\x14\xc1A\xa8\x80\xd3\xd0\x0c\x97\xa1\
\x0b\xfa`\x10\x86!\x02\x930\xdd\xd0\xd00[PP\
@\xb2\xc6\xc6\xc6\xf7\x22fP\xcc\xe9\x129\x9aE\xce\
\x0a\xb1F\x91Xs\xd3?\xff\x05\xacV+\xc9V\xe4\
_`\xb1XH\xb6\x1c\x05\xfc\xf6\x16\x98\xcdf\x92-\
\xc7[\x90\xdd\xde\xde\xee\xce\xcd\xcd%-\x1c\x97\xd6}\
\x00\x9fU\xd1ht\xed\xc2\xc2\xc2\x01\xbf\xdf?\x90\x93\
\x93CJ\xf89\xc7q<\xcfK\xd3\x95\xac-\xc4\xb0\
\xc7\x87\xb1\xd7G\xaf\xf8n\xcc\x9bL&J\xc5\xe3\xfc\
\x9c\xe3\xe49\x7f}%\x9b\xfbN\xf4U\xc3\xb7\x1fD\
\xcf\x9e\xbf \xa3\xd1\xb8\x88\xfb<\xae6\x8fsk\x1e\
\xc7\xa1\xb7qz\xfd\x81TM|$z\xf3\x99\xa8?\
0D\x06\x83Aj\xb9\xcf\xe3j\xf38\xb7f\x01a\
\xdc\x1e\xa7\x90H\xf2\x89\xfe\xfc\x1d\xa2\xe8\xc7\xbe\xe0\x12\
\xd2?D\xb1\xb9D_)V\xc6\xb95\x0b\x88 \x88\
\x93\xe91\x0d3\xb3\x89VO|DO\x01\xe3\xb1\xb8\
\x944\x138\xb7f\x01\xdeK\x1dTQY\x97\x11\x9c\
[\xe7\x95\xac-\xe4\xaam\x0b\xbbj\xbcce\xd5\xad\
\x13\xce\xeas\x93\xce\xaa\x96\xa8\xb3\xca3\xcd\x0eUz\
f\x94\xc81\x89\xf8\x96)\x9e_V\xe3\x1dw\xd5\x9e\
\x8f\x88\xbc\x1e\xd5\x8d\x887\x0fX\x0d&\xd8\x00[`\
;\xec\x86=\xe24\xdb\x07\x0e\xd8\x9f\xc4!\xc6\xed\xb0\
\x17l\xb0\x13\xb6\xc2FX\x07kR7'\xc5\x9dO\
\x04s\x11\xeb\xf9\xe8\x84\xcd`\x81m`\x85|\xd8\x91\
$_\x14\x9a'\x16\xe5\xc2\xcd\xe2G\xf0\xe2F0\xa4\
\xae\xf5\x13\xb9J\x9a\xae\xcb\xf5\xbcm\x00\x00\x00\x00I\
END\xaeB`\x82\
\x00\x00\x07\xab\
\x89\
PNG\x0d\x0a\x1a\x0a\x00\x00\x00\x0dIHDR\x00\
\x00\x00 \x00\x00\x00 \x08\x06\x00\x00\x00szz\xf4\
\x00\x00\x00\x04gAMA\x00\x00\xd6\xd8\xd4OX2\
\x00\x00\x00\x19tEXtSoftware\
\x00Adobe ImageRead\
yq\xc9e<\x00\x00\x07=IDATX\xc3\xbd\
Wkp\x94\xe5\x15\x8e\xad\xedt\xec\xb4\x9d:\xd6N\
\xd5V{\xa3Zm%LG\x08a\x09\x8d\xad\x82\x17\
\x92\x90\x04S\xa6\x8e\x11lG@A6\x89\xe6b\x08\
-)\x18\x85\x84\x16\x04\x14\x13\x09\xa0\xdc\x82!,&\
$\x93\xc9ms\xdb%\xbb\xb9B.\x04\x12\xee$\x84\
N\x7f\xf4\x873\x9d\xf6\xe9yN\xbe\xf7\xe3[\xcab\
\xa7?\xfa\xe3\x99\xf7=\x97\xf7\x9c\xe7\x9c\xf7\xb2\xdfF\
\xccIY\x93)\xe8\xf8?!\x13@\x84\x13\x114\x0c\
\x0c\x0c\xe0\xf2\xe5\xcb8w\xee\x1c.\x5c\xb8\xa0\xf3\x8b\
\x17/\xe2\xd2\xa5K:\x9e?\x7f^\xf5\x949R7\
::\xaa\xf2\x95+W066f\xeb\xe9;22\
\xa218\xa7\x1f\xc7\x93'O\x82\xb9nJ\xa0\xb6\xb6\
\x16^\xaf\x17MMM\xe8\xec\xecT\xb4\xb6\xb6\xa2\xbd\
\xbd]\xc7\x96\xe6\x16466\x22\x10\x08\xa0\xbe\xbeA\
\xf5\xf49~\xfc8\xba\xbb\xbb\xd1\xd6\xd6\xa6~\xf4\xf1\
\xf9|\x1a\x8b6\xeah\xe7\x9c9\xc2\x12\xa8\xaa\xaa\xd2\
 \x0c\xdc\xdb\xdb\x8b\x86\x86\x06]L\x98\xe0\xb4\x91@\
 \xd0!$\xea50\xe7\xc1`P\x93rd\x22C\
\x8ac__\x9f\xea\x89\x8a\x8a\x8a\xf0\x04jjj\x10\
\xe8\xb8\x1e\x8c\x8b\x99\xb0C\x120\x18\xd1\xd2\xd2\xa2z\
\x93\x88v\xfa\x92`ss\xb3\xeaMbv\x87\xf1h\
3kXTX\x02\xd5\xd5\xd5Z%+d\xfb8\xef\
\x90\x00\x9c3XP\xf4~\x9f_\x93\x9a\xaa\xfa\xfb\xfb\
U&1\xfa\xd2\x8f2IP\xe6\xdc/\x04\x8d\xcc\xed\
\x09K\xa0\xb2\xb2\xd2n\x9fv\xc1\xef\xd3\xadp\xb6\x93\
#\xcf\x08\x13wuu\xd9\x1d\xb3\xcf\x80\x10\xf1\xfb}\
\xb6?\x93\x92\x9c\xe9\x18\xb7-,\x81\xba\xba:e\xbc\
\xf3\x93&<\xb9\xea\x13LY\xf4\xb1&ji\x0f \
sK-\x22_\xdc\xa7\xba\xa4\xec\x0a\x1c\xa9\xf6J\x22\
?\xf2\xb6\xd5`\xd6\xd2\x83\xaa\xe7\x9a\xdd\x15\x93]3\
\xdbH\x1f&f\xeb9\xbf%\x01\xb6\xa7\xa7\xa7\x07\x91\
\x8b\xf7!1\xabB\x83\x06\x03A\xadtYA\x15\x0e\
\xd7\xf8PV\xd5\x8a\xb9\xeer,\xc8<\xac\xbe\x05%\
\xb5(-\xf7\xa2\xb1\xbdG\x89E\xbf|@\xb60\x88\
\xa1\xa1!!?\x80\x13'N\xe8\xd5c\x0c\xe2\x96\xb7\
\x80\x04\xb8\xb7\xfe\xe3~\x14\xeen\xb4;\xc0 \xdc[\
\xda\xd8\xda\xb7\x8ak\xd5688\xa8\xd520\xdf\x90\
\x0d\xa5\xf5\xaa\xa7L\x7f\xae\xa5\xbfY\xfb\xb9g\xc0\xdc\
q\x06xgg\x9d\x1d\x8c\xc1\xcd\xfeS\xce/n\x80\
ky\x99\xea\xf5f\xc8\x16\xed\xab\xf4c^\xdaa\xa4\
\x15U\x85\xbc\x0d\xac\x9e~\x86\x04\xb7!,\x01\x1e.\
VE\xc7M\x1fy\x95\xc0\xf0\xf0\xb0]\x09m\xad\xbe\
 \xa6-\xde\xafv\x06\xa7\xde\xb5\xacL}y\x16\xfc\
\xc1^]o`\xde\x01\xc6\xe0\x81\xe6A\x0dK\xa0\xbd\
\xdd\xa7\xce\x0cl\x08Pf\xd5$\xc2=O\xca9\x82\
\x85o\x1e\xb5\x1f\x16n\xcf\xe0\xe0\x90\x9e\x81\xe4\x1c\x8f\
\x82\xbe\xd4o\xdfY\xa6\xa3\x89inPX\x02\xbc\xef\
<<\x5cT\xb4\xa7\xc9&@\xe6\xa7N\x9dB\xea\xda\
O1{\xf9!\xed\x02\x03\xd2F=\xd7\x9c>}\x1a\
\x9b\xf6\x5c\xef\xda\xfa?\xef\xc2\xfc\x15\xa5X\xbb\xb1\x04\
\xadm~\x8dI?nqX\x02\xbc\xafl\x15\x03o\
=\xe8\xd3`\xdc?.|i}5\xa6-9\x80\xea\
\xe6^\xd4\xb7v\xc1\xeb\xefC}K\x17\xb6\xecoS\
\xf9\x98\xb7\x07\xf3\xe4v<\x97\xfb\xa9\xfa\xc7&\xa7\xe1\
\xf5=\x7f\xc7\xf3\xb9\x1ed\xaf{_^\xd3N\x8d\xc5\
\x83h\x08\xc8\xb8U@y\xab\x12 ;\x93\xb0\xa4|\
\x92\x00++.o\xd7\xf9\x8d\xf8SI#\x9eJ\x9f\
\xbc\xae$\xf7b~%\x82\xdd\xfd\xda\x81\xa8gW`\
\xe1\xbb\xff\xc4\xear\xe0\xf9\xd5G\x91[P\x22\xb7+\
\x18\xd2\x01&\x7f\xedcPV\xa1\x83\x0f\x07\x933\x00\
\x0f\x1c\xc9p\xe4O)\x89\x9c9s\xc6\x9e\xd3v\xf6\
\xecY\xfd\xc9\xa5\xcc\xad\xa0nx\xf8\x94\xca\x8f=\xfd\
\x0a\x9e~k\x02KJ\x80<!\xf1B\x9eGI4\
z\x9bC\x08$lv\x10\xe0\xa1\x22\x01\xf3\xfb\xcd@\
$cFn\x0fG\x82d\x98\xdc\x90\x22(\xd3\xc61\
*\xce\x8d\x84\x0d\x13H\xd9\x06,\xdb\x05\xe4\x1f\x01R\
\xd7x\x90\x9e\xf7\x17\xb8\x92\xde\xec2\x04h\xff\x0f\x02\
\xa6j\x13\x94\xd5\x91T\xde;\xa5\x98\xf1\xeck\x8a\xa8\
\xf9nL\x7ff\xa5\x8e\x93\xf2*\x19WN\xce\xe3\xd2\
\xc4\xb6\x02Ye\x92\xf4\x83I\xac\x92V\xbf]\x09,\
\xce\xab\xc0\x83\xd1/\x8cK\xbe;\x99\x986\x9b@g\
g\xd0\xae\x9e\xed\xe5\xc8\xaf\xa3\xd1\xd1\x11\xd5\xcf\x90$\
\xef\xd5\x03G\xbb>\x1f%^`\x9d\x07XZz\x1d\
Y\x07\x81M5@\x8a{7\xcc\x01\xa4\xdeA\xa0\xd3\
J8\xd9~&%\x11\xb6\x95\x9fZ3\xe33\xb0l\
\xc7\x04\xdc{\xa5\x22\x81\xfb\x7f\xc0\x1f\x0e\x03\xdb\xea\x80\
W\x0a[51\xe3\x84\x10`r&\x1b93b\x7f\
\xfb\x91\x08\xbf\xf7\xd8^\xf7\x87\x13\xc8\x91\xd6\xe6\x1cr\
\xa0\xcc\x81C\xb7\xb0\x09\xb2\xf6\xff\x03i\xa5\x7f\xc5\xf2\
wOkb\xfa\xd8\x04\xf8\xe08? \xcd\x07(\xe7\
\xfc\xd0d\x07\xb2?\x9a\xd0\x03\x95\xef\xb1p\xc4\x01\x0f\
Bm\x9eP\xfd\xda\x8a\x7f!\xbd\xf8,\x12W\xed\xc2\
\xdc%\x85\x9a\x98z\x9b\x00\x9fZ\xf3\x15\xcb\x8a9\x92\
\x80\x99G'\xbc\x8eg\x96\x14 rN\x0a\x22cR\
\xae\x8fNX\xba\xf9\xbf\xdb\x80W\x8bZ\xb0\xf1\x18\x14\
\x05\x9e\xcf\x90\xbe\xbd\x1b\xc9+\xdf\xc7/\xe6\xbe\x8a\xd8\
Ek5\xf1\xc6j\x07\x01>\xaf$`\xc0\xe4\xe3\xe3\
\xe3:\xbfz\xf5*\xf26\x94b\xa6\x9c\xf0(\x1bn\
\xed\x8a\xd1\xcd\x8cO\xd79\x11\x9d\x90\x01wQ\x83\xee\
\xf7VA\xfe\xdeQ,J/FLb\x86\xdc\x82\xd4\
1\xc9\xf7-&\xa6\xcd&\xc0\x87\x84\xd5\xf2\x1b\x9fI\
\xcdh\xba@\x12\xd4\x91\x14e\xe33>>\xa6\xbak\
\xd7\xae\xd9k\xa2\x17\xbc\x81\xcdG'\xb0\xa3\xee3\xac\
\xdb\xd3\x8f\x97\xd7\xec\xc5S\xa9\xf9(\xda\xbe/\xe4!\
\xfa\xd0\xeb \x90\x9b\x9b\x8b\xf8\xf8xE\x5c\x5c\x1c\x12\
\x12\x12B`l7\xce\xe9\xeb\x94\x89\xbb\xee{\x08\xef\
\x1d\x1bG\xe1\xc1!\xfcve!\x22]\x09\xb8\xe7\x07\
S\x91\x95\x9d\x13B\xe0\x8f\x1f\xb4\xd9\x04\x1c\x7f\xcd\xf2\
\x021\xcf\xad\xee\x9c\xbd0\xb7\xdb\x95\x9c\xd3\xe7J\xca\
>\xe9J\xca\xea\x9f\x95\x9850+1sP\xb1 \
s\xe8\xa6\xb0\xecwOy\x12\x9b\xf6\xf7\x22}\xfd\x01\
L\x9f\xb7\x14\x8f\xc4\xbctqVbN\xb7\xf3\xafY\
\xc8\x8f\x91\xfd\xb3\x18\x11\xf1\x05\xc1\x97\x04_\x17\xdc#\
\xf8\x89`\x9a J0[\xf0K\xc1\xe3\x82_\x0b\x9e\
p\x80\xf2\xaf\x04\xb1\x82\x98\xa9\x8f\xa7\xfe\xed\xf7ol\
\xc6\xdc\xdfd\xc0\xb5 \x03\x0f<2\xe7\xc7\xa2\xff\x0a\
\xe3\xdf\xf8S\xacyo p\xbb\xe0\xab\x82\xbb\x05\xdf\
\x17\xfcT\x10)xL0C\x10-pY\x84\x0c\x5c\
\x96\x9eD\xa7?\x1c\xbdpGlr\x06\xa6\xc6\xa6n\
\xb9w\xca\xf4\x9f[\x05}\xf9\xbf!p\x9b\xe0\x8b\x16\
\xdbo\x08\xbe-\xf8\x9e\xe0G\x82\x07-2?\x13<\
*\x98\xea\xc0\xa3\x96\xfea\xc1C\x82)?\x8c|b\
\x9e\xd5\xc5o\x0a\xee\xb0\x0a\xbb\xed\x96\x04\x1c$n\xb7\
H|Mp\xa7\xd5\x8d\xef\x08\xee\x15|Wp\xbf\xe0\
\x01\x07\xee\xb7\x88\xdeg%%\xf1\xbb\xac\x22\xee\xb0\xb6\
\xf5\xa6\xd5\x13\xff\x066\xa3\xbc{\x940\xe2\x83\x00\x00\
\x00\x00IEND\xaeB`\x82\
\x00\x00\x02R\
\x89\
PNG\x0d\x0a\x1a\x0a\x00\x00\x00\x0dIHDR\x00\
\x00\x00\x16\x00\x00\x00\x16\x08\x06\x00\x00\x00\xc4\xb4l;\
\x00\x00\x00\x04gAMA\x00\x00\xd6\xd8\xd4OX2\
\x00\x00\x00\x19tEXtSoftware\
\x00Adobe ImageRead\
yq\xc9e<\x00\x00\x01\xe4IDAT8\x8d\xbd\
\xd4\xcfO\xd3`\x1c\xc7\xf1\xb5[i;7\xcc\x96h\
B\xa6\x82\x98\xa1\x1c8\x98\xe0\xcd\x8b(\xa4\x12\xa3\x19\
HH \x1an\x1a\x16\xe5\xc4\xc5\x18B#:\xa2\xc6\
\x18c\xc6\x8f9\x06T\xb3\xf2@<)\x97r\xf1/\
\xfb\xf0}jK\xea\xb6g<\x90\xe0\x93\xbc\x8f}\xf5\
\xc9\xd3o\x9f\x18\x80\xd8Yt&\xe8\xff\x87i\x95)\
H\xb4F%(E\x16F\xfd\xcf\x0blxO\x85-\
\xd5o\x85x\x9a\xe3\xd2\xf0\xa6\xf7\x04\xcblP\xd83\
\xfbz\x08wQ\x864\xbc\xe5M\xe1=\xbb)\xec\xb9\
\x9d\x0f\xe1^\xea\x9c4\xecx\x93\xf8\xc8\x06\x84\xcd\xda\
\xbd!\xdc\xc7\x8fC\x1a\xfe\xe1=\xc6'\xd6/\xach\
w\x9f\x0ev\xbd\x02\xbe\xb0\xbc\xb09\xfb\x92\x1cLK\
\xa3V\xc2Q\xda=x\x84\xaf\xacGX\xa9r9:\
v\xbf\xa9Q*\x1e\x8e^\x14\x9e\xb3\x1ev\xe1\xe7\xc1\
\x03\xbf\xfa\xfem\xac\xb2\x9c\xb0\xb2\x9b\xc3\xda\xee\x15T\
\xf6\xaeb\xa6\x98\xe1\xc0/>\x1d\x94\xda\x08\xeb\xd4\xfa\
\x90eb\xd5\xbd\x88u\xd6\xbe\xcf\xb5\x0b\x98_\xcc`\
\xb4\x90D*\xadr`:\x98\xe9x#\xacP)\xaa\
v\xd72Pq\xb3\xa8\xb2\xe6\xbe\xedd\xb1\xe2d\xb0\
\xb0\xdc\x89;#\x064M\xe1\x0f\x17\xa9\x1c\x95l\xda\
q\x80\xf3\xdf3K9\xf7\xac\x0el\xb8il\xb2\x7f\
+\xd7RXx\x97\xc4\xd8\xa4\x0e\xdd\xf0\xd1\x19*\x1f\
<\xd7\xd1t\xc6\xad\xf0a+\x81-\xd7\x84\xc3\xfeV\
uL\xd8%\x1dC\xc3\x09\x98\xa6\x8f\xben\x85\xb6\x1b\
\xb7#|\xc4R\xf1}GCu[C\xe9C\x02\xe3\
\x13*\x14%\x16\xddi\xa6\x11m{mFq\xeb\xbe\
\x827oU\x14\xc6\x14\xfaP>\xfaJ\xb4S\xa9\xfb\
8\xc0\xf9%\xb3m\x181\xe8\xba\x8f\xbe<\x0e=\x16\
\x8e\xe0|Z\xaeQ7\x82\x17\x9do\x87J\xc1\x01\x1e\
\x0f #\x98\xf7\x96\x97\xfb\x89\xe1\xd3t\x08V\x10\x0a\
\x0b\xb1\xaa\xe0B\x00\x00\x00\x00IEND\xaeB`\
\x82\
\x00\x00\x04\xa4\
\x89\
PNG\x0d\x0a\x1a\x0a\x00\x00\x00\x0dIHDR\x00\
\x00\x00 \x00\x00\x00 \x08\x06\x00\x00\x00szz\xf4\
\x00\x00\x00\x04gAMA\x00\x00\xd6\xd8\xd4OX2\
\x00\x00\x00\x19tEXtSoftware\
\x00Adobe ImageRead\
yq\xc9e<\x00\x00\x046IDATX\xc3\xa5\
WMh\x14I\x14~U\xdd1q\xd5\x18\x93\x95U\
\x22\x81@\x14\x19\x09nX\x11\x8f\xeb\xc9\x8b\x90K\x0e\
\x09\x1eb.Q\x82\x8a\x87(\xca\xbaL\xfc\x01#\xec\
!\xb8\xbbq%Q4\x1a\xbd\xc4\x9b\x87\x08\x81\xf8s\
\x13\xc1\xff\x1fP\xfcc\x82\x0aktCb\xe6\xa7\xa7\
k\xdf\xeb\xa9\x9aTW\xbag\xdaL\x87G\xd7\xbcz\
\xef\xf5W\xef\xb7\xc2\x84\x10\xb0\xd0\x871V\x8d\xfa\x93\
P\xc2\xc3\xa1\xb4\xe7\x87\x12\xf5K\x06PY*\x00[\
-\xb6\xb6\x1d=\x84\xaf\x96\x10\xb9\x91\xf1\xab\xf1\xde\x00\
\xfe\x8a \xe1\xef\xb1ek\x1b-\xff\xfc\x15\xff\xc56\
\xa4\x1d\xa4\xdd{\x8e\xd22\x08@M\xc8G\x22\xdb\xf2\
\xc9<~\xfd\x19\x92Y\xbf\xcd\x0a\xebs!\x0f\xfe\x18\
\xb6\x11\xd5\x96m&\x04g\xdf\x95$+\x0b%W\x14\
[\xb6\xbf\xac\xa4\x12\x91\x98\xe3-\x04@\xdeV\x9e\x11\
l\xcb\xef\x01]\x89\xcd\xf1\x0a<5\xa1\x1e`\x01\x1e\
\x88\x02\xc0\xe2\xf9\xc3{\x184\xd4eH\x8b\x90\xd2H\
\x19\xc9\xab\xd2\xd4\xf5\xfd\x9c\x07\xb8\xcf\x99\x81\x1e\xe0\xf3\
\xe2\xc6s \x88\xbc5Y\xb6=\xec\xb1\x81\x81\x81\xbd\
\xf8\xae\x0b\xe9\x03ur?F\xf2\xa4\x97\xb7\xa1\xa8X\
#\x22\x84\x96Ad`m\xfd\xea\x8a\xb1\xb1\xb1\x13\xc3\
\xc3\xc3'\xe9\x03!\x9d0F\xfb$G\xf2\x8c\x1bv\
X\x04\x0f(\xb7)\xb2\x10\xf2\xb2\xc5645\xac\xa8\
\x8d\xf7\xc4\xb7g2T\xc9P\xadW\x96\xb6\xaev\x1c\
\x07zzz\xb6\x93|%\xea\x91>\xd7\xbcP4\x09\
\x09\xa9\x82D\xc2K\xcb\x01f\x12\xcf\xe1\xec\x9f\xbd\xcb\
5\xb1mj\xd1\xd5\xd5EU\xd0\xae\xf8\xa9T\xca[\
\x90\xfc\x89\xbaZX\xbef\x0bL#K\xcd;KD\
HBU.\xf4\xf1\xaf\xef\xef\xc1\xc1}\x9d^\x1a1\
\xfc\x13L@ccc\x1b2\xda\xbc\xdf\xb8\xc0\xdf\x17\
<\x1d\xfa-\xd4)\x05\x1c\xd8\xdb\x09\xa7N\x9f\x87\xaa\
\xbaMy\x10E\xab\x80i\x09\xf3\xee\xc5]\xf8}\xff\
\x8e\x92\x06\xcd\xbe\xce68\xde7\x0c\xab\x1a6C\xd6\
E\xfb\x22b\x08\xe8\x14\x0d\x1b6C\xdf\x99K\xb0k\
g\xcb\x82\x01\x9c\xbd0\x02?\xe1\xc7g\xd2\xb9C\x81\
[\xac\x0cU\xf9!\x80$\xe6\xdb\xeau[\xe0\xcc\xf9\
\xcb\x90L&\xf3\x94H$\xae\x22\xed$jnn\xfe\
\xa0\xd6\xc4\xd7\xe5H\x8f\xf4\xc9\x8e\xea/\x9c\x17\xab\x02\
\xd5\xc1d\x03Ib\xbb\xa9]\xdb\x04\xbf\x1d\xfb\xe3?\
e\x18\x9f\x1bH\x17\x89\xfa\xfb\xfb'\xd5\x9a\xf8J\x86\
\xe4I\x8f\xf4\x99\xd6\x15Y\xb1>`\xa3\x84\xcdso\
\xe5\x89t\xda\x81W\x1f\x9d\x89\xc1\xc1\xc1\xeb\xe9\xb4\xd7\
\xe4\xf4+XF[O\xd2>\xc9\x91<\xe9Y\xca\x1e\
\x9f\xb3[\xd8\x03\xdc_\xb7^\xdcP\xe9\xe5\x9b\x0f\xc9\
\xd6\xd6\xd6#\xdd\xdd\xdd\x87\x91\xf3LSIj\xebg\
\xb4Or$\x0fFO\xf1\xbc\xca#\xb4b\x8b\xfb\x89\
x\x19\xc7\x15\xcf\xf1\xe9\xe8\xe8\xf8{tt4\x81\x97\
Q\x8eD\x9du\x96\xdeDCCC\x13r\xff\x05\xc9\
\x87\xd9*Z\x05f\xacD\xae\xaeY,\x16\x13\xf2\xc4\
L\x0e\x1ezO\xcb5\xb4\xb7{\xfd\xc8\x8b\xd1\xaf\xad\
q\xc6e\x0b\x16s\x83U\xda*r\x1f\xb0\xf8\xfc\xb9\
.\x84gc\x91\x9aWjPJ\x00j\x1e\x08E\xf8\
p\x95\xcc\xa6\xadh\x17\x12SI\xb8dj\x09\xe4\x06\
\x1a\xd7hZ\x9b\x88\x0a\x80K\x00Bm\x15\x04\x10p\
i\xc8\xcds/\xa4\x95R\x9ek@f\xb5;\x81\x90\
\xad\x06\x01\xb8V\x98\xad\xe87\x22\x8dG'\xc2\xe52\
\x19o\x13@\xa5\x09\x00=f-\xe8F4r\xe5\x1c\
<|p\xdf'\xb0\xf1\xe7&B\xc0\xe5\xe8-3\xc2\
0\xab\x8dd_\x08Bm\x15\x000r\xe7)\xda+\
[\xef\xe5+\x19!\xba\xf9h\xca\x9a\x9d\xfe2\x1e\xd2\
\xee\xa7\x82\x98\xdf\xa6\xfe\xbd5\xfe\x80\x09\xc6\xeai>\
\xba\x8c\xf3,NK\xf7\xf6\x93o\xe4\xa1k\xbe\xb0\x98\
\xff\x9cR\x8d\xcb\xd3\x95\xcb\xc4#Z,\x7f\x9b!\xa8\
Gz;/\x049rdYR\xe9\xce\xc8\x84\xa5\xb5\
\x83\xdft\x03C`\xb82\x8b\x94\x92\xb9\x93\x95\xc6\xcc\
$\xfc\xa4y\xc1\x04\x90\x95\xad:%C\xe5H\xbe\x08\
\xcd\x01\x90E\x8c^P'\x00\xa9\x94\x91\xb2f\x19\x12\
\xb8\xaff\x0eh\x00\x14\x08E\x94\x1f>\x00\xff\x03s\
k\xb0\xe7\x0a3!\x0e\x00\x00\x00\x00IEND\xae\
B`\x82\
\x00\x00\x07}\
\x89\
PNG\x0d\x0a\x1a\x0a\x00\x00\x00\x0dIHDR\x00\
\x00\x00 \x00\x00\x00 \x08\x06\x00\x00\x00szz\xf4\
\x00\x00\x07DIDATX\xc3\x9dVklT\xc7\
\x15>s\xdf\xfb0^\xef\xfa\x85\xb01\xa6\xb8`0\
6\x95\x0a\x04\xa2\xf0\x90\x82\x8c\x1a\x12\x82(QC\x22\
UP*%j\x95\x1f\x95\x1a\x95&\xfd\x11\x09%R\
~%*U\xa4(\x09Q%h\xab4\xc2\x8a\x9c\xa2\
\x22\x02\xa1)6\xad,D\xc0N\x8a\x09\xc6\x06l\xc3\
\xdax\xed\xdd\xbb\xf7\xee}N\xe7\x5c{\xec\xeb\x8d\xb1\
\xc0#\x8d\xef\xce\xf5\xdc9\xdf\xf9\xcew\xce\x19r\xe2\
\xc4\x09\xeay\x1ePJa\xa1\x83\x10\x12|\x8fOA\
\x10\xf0\xf9\xfc\xfe\xfd\xfb\xff\xfa0\xdfJ\xae\xebBc\
c#TWW\x83\xe38\xb3\x0e\xc4\x11\x06V\x0c2\
\xbc\x07\x0d[\x96\x05\xdd\xdd\xdd\x90\xcf\xe7\x1f\x1a\xbc\x84\
\xdeWUUAMM\xcd\x82\x19\xc03\x10\x00\x1a\xee\
\xe9\xe9\x01\xdb\xb6\x1f\x1e\x00\xa2\xe7\x9e\xe3A\x85B\x01\
|\xdf\x9f\xd7c\xfe\x1b'\xee\x15E\x11TU\x0d\x18\
\xc0\xf5\xa3\x84S\x0a\xc7\xdf4Mhkk\x83\x5c.\
\x07\x92$\xcd\x0b\x00\x07\x1aCo\xb7m\xdb\x06k\xd6\
\xac\x09\xd6x\x1e\xceGb\x80{,\xcb2l\xde\xbc\
\x19P\x17a\x1d\xcc\xe5=\x1a\xe1\x06S\xa9T\xe0=\
g\xe5Q\x18\x10\xc2\x94\x85\x0f(~\x176\x8e\xdf\xf0\
\x19\x0eEx\x16\x8f\xd7\x9fm\x99s-\x85?@:\
/\x5c\xb8\x10\x84\x00\xd9\x98\xcbs\xee57\x8clm\
\xdd\xba5`!\xfc\xffbcG\xda\xbe\x0e~\xff~\
W\x13y\xb3\xbd\x9b\xf2\xb5\x14>LQ\x14\xd8\xbbw\
\xef\xf7<\xe0 \xf0\xbda\x18\xb3D\x8a\x13\xf5\xc2\xc5\
\xfb \x06\xf8 \x02)\x7fu\xeb\xca\xfbo\x9f\xbf\xe6\
\xcfb\x00c\x8e\x0c\x5c\xbcx1\x10#*;L?\
z\x8aJ_\xbf~=h\x9a\x16\xac9\x08\xfc\xcd\xc3\
\x11\x06\xc0iFo_{\xb6\xb9\x82P\xf2$[>\
\xad\x94\xa9\xfa\xeb{\x9a?;r\xf2J\xfb\xac\x10\xf0\
\x94D \x08 \xec%\xbe\xe7\xaa\xc7\x9cG\xa3\x08\x8d\
N\x19\xc6w\xc5Y \xc6\xc4\x19\xd7]\xbf\x01$\xf1\
\x15!\xa6<\x06>\xfb\xc2\xf5j_\xdb\xdd\x9c\x92\xb8\
\x9a\xd1\x00\xc6}\xc7\x8e\x1d\xdf\xa3\x1f\xf7\xa0A\x9c\xb8\
/0\x8e\xc0\x8aDY\xcc\xc0\x1b\xc7/\x05\xcf\xdf\xfd\
d\x9d\x08\x82\xb7\x01D\xe11)\x15\x05\xea\xf8\xc4\x9b\
0w\x82\xe3\xed\x94\x8a\xd5\x1c6\xcc'z\xcd)\xc7\
P\xf1\x14\x0d\xe6\x94\xe7\xf3e\x81(\xd3\x97\x04Uz\
I\x88(\xa8\x01 \x8a\x00T\x93\xf2\xbe\xe9\xa4%?\
D!\x0a\xe9\xec\xd9\xb3\x81\xd0x!\xe2\xde\x17\x0b/\
\xccNSS\x13\xd4\xd7\xd7\x87\x18p\x097\xfe\xe7w\
\xcb\x9e\xbfy\xd1\xd9\xe7\xf8%\xf5R\xa9\x06D$\xe0\
f\x0a\xe0\xe9\xf6U\xf6\xef\xb7\xa4b\xd4\x08Dd\xc6\
yL\xc3]n.\x00\xe1\x0c\xe1\xd3vd\x0b\xdf}\
z\xacq\x97(D_N\xd5\x19\xab2i\xc3\xf3\x0b\
\xb2G-F\x7f\xde1\xbd\xbc\xf5\xd5\x9b\x9f\xf7|6\
\xad\x01\xf4\x12\xbd\xde\xb4i\x13jd\xf2\xdd\x94 \x8b\
{Cq\xc1Bp\x93\xfb\x90\x11\x1f\x0aV\xa4\xd0\xf6\
\x01\xfc\xc8#\xf0vu\xed\x86e\xf1\xd2\x01\xbb\xffj\
\xbf9\xd83\x06TT\x99A\xfa9\x08\xe2\xe9Yi\
\x88\xaa\xcff\xb3\xd0\xde\xde\x0e\xba\xae\x07\x87\xa2\xe0\xe6\
\xd3\x06\x0f\x01\x82\xc6\x96N)\xa3\x96Y\x15H.\xca\
jY]\xb4\xccm\x5c\xb9\xf6E&\x1cQ\x8b/:\
A\xa9\xfc\x91e\xeb\xc9aKW>\xfc\xcd;\xdf\x9d\
\x99\x05\x00\x19\xc0,\xd8\xb8q#\xd8\xac\xae\xbb\xec`\
\xdeV\xe7\xa2<\x5c\x82S\xa9J\xb6_\x0eB\x15W\
\xbb!\x9a:\xff\x8a>V\x0av\xb6\x0a\x1c\xa6\xab\xb2\
\xaaJ\xb2\xaae\x17)+_&\xf7_;\x970\xf2\
\x03\x07\xff~\xacV\xfa\xe9\x81\xdb\xa7\xa4p\xfaL{\
\x15*\xa7\x0f\x8a\xf9\xe4\x93)Z`m\xb8\x90\x86\x91\
\xa1o\xc0\xc8]\xa7\x95\x89a(\xadky\xc2\xcej\
\x90\xbe\xe1\xd1K_\x9c\x86\xa5\xab\x96\xc3\xd2\x95?&\
\x0d\xab\x9f\x93\xc6\xef_O\x98\x85;O\xb9\x06\xdcf\
\x07\x9c\x9af\x80\xdfh:;;!\x93\xc9\x04\xde<\
\xa8\x19\xf1\xe1\xfb\x8c%\xcb\x80\xd5\x0d\x16$\xa2\xff\x03\
}\xbc\x07j\x96m\x87\x86\xa6}\xecr\xa1\xc2U\xf5\
\x9f\xd0u\xba\x03\x86o\xf6\x11\xdb$P\xb7f\xad\xef\
XF\x9e\x1dr\x9d\x9dr3H\xeb\xc3\x87\x0f\xd3\xd6\
\xd6Vhii\x09b\x8ee\x18\xd3\xf1A\x0cL\x1b\
\xa7,m\x8d{0t\xe3(\x880\x06\x8bk\x9a\xa1\
\xa6\xeeq\xea;\xc3\x10\x5c\x0bE\x09<&!}\xa2\
\x00W\xfe\xd5CF\x87F\xa0\xa4\x5c6\x95\xe4\xb5\x7f\
\x88j\xf6\xdd\xbd?\xbf\xf3\xd5\xb4\x06x\xaa!\x03\x1d\
\x1d\x1d\xc1\xd5\x8a30\x17\x0bD\x88@\x5c\xbb\x0b\xc9\
\xe8e(\x8d\xbb\x90\xacX\x07\x89\xc4b\xf0\xed~B\
}\x93\xe9\x891*\xa9\xac\x00\xc5HYE\x14\xd6>\
\xbe\x0aF\xef\x963\x91\xdf\x03\xdd\xb4m#\x97\x1e\xc5\
s>\xf9\xb0\x01f\xd5\x01\x14\x22z\x8f@\x8a{\xc1\
\x0c\x18\x01r\x99\x7f\x83)\xf7\xc2\xa2%>\xc4\x92\xb5\
\x10\x8b\x94\x80@\xc7!?1\xc8jH\x9c\x19\x8f\xb0\
\xf5dz\x8b\x92\x06UK\x13\xb4\xb4j\x11\xb97\xa4\
\x0a}\xbd\x97\xe2\xa6!\xc7X\xf3\x87}\xbf\xb8>\xc3\
\x00\xd2\x8f^o\xd9\xb2e\xdeb\xe39\x13\xd0\xd7}\
\x0a|s\x02*+[\x81z\xf7!;\xd2\x0d\xb2\xe2\
\x82\xa2\xc5\x99,\xcd\xc9o\x98>p\x82\xef\x82I\xb1\
\x9a\xb2\xe2&\x06\xac\xca\x8co\x81;$\xf1B\x82\x1e\
c!\xe2m\xb88\xfd\x80H\xe0\xda\xe3\x90\x1e\xf8\x1b\
\xb0\x22\x0d\x92V\x09f\xf6kV\xac\xb2\x0c8\xbbK\
DT\x882{*\xfb#\x00\xde1\xb0a\xb1\x17\x14\
{\x08\x165\xd6Am\x9d2\x91\x8c\xf9\x9eeM\x03\
@\xaf\xbb\xba\xba\xa0\xb7\xb7w\xce\x8b\xc4\x0c\xfd\xac\x81\
\xf86\x98:S\xbc2\x02K*\x14\xd0b\xab\xa9\x9e\
\xb9\xcc\xbc+\x90\xc0 vU\x9b\xdd\x1b\xa2\x8c\x0d\x95\
\x19\x9e\x02 \x8a\x1aq\x1c\x13\xf4\xdc`\xce\xf3\xec\x1b\
\xbe\xe7f\xc3\x00\xfer\xeb\xd6\xad\xe9\x10\xcc?\x08+\
V\x11\x80\xa4N\x93%tuV\x1f[\xa7Fj@\
t\xc6(2Q\xc8g\x99\xa7.x\xaeK\xbc\x08k\
\xef\xaaC%\xc5\x82h\xc9\x0aV\xffG\xe0~\xfa\x1b\
f\xdb\xea\xb4,zo\xe6\xc4\x05\x8e\xf7\xdfR\x7f\xa6\
i\xe5\x1f/_\xf1\x8cJ\xfc\x1c8\xe6\x1d\xf0=c\
\xeaT\x09$Y\xa1jT%ZT\x83\x8a\xda\x9d\x90\
N\x0f\xc0\xe5\xff\xfc\xf16c\xab\xf9\xd0o\xbd\xf1\xe3\
\x7f\xaa\x80\x17~5\xc2\xc2\xb9\xc0\xe1\x81\xf5)\x10w\
h\xa0\xff\xd4\xc9\xa8\xb68Y\x96\xfc!$R,\xd5\
F;Y\x0d\xc9\xb3x\xdbAH|/\x0e7z:\
@7F\xd3\x8aZrFVb,.\xe9\x10\xa7\x8f\
0\x105\x0eD\x8e\xe3\xe3\xa3\xecRk\xc6v\xc7b\
K^T\x94\xc4vY\x8c\x95\x8aL\xdf\xb1x\x05\xbb\
?bF\xa08\xabap\xf0\xbf0\x9e\xf9\xee\xbc\x1c\
\xf1\x7fM\x88\xff\xeds\xbf\x1c\xf4\x16\x04 \x0c\x84\x83\
\x08\xd6\xefUnw\x0b^+\xf5\x94\xc6E\xa5\xcb\x96\
\xc7J\x16/\x91e\x96\x93\xd4'\xa2\x5cBF\xd2]\
\xb9\xf1\xcc\xb7G\x0f\xbdZ\xf8\x03\xee?y\xac\x19\xf6\
\x1c\xb8\x12|\xbb\xa0\x10\xa0\xf10\x88\x17^N\x9fc\
\x8fs\xc7\xdfK\xd6\x17\x9c\xbe\x83\xf9t\xdfS\xe0K\
?\x00P\x04\x96E\xb2 \xda_\xc6\xe2\xb1\x0e\x80B\
\xb0\xdf0\x86\xa7\xcf\xfa?\xec\xd4\xd2y\x15\xa1\xe8\xc0\
\x00\x00\x00\x00IEND\xaeB`\x82\
\x00\x00\x04\x1e\
\x89\
PNG\x0d\x0a\x1a\x0a\x00\x00\x00\x0dIHDR\x00\
\x00\x00 \x00\x00\x00 \x08\x06\x00\x00\x00szz\xf4\
\x00\x00\x03\xe5IDATx^\xd5W[l\x14e\
\x18\xfd\xbe\x99\xd9\xfb:.\xb0\x16B\xf0\x82\x89\x88}\
0\xa1`\x91\xa6P\xca\xf2\xa4\x0f(\x09b\x89\xc5\x18\
\x8b>hb\xe2\xad\xe1RZnby0j|\xe3\
\x8d\xad\x8a%\x1a\xa21\xf1ES\xa8F\xf1\xa1j\xa2\
\x89\x97x\xc3\xc4F\xad\x84\xb2\xdb\xdd\xd9\x9d\xcb\xe7\x99\
\xf5\xcf\x1a\xeal/\xb1\xdb\xc6\x93\x9c\xf9\xe6\xec\xbf\xbb\
\xe7\xcb\xf9\xbf\x99\xc9\xb0\x88\xd0BB\x03\xff?\x0dp\
\xe6\xc4+\xe0\xdb\x0b\xd2\x00\x8c\x0df\xde\xa9\xeb\xc6]\
\xbc\xe5\xf9\xe5\x0b\x91@&\x9eL\xa5S\x8b\x1at\x22\
yh\x01\x1a\x90\x8ep(Bf\xea:\x02\x1e\xe6\xf6\
\xe7x\xde\x1a\xe0L\x7f\x94D\xee\xcd_\xf9\x93\x0c#\
D\x89\xb8\xb9\x12:3\x7f\x09\x88\xdc\x8db\xdaeK\
&\xf2\x97)i.!\xa0k>\xb7\xa0\x83DP\xe4\
\x85\xfc\xf8\x18\xc5\x13\xd7\x10\x86q;\xb7\x1dI\xd7\xbd\
\x01L\xbc\xf9w\x02\xf2\x0d\x09\xf5\xe4s\x97r\x9e\xeb\
R\x22\x99\x0aa\xb9\xb3\xfe\x09`\xefQ\xa20\xcf\xca\
\xd0\xbe\xa2\xe7:g\xb0\x0dh\xe0Z\x7f\xadk>\xb6\
`\x97\xef\x04\xbeZQB\x03\x13\xf9Kd\xe8!\x8a\
Dc\x8d\xbc\xf1PK\xdd\x1a\xe0\xf6\xe3\x0dp\xcc\xc0\
\x7fX\x86\xf6\xff\xa4\x22\x19*\xe6s\xbf\xb8N\x99b\
1\xd3\xd7{\xea\x98\x80\xec\x80\xb9\x0e\x91%\x059\xd7\
#8\xbe6\x91\xbbL\xd1h\x824\xd6vrk\xaf\
Y\x9f\x06D\x10?Y\xa8g&}>P,\x8c\xfb\
\x95\x22\xb1D\x0c'\xbb\xe6\xbc\x01\xde|\xecF\x94\x0d\
0yG\xce\x1d\x18\xbf\xca\x7f\xb8\xf7\xcbr\xc9\xfa\xdc\
v,?\x85\xff4\x8c\xda4\xd7>\xc3.K\x81\x90\
\x01\xab\x90#]\xd3\xc9\x08\x85\xd7r\xcb\x815s\xdb\
\x80H\x07\x0ec$\xf4\x1e\x05B^\xb7\x0ayO\xc4\
\xa5p(\xea\xeb\xae9k\x80\xdb\x8e6\xc2\xe0v\x88\
\xd3r\xbe\xc7\x0e\xb4\xff\xf0\xf0\xaf\xaek\x7fP.\x15\
)\x84\x06X\xf8\x01\xde\xb0/F\xb3\x84Q\xfb\xda\x07\
D\xee\xe4M\x87\xce\x92T\x84\xafU\xad\xea\x15\xe5R\
\x01s\x90$#\x1c1\xedRa\x07\x16N\xcd\xc1\x16\
H\x872[\x07\x9fm\xa8\xdb\xa0Qq~\xb5^]\
\xb6,\x12\xcf\xa3\x90a\x100\xe5=\xe1\x86\xce\xc1U\
\xcb\xef\xcf\xbe\xbct\xfb\xc9+5\x13\xc0\x03\xa6\x19f\
7C\xf4\xc8\xf9\xde\xa34\x0d\x10\xfb)\xbbdu\xea\
\xbaN\x9a\xa6\xb5\xf2\xfa\xee\xd5r\xa1\xff\xeb\x00\xf3~\
\xa7l5\xb9vi\xabc\x97\xa6H@\xa4S\xd5A\
\x9a\x19\x06l\xdb\x22\x0f)\xa0\x89\x9a\x8f\xe9\x8b\xd9\xfb\
\xbaa\xbc\x1b$\xa7\x5c\xa3\x01\xdet8\x89\xb2\x1b\xe6\
_\xe0Z\xff\x96f\x02\x91\xf7\x1d\xa7<\xeay\x0e\x12\
\xd0}\xfd 7?\x13\xa6\x00\xfc\xfe\xd6\x9eQ\xa4@\
\xaem\x057\xa0\xccM\x22y\x83f\x08\xf9\xe4\xb8\x0b\
\xd3\xd3\xfe\xb3\x81<!M\xd7\xd2\x959\xa9\x81)\x13\
\x80\xf9cj\xc4\x07iV\x90A\xd7\xb1+\xc3\xc8\xa2\
\xf9\xfaQ\xaa\x01\x17\x098A\x09\xe0r\xdb\x82!j\
\x84\xf8Q\x86\xfb\xbe\x9f\x9d\xbf\x5c\xf0<\xf7\x0fO\x5c\
_\x101ex\xddS\xebk%\xe0\x06\x0e\xa1\xd0\xe3\
\xf1d\x0aU~\xa6YB>=!8~%\xe2U\
R \x8f\x009H\x01P\xe6U0m\xec\xbb\x1e\xe6\
\x8f\xc0y\xff\xd2e7\xf1o\xa3?X\xd0OB\xbf\
+\x1f\x1d\xb9H\xd3\x80\x9b\x9f\x8d\xc3\x0c\xff!#H\
0..\x9a@\x12\x0a{!\xde\x94\x91\x17\xbf#\x80\
\x9b\x9eX\x832\xa2\xd6\x9ad\xe4\xa5\xcf\x98Z\xfb\xe4\
\x9f\xbb\x1c\xa9\xaa\xf4\xc7\xc7\xc2\x10\x5ce\x10\xeex\xba\
8\xf9\xb7\x935\x8c\x18\xe6'!\xee\x01\xd3\xaa\x811\
\xf0,\xa9\xb7\xe3\xc5\xe0m\xe0Vp3\xd8\x08.\x01\
M0\xa5\xd6\xd3`\x03\xb8L\xb1A}\xb6X\xe9[\
\xc0\xb5`;\xd8\x02\xde\xaa\xbe\xa3+\x8fE\xe0*\xb0\
M\xad\xaf\x04#\xffz=g\xe6\xeai@\x05\xab\x90\
j\xad\xb0\x0a\x01h\xa6\xf8\x0b\xd9\xb5\xe2>N\x8b\x87\
X\x00\x00\x00\x00IEND\xaeB`\x82\
\x00\x00\x05s\
\x89\
PNG\x0d\x0a\x1a\x0a\x00\x00\x00\x0dIHDR\x00\
\x00\x00 \x00\x00\x00 \x08\x06\x00\x00\x00szz\xf4\
\x00\x00\x05:IDATx^\xc5W\xbb\xae\x1cE\
\x10=\xdd=3;\xfb\xba\x17d\x8b\x0c$gd`\
\xfc\x05\xfc\x03\x09?@\x80\x10\xa4DX\x86\xc49\x0f\
\x11\x00\x11\xc8\x81\xed\x9c\x04\xae\x85\xb1\x84\xc4\xc3ka\
#\x0c\x08c\x11\x80\xfc\xc0\xbe\xf6\xee\xce\xbb\x9bS\xa5\
\xb9\xf2\xee\xac\xcdl\x80\xe4\x91J=\xa3>]u\xea\
TU\xaf\xd6\x84\x10\xf08\x1f\x8b\xc7\xfcD\xab\x80\x17\
_>\xf1&\x80\x97\x1e\x81=\xb3w\xea\xf8\xc9\xff\x0b\
\xf3P\x02r\xe8\x83w\xdf:\xe6B@\x1cYx\x0f\
x\xbe\x97>\xe0\xb57\xde\x11\xc0I\xc1|\xf8\xfe\xf1\
c\x03\x0b\x10\xa6\x18\xe7\x80*\x00\xaf\xbcz\xe2\x01\xe6\
\xbd\xe3\xc7\x86\x11PT\xe2\xcb\xa8\xf3EE?\xaf\xbf\
\xad\x98G\x96\xe0\xca\xb5\x7f\xf0\xd3\xdf\x16\x17\xae\x02\x9f\
\x7f{\x17\xdf\xfc\x0a\xfc\xf1\xd7\x9d5\xcc\xec\xea\x0d|\
u\xa5\xc1\x17\x972\x9c\xbb\x5c\xe0\xbbk\xc0\xe5\xdfo\
\xafa~\xbe~\x1b\x17~\x01\xbe\xbc\xb4\xc0\xecO\xe0\
\xfb\xeb\xc4\xfcv\xb3\xbf\x07\x12\x07,\x97\x80A\xc0x\
<B\x12\x1b\xc0c\xe3I\x87\x04\x123\x1a\x0d0\x9f\
\x97\x88:\x9e\x22\xa7\x0bF\xc3!\x22Q\x22\x07\x95p\
\xdb5a]W*\x9b\xf75\x80\xcd\xf8\x13\x06/\xf3\
\x9aA-\xd7\x02i\x9a`\xc9\xef\xd5\xa7\xac$\xb8\x04\
^\xe2\xd6\xcd\x9c\xfe\x84TO\x13\x8a9\x03\x0c\xd3\x18\
\xd3\x09\xe0\xec\x08M\x03\x98\xce\xa4\x16\x95\xc7\xceN\x84\
<\x8b0\x1ci/ j\xd6]\xb96\xb5\x9d\xe9\x14\
\x8b\xe5\x82~\x02\xaa\xd0\xf4+\xe0\x22\xd0q\x06\x9eA\
\x92H9\xe6\xd2\x88\x1d\x92\x06\xf3{%\xe5\x17l@\
S\x03\xa1#SI\x09\x8c\xa8Y\x958|h\x8cD\
\x1b1\xf4*\xc0\x80\x15&\xe3!\xca\xa2\xc4`\x90`\
wg\x02\x87b\x1d\x14<\xc9\x89\x02\xbe\x0d\xd2`8\
XC\xf0;\xc62\xaba\x8cg\x19\x94\x1d\xea\xb2\xee\
W`w\xaa\xf2\xb3\x0c\x09n\xdf\xda\x97\x0c6Y;\
\x8b\xf1\xc8\x82\x0b\x09Zm\xae\xe07\x1c\x13\x13a2\
J\x15W\x959\x0e=\x99\xf6\x13(K\xedXf\x0f\
<\xf3\xf4.\x928\x22(t\x08\x18\xed\x0b\x83 X\
\xfdv\x1dO\xd6\x02\xcbyNb\x1e\x0d\x93\x18\x0fS\
\x12\xedoB=`\x05\x18\x84\xb5\x04\xf1\x08!l8\
\xcf\x8aRU\xaa+\x8f8\xb1H\xba\x93\xd4\xd4\x1cc\
f\xef\xa4\x97\xd2\xb6\xbc\xbe_\x01c\xa4\xa9*\xd9P\
\xc6)k\x1dB\xb3qh:Md\xf6\x19\xc4\x224\
\x01Y\xbe\x8e\x99R~\x1e\x05+\x80t\x00\xc0{\xae\
v\x0b\x02!\xc0\x9a\xa0\xf2\xe6Y\xad\x87M\x07\x93$\
\x82\x03\xf2\xbc`\x89\x80\xa6\xa9\xe0\xac\xe9(\x00\x99\x12\
U\x80\xdb\x18P%\x84m\xee\x01+\xf5\x8f\x15`\x8d\
\x85o\x00g6\x86@\xa9?uXn\xc1\x80'v\
\x12\xcc\xefv\xe4\xf5\x1eE&\xe4\x1a\x12q\xc8db\
\xb6\x19\xc38\xb6$@\xa8\xd7,\xf4\x1a\x8dG\xf1\xc6\
5k\x13\xa0,\xc0r\x95\xc8\xbd\xe5\xe8\xae\xbb\xf2\x0c\
\x1c\xdb6\x89\x1a\x18\xf0\xa3\xac\xfb{@\x81\x9ck2\
\xce\xa5\x144t\x1fU\xa4\xae\xa5Wj6\xe2@\xef\
\x84.,Mch\x033z\xd4rs\xce\xf4\x13\x88\
\xac4\x8d\xd3\x9fc\xe25\x08e\x5c\xc3\x14e\x83\xc8\
@\x09:\xda(}\x98\xe3\x80$\x92\x12\xd6\xd2\xa4\xda\
+\xe3\xd4n\xd7\x03EUS\xd2D\xa7 \xcb\x0d\xa2\
\xe0:*9*P\x22\xd5\xf6\x16\x92\xd8 i\x84@\
\x02b\x86\xc8\x96\x8d^V\xf7\xe6\xf56\xf7\x80^,\
*MU\x1d\xbco\x96\xc0F\x91\xaa\xe5\x83\x06\xc7\xc0\
\xb9N\x22\x16\x15\x952\x86\x09\x10\x98g$\x1cG\xfd\
%\xf0^\xa4s<\x080Q\x95\xae}\xc4\x99\xe2C\
\x90\xec\x14C\xac\x96L\xa8\xafbT\x81\x94\x18\x04\x92\
\x8b\x0d\xcbDEc\xf4\x13`\xc6*\x9d54\xab?\
 \xba\x02\xc1\x00p\xb2\x06x\xddG\xd0\x15eYj\
\xc0\x16\x13\xcb\xcao-\xa7\xe3\x9bs\xd0\xe0T\xa4\x9f\
\x00\x10H\xa2%\xa0\xd9z\xd6XVm\xf4\x94\xd9\xdb\
\xd89\xd9\xd7\xcb%\xf8\x80\xf1(a\x10\x0b\xd9;\xc0\
\xc87az\xb3\xb6\xbeD\x91\xed\x14(\x8bF3\x0a\
Ad\x8cUfF\x12\xecD\x9d[%Hb\xd2\x5c\
D6\x81\xab\x92\x95\x08S\xc1\xc8\xbe\xd1+;&.\
\xa0!\x06\xe8\xbd\x09\xd5\xb4cU\xb2J3G\xede\
\xd5Q\xd8\x95 \xc1\xebX\xa1\xae\x9d\xcc\xb8\xcew.\
X\xef\x0f0\xa2<\x9c\x96\x10:\x8a1\x19\x96\xde\xf7\
\x138\xfd\xe9\xc7\x98]\xfc\xa1\x1d%\xa3\xebsG\x8f\
\x1ed\xb7\x03\xaegO}\xa2\x18MS\xc5\x09\xc4\xbc\
\xa0$\x0f0\xa7?\xfb\x08?\xcef\x0f\x9a;\x10\xf3\
\xfc\xd1^\x02g\xce_\xc9\x80\xe4Y#2\xaa\xd1\xd9\
\xb9K\xfb6\xbb\x7fk\x0f@\xba\xd8\xbf\xf1\xf5\xdeL\
j}\xc4`%\xa1\xbd\x8bw {\x00\x86\x8b\xfd\x9b\
\xe7\xcf\xcdd \x8e\x04\xc0xcmc\xb8\xd2\xb7\x9c\
8\xdb\xf9\xf1#\x06\x1b\xa3\xe6\xc4\x11mB\x9b\xd2\xc6\
\xb4\x01-n\xf7lkf\xad{\xd5\x94VC\xabi\
%mI\x9b\xd3\xee\xb7\xef%c\xfa\xbe\xff\x86\xa1\xe3\
$_\xb1\xac\xf3\xdd\xd9\xeb\xee\xeb\xf9\xaa\xf5\xe5\xb7\x18\
C\x84\x15\x02E'\x83{[\x9b\xe2\xf5\xdc\x82\x96\xad\
\x10\x08\xff}\x15\xf3a\x19|{\x00\xed\xa1J\xb1\xad\
\xfc\xfd%PkZ\xabV\xcc\x87N\xcd\xff\x05\x1e\xec\
\xa3q\x7f<\x9d\xde\x00\x00\x00\x00IEND\xaeB\
`\x82\
\x00\x00\x02\x8f\
\x89\
PNG\x0d\x0a\x1a\x0a\x00\x00\x00\x0dIHDR\x00\
\x00\x00\x16\x00\x00\x00\x16\x08\x06\x00\x00\x00\xc4\xb4l;\
\x00\x00\x00\x04gAMA\x00\x00\xd6\xd8\xd4OX2\
\x00\x00\x00\x19tEXtSoftware\
\x00Adobe ImageRead\
yq\xc9e<\x00\x00\x02!IDAT8\x8d\xed\
\xd2Mk\x13a\x10\xc0\xf1\xff<\xdb\x8b(\xfd\x00\xc5\
\x837?\x80\xa1'=\xe8AO\x82\x17o\xa2\x9e\x04\
\x11\xf1K\x88\x1e\xf4\xd0V)\x06m\xb5b\xda\xd4P\
j\x85\xd8P\xb5\x0a\xe2\xa51&\x0a\xe2K#\xb4\xd4\
\xd2\xa4\x89m-\x89yk2\x1e\xb2\xb1\x9bl6\x90\
\x837\x07\x96y\xe0\xd9\xfd13;\xa2\xaa\xfc\x8b\x90\
\xffp\xd7\xb0\x88\x1c\x07.\x02w\x80\xe7\x80j\x87\x8f\
\xbb\x81\xa7\xcf]9pj\xea\xc1\x12\xb9_\x9c\x04\xe6\
\x80\x8a\x17\xde\x0d\xac\x03\xc1~^F\xa2D\xc6\x95J\
\x99#\xc0\x82\x17\xde\x04\x8b\xc80\xf5v\xdb\xc6\xed\xc9\
~\x92+Q\xbe\xbc\x83\xd73J\xb1\xc0Y`\xb2\x1d\
\xde\x0a\xab\xff\xf1\x09~\x17\x7f\x22\x16\x08 \x02\xc6\x80\
\x18\x8bby\x93\xcd\xedE\x8c\x08\xc9\xcf\xca\xf4\x88R\
\xc8s\x18\x88\xb6\xe2.x\xf0\xa1\x8f\xd5L\xcc\x01\x82\
\x91z\x96F6P\xad\xc0\xfb\xb70\x1bTj5\xce\
\x00!'\xee\x82o=\xf2\xb1\xb6n\xc3V\x1d\xc5\x81\
\x1bcwb\xc0\x18a\xf1\x93\x12\x1aQ\xb6\xb78\x0d\
<m\xe0.x8P\x87\x8d\xd9\xadXZ\xd0\xbfw\
\x02\x08,\xbc\x81\x99\x80R*\xb2\x1fH\xab\xea\x8e{\
\xc6\x01\x1f\xa9\x8c\x07,\xcd\xa8\x18\xc8\xe7!\xbd\x0a\xfe\
\x9bJ\xa9\xc4A`YUK.\xf8\xde\xb8\x8ft6\
\x86\x18\xb0\x1c3\x15\x07\xda\x18K.\x07\x99\x14\xccG\
\x94D\x94'\xc0e \xab\xaaE\x17<:\xe1c=\
\x1b\xdb\x05\xac\xe6J\xb1\xcf\xb9\x1c\xa4\xd7\xe0EX\xf9\
\x18g\x16\xb8\x06|\x03\xb6T\xb5\xec\x82\xc7\x82\x87\xc8\
\xd8\xb08*l\xfcHq\xa0sa\xf8\x10'\x02\x5c\
\x05V\x80\x0d\xa0\xa0\xaaU\x17|c\x10\x96\x97\x9aW\
\xcc\x18\xe8\xeb\x83\xde\xde\xfaLS)\x884\xa3?\x1c\
\xe8N\xbbu\xf3\x03\x17\xf0\x88\xbb\xf7\xe1{\x12\x22\xcf\
 \xd1\x01m\x07\xf7\x00{\x80}v\xeeq\xb8_G\
\xc7`h\x00\x12q\xc2\xc0u/\xb4\x1d,\x80e\x83\
\x16`\x1c\xef\x0e\x1d=\xc6\xf9W\xf3\x84lt\xc3\x0b\
u\xc1\x9dBD\xf6\x02\x97\x80\x09\xa0h?m\xd1n\
a\xe3\xe8\xa4\x06T\xbdP\x80?m\xcaV\xe4m\xd4\
\x88\xab\x00\x00\x00\x00IEND\xaeB`\x82\
\x00\x00\x07r\
\x89\
PNG\x0d\x0a\x1a\x0a\x00\x00\x00\x0dIHDR\x00\
\x00\x00 \x00\x00\x00 \x08\x06\x00\x00\x00szz\xf4\
\x00\x00\x079IDATx^\xa5\x97kl\x14\xd7\
\x19\x86\x9f33{\xf1\xda\xbb^\xdb\xf1\x05\x1a\xb0!\
\xb8\x01C\x02\x85\xa6Q)\x14+\xa2I\x14\x89_m\
AU\xc9E(B\x02\xa7(M\xaa\xfe\xeaE\xe2G\
\xfe\x94DQJ\x93\x8a\xaaEM\xa3F\x8aZ\x95H\
\x16ihC!\xad\x02\x82\x16b.66\xc6W\xf0\
\x8d\xb5\xbd\x17\xef\xee\xec\xce\xe5t8Ze\xd5\xf5b\
\x0b\xfaJ\xaf\xceh\xce\x1c}\xcf\xf9\xbeo\xce\xce\x0a\
)%\xe5$\x84\xd8\x0e\xacgquI)\xff\xce}\
J\x01\x94\x04^\xabiZ\xd4\x03\xfb\x9e\xe38\x1d,\
\x22\xef\xd9?\x00\x9d\x05\x90^\xeeQZ\xe9\xae\x0f<\
\xbd\xe9\xa7\xaf\xef\xdb\xf9\xf3'6\xaey\xf2\xe2\xc5\x8b\
\x0c\x0e\x0d14\xe8y\xa8\xe0\xc1A5z\xf7\xf1\xe6\
\xd9\xfd\xe4\xe6g>xu\xe7kk\x9b\xc2\xcfy\xf0\
\x11\xeeQF\x09\xc0\x86\xf6hvWUe\x8e\xab!\
IOO\x0f\xe1p\x98\xbb)\x95JaL\x0d\xd49\
\xdd\x03uK\xb4t\xcdU\xa8\x06\x92\xff\x0f\x80\xb89\
\xd8G\xc5H\x1f\xb3\xb7\x5c\xfeq\xf2$\x193\x8bc\
\xd9H\xc04Mr\xb9\x1c\xf9|\x1e\xdb\xb6\xa9\xad\xad\
\xa5\x22>E\xa2B\xc3v\xb9/\x19%\xf5\x14Hp\
\x81\xc6\xa0\xe0\xc2\xbf\xfe\x86\x99\x99C\xc3E\x02\x02\x88\
\xe8.\xba&\xf0\x09\x81q[\xb2,b p\xc1\xa8\
\x08<\xf5\xc2\xcf\xbe\xfe\xd2/\xbb\x1e\x026\x00Q\xa0\
\x19hA\x89\xcf\x81w\x0e\xff`}_Y\x80#G\
\x8e\x08]\xd75\xa99\x0a`\xd5\xaa\x15\xf82:\x92\
\x10RJ\xcf \x04\xd4\x87\x83\x04\x0c\x9d\x80Oc<\
+\xb8>1\xc9\xbf'\xc7\x08n\xda\xb9g\xeb\xb6m\
{*\xc2!\x96\xd6\x06\x08\x05t\xaa+u\xea\xc2~\
\xa2U~zF\x92\xed\xc7>\x9b\x0a\x00\xfbK\x00\xe6\
w\xa5\x10x\x8b\x03\xac\x89V\x92\xb5\x1c,\xdb\xc5\x95\
\x12M\x08\xfc\x86F\xd0\xa7\x93u\x04\x89h\x0bo\xbc\
\xf9>\x8dK\x1f\x04P\xa0\x85Q\xd9+\x93*Wu\
\xb5\x9f\xc6\xda\x06F&\xe7\xf6\xbd\xf4\xd6\xe7\x1c>\xb0\
a\xff]\x01\xd0Ah\xa0\xeb\x02\xd7\xb3\xe1\x0a$\x02\
W\x0a4\xa1\xee+\xdfJ9|\xf5\xe9\xcdD\xeb\xea\
Uo\x94\x91\xea\x97d2I0\x18T\xcd\xfc\xfd\xed\
\xcd\xd8\xf6\x8d\x22D\x11\x00\xf6\xee\xdd+;::\x5c\
C\x08|\x1a\xf8u\x0d\xc3\xd0\xd1\x10\xd8\xba\x8b+Q\
\x00\x86\xa6\x1104\xf5\x8c\x99\xcd\xaa >\x9f\x8fr\
\xb2,\x8bD\x22AMM\x8d\x02\x08\x04\x02\xecj\xff\
\x12\xee\xa9\x9b\xfb:\xde\xbcp\xfeW/o<jP\
\x14\xae\xebJ\xa1\xeb\x18\x06\xaa\xc6\x04\xee\x5ck\xcc\xe5\
l\xe2\xe9\x1c\xd9\xbc\x8d\xe5HB~\x9d\xd9,\xd4\x9a\
&\x0b\xc9q\x1c2\x99\x8c*\x03\xc5FgcK\x80\
K\x03\xd9\xe7\x81\xa3\x1aE!=\xe9\x1a\x18:\xf8}\
\x02[J\x06b)\xae&\x0d\x8cU[x\xb0\xfdY\
\xbe\xbc\xe3e\xea\xb7<K\xcd\xc3[\xb9\xd6?\xc2\xe9\
\xd3\xa7\x89\xc5b\xaa\xe6\xa7N\x9d\xe2\xf0\xe1\xc3j,\
\x9e\xb0p\xfc\xf8q\x0e\x1d:\xc4\xc1\x83\x07\xe9\xec\xec\
\xa4\xff\xc6 \xb6\x9d\xd7\x84\xa7\xf9\x00\xba\x02`h6\
\xcb\xb9I\x87\xd6\x1d\x1dl\xfb\xe1Q*\xb7\xbe\xc2\xf8\
\x03;\xb8\xec<\xc6e\xf9\x04\x99\xe5{hy|?\
\x96\xa8\xe3\xd8\x87\x9d\xeaT\x1c\x1e\x9d\xe4\x9bO\xed\xe5\
\xca\x95+\x0a@\xd7uB\xa1\x10\x95\x95\x95\xea:\x12\
\x89`\x18\x06\xaejR\xf7.o\x81\x10Lf%\xf1\
\xa5\xad|\xe7\xc0/H\xe9\xf5$R9\x84n\x81&\
H\xe7\x5cbq\x93T*Ow\xde\xe5rU\x80\x8d\
\xad[\xb8\xd2\xdb\xc7X\xb6\x8d\x99\xb3\x13\x18*\x80\xfc\
\x22hKK\x8b:\xb4\x84\x10TUU1\x91\x04o\
N\x96\x05\x10\x1a\x0c\xa7$\xbb^\xfc1\xe1%\xcb\x18\
\xe9|\x97\xa9\xfe\xcb\x18\x81\x0aZ[6\xb0|\xd5\xa3\
\xf4N\x84\xb91\x9c\x226c2:\x95a\xcc\xb3!\
\x1a\x99\x8a%h\x7f,HC\x11@\xed\xde\xdb5u\
uu\x00\x0a*\xe5\xa4\xbd\xd1\x96w4?\x03\x1a\xb4\
D\x05\x9f\xbc\xfb\x06\x12\x8d\x8a\xc4 \x0d\x91 \x8e\xeb\
r\xb3\xe7$1\xb7\x8au\xdfz\x9eh\xdb7\xb8\xd8\
\x13g\xcc\xce\x90J\xe6I\xa7-\xcf6\x08@\x16\xcf\
\x04\xef\x0dQ\x00\x85\xa3^\x81\xf9\x8c<B\x97w\xcf\
\xc0\xb2\x88 o\x0f\xe0\xaf\x8cP\xb7\xb2\x96\x82X\xd1\
PE<c\xd1\x7f\xeam\x92\xf5\xff\xe1\xa1\x87_ \
\x99\xf6aY\x0e\xb6\xe3*\x1b>\x0di\xaa\x0cP\x22\
\x05\xa5Lq\xae\x5c\x06\x94\x1b\x22>|\xa1\x00\xa5\xaa\
\xad\xf4\xf1@\xd8\xcf\xd9+gY\xff\xc8nBA\x83\
\xacg\xdb\x96\x9e]\x0c]\x03P\x8d&(\x0a\x09\x08\
\x89,f\x87\xbbf@Y\xa8q\x9e\xce\x0f\xcc08\
k\xb1\xa3\xe3-zf\xa3\xe8\x81\x14\xc1\xa0\xae\x82\xdb\
\x96\x81\xcf\xd0P\xbbt]$%\x92\x14\xe6\x16\x01\xd0\
4\x81Pf\x9e\xfa\xa7R\xbc\xfa^\x17\xfd\xb7\xd2\x88\
j\x93\xe6\xfa\x0a\xb2\xa6C\xce\xb41\xbdq\xd3\xea\x1a\
\xce\x9c(_\x02`\xf1\x12\x08\xf1\xbfY(UkS\
\x98\xd7w\xafg(a\xa37\xacf\xcd\xba\xaf\xa8\xce\
.\x883#\xd0\xd6\xd6\xb60\x80\x5c\xac\x07\x16(\xc1\
\xe3\xad\xb5|me\x84O{'\xf1?\xb2\x8e\x1d\xbb\
^T]^\xa2E\x00X0\x03\xca\x9a\x00AQ\xae\
e\x92OMc\xcd\xcd`g\xe2\xe4f$\x86\x95)\
\xd9\xd1\xe2R`\x0b7\xa1P\x96\xd2\xc11\x93\xe4\xe7\
\xbc\xa0\xa9i\x05\xa0@$\xc4s08+Y:\xe7\
\xde\x17\x80D\x02b\xe1\x0cd\xc6\xba\x01\x8aAM\xc9\
hBr-\xe62\x96\x92\xe6`\xbe.\xf1\xed\xaa\x15\
\x8d\xf7\x0a\xe08\x8e2\x18\x0b\xbf\x86\x96\x033YI\
\xff\x8c\xe7i\x97\x899iN\xa5e\xfflV\xf6\x0f\
\xc7e\xcf\xba-\xed\xeb\xab\x9bZ\x9f)\x02,\x1ex\
zz\x9a\xd1\xd1Q&\xd2A`Y\xbc,\xc0\xe4\x9c\
\xe4\xe2\xb8\x8b\x17\x84\x9bI\x19\xbf='\xfb\xc6\xe7d\
\xcf\xed\xb4\x9c\x00\xc6\x0a\x1eoX\xde\xd6\xa4\x1b~\x16\
\x03H\xa7\xd3\xea\x7fDWW\x177\x06G\xd1\xaaW\
\x12i\xde\x0c\x1a\xef\x94\x03\x18\xfdt\xd8\xb9\xd1=%\
\xc7\xc7S\xb2\xcb\x83\x19\x02&\x81q \x0d\xf8\x00\x1d\
\x08Zy\xd3p\x1d\xa7\x1c\x80\xfa\x00\x99\x98\x98P?\
\xcb\xdd\xdd\xdd\xc4\xd2:\x81\x86\xb5T\xad\xde\x86\xe6\x0f\
\xfd\xde\xd2\x8c\xb7\xbd\xaf\xe3s\xe5\x00\xba\xfe\xd8\xe5\xfc\
\x04\x88\x01\x03\x80\x09\x84\x81J \xc0<I\x0a\x00*\
\xc5333\x5c\xbf~\x9dK\x97.1:>M\xde\
\xd7DE\xc3f\xfcu\x91\xb3\xaet\xde\x1b\xbev\xee\
O\x7f\xfd\xdd\x8fn{\xc0n\xd9\xb7\xc0\x9b\xe8\x15B\
\x5c\x074 P\x08\x9c\x07t@\x02NaN\xf7\xf9\
\x83\xb6D03;\xcb\xc4\xf8\xb8\x0a:04J\xca\
\xaeB\xafnA4=:f\xa5\x13\x1f\x0e\x9c\xfb\xe8\
\x83K\xa7\xdf\xef\x03\xe6\x00\x93\x12\x19\xcc\x97,\x06#\
\x07\x08\xc0)\x80\x18_\x00\x04B\xb1\x91[S\x5c\xfd\
\xec/Lg\x03\xf8\xa3\xcd\x18\x8d\xdb\x11f\xf6\xd8\xd4\
\xad\xdec\xff\xfc\xf3+g\x00\x0b\xc8\x01Y\xc0\x06\x5c\
@.\x08 =\x09!\xdc\xc2\x02\x0a\x8b\xac\x02\xac^\
\x00\xd0\xce\x7f\xf4\xeb\xdfD\x9f{mI\xa0\xf9\xbb\xbb\
+s\x99\x13\x99\xe4\xf4\x89\x0b\x1f\xff\xf6\xe3\x81\xaeO\
\xe2\x855N\xc1V\xd1\xb8\xb2\xa4a\xfe\x0b\xaa\xd3\xe9\
\xafp50#\x00\x00\x00\x00IEND\xaeB`\
\x82\
\x00\x00\x05\x00\
\x89\
PNG\x0d\x0a\x1a\x0a\x00\x00\x00\x0dIHDR\x00\
\x00\x00 \x00\x00\x00 \x08\x06\x00\x00\x00szz\xf4\
\x00\x00\x04\xc7IDATx^\xc5\x96\xcb\x8b\x5cU\
\x17\xc5\x7f\xfb\xdcW\xbd\x1f\xe9\xee$m\xd44A\x92\
\xf8@\x14?\x08\x8aI\x84 \x0e\x1c\x88 8Q\x04\
\xff\x14\xff\x07Ap\x22(\x0a:w\x94\x81\x10\x89$\
\xe6\x0b\xdf\xa7D\xa31\x98t\x1e\x1d;\xfd\xa8\xaa\xd4\
\xfb\xdes\x8eUl\xe8\x0a\x15\xca\xca$\xed\x82\xc5\xa9\
\xda\xb7\xb8k\xed\xb5w]\xaex\xef\xf97\x11\x02\x88\
\xc8A`\x85\xdd\xc55\xef\xfd\xf5\x10\xc5Ak\xedw\
\xec\x02D\x04\x00c\xccI`\xc7\x80\xb0K\xd0\x91O\
4\xc3\xe9\x0b\xfb\xde?Kjyd\xd8\xfa\xf2\x95\xe9\
\x1dx\x10\xad\xdaq\x1e\x05*\x8d3La*\x81\xdd\
\x19\xc1\xbc\x04\x14F \x0cP\x97\x062\x07\xa9\x85\x87\
\xf7\x09\x02  (\x8d0/\x01\x15\xce\xc7\xb0\xbf\x0c\
\x8f\xd5\xc0y\xd8S\x84\xed\x0e\xfc\xb9\x09\xcd\xde\xc4\x84\
\xc8\x83\x22\x22\xb3\xaf\x15z\xf3\x13`o\x19\x9e]\x81\
\x93\x87\xe1\xe9e\x15)\xc5\xb0\xdd\x85\xd3\x97\xe1\xf9\x03\
P\x8c\xe1n\x1b\xfew\x03Z\xfd\xb1)=;#:\
@f\x18\x88\x93\xf9\x09pd\x1f\x9cz\x09\x9e;\x00\
\xd5<d\x16\xfa\xe9\x88\x19\xfc\xe7 \xbc\xf0\x04\xf4\x86\
\xb0P\x82\xe5*\x13\x03#6\xbap\xee\xda\x8c$\x80\
 Q\x9d\xb9K\xd8\xcf\xb4\xab\xce\x10\x9a]\xb8\xbe\x09\
\xbf\xad\xc3\xedm\xf8\xe2\x1cX7\xabK5=\xcb\x80\
\x8fg&0A{\x00g\xaf\xc2O7\x01\x814\xd3\
\x8e\xbb\xa9\x0a\x97\x12`\xc6\xbc\x03\x81$\x82\xc0@\x12\
\xc2\xd0\xea\xf2Z\xab\xbb\x94=L\x02q\xa8\xdb\xde\xe8\
\xa9\x00\x1e\x04\x9d\xbb\x11\xadM\x96P\x19\x1a5V\x88\
a_e\xfcYG\xb4\xd1\x86\xad\x8e\x8e\xa63\x80\xc6\
\xe6\xdc\x04\xf4&I~\xbaK\xfd'\xe4#0\x82\xa6\
a\xc1\x18\xc8\x85#\xc6\xba;\xb5<\x14\x135\x1b\x87\
\xd0K5\xd1\xed\x0e\xdcn\xc0O\x7f\xcdM@7\xbe\
\xf0\xa0\x01^|R\x05D\xe0^\x1f\x86\x99\x9a\xa9\x17\
\xd4\xe9RIG\x90y5\x14\x07j\x22\x17\xa9\xa1$\
\x82\x1b\x85\x87I \x81\xea\x8e\x81\x8c \xb8\x0d~\x89\
\xf5V\x9eFGo\x94\xd79\x8fE\xf4\x01\xe5\xe0N\
S\x97\xd7:X\xaej\x12\xceA\xab\xaf\x86\x07\x19D\
\xc1\xdc\x044\xc2z\xe1.\x85\xcag\x94\xf6\xfc\x9fb\
\xa1Ejkd\xbd\x1a\xdd\xe61\xfa\x9d\xd7\xc8\xec\x01\
D&;\xa1f\xc1\xa1\x18nB\x10\x00\x1e]>\x07\
xMdn\x02\xa5\xca\xc7\x84\xe5[\xb4\x87mj\xf1\
\x11$\xdbf\xf5\xfa%\xc2\xa4\xc0\xd2\xe2\x8f\x14\x17>\
%\xf4G\x19\xb4^\xc6\x0e\xdeF\xa8\x00w!\xfe\x1e\
\x93\xfcN\xe0\x16q\xbdw\x11)\xe9\x82\x0a\xc4\x80\xe8\
~\xcdO`c\xfb\x02\xbd;\x01\xa5r\x0eI\xff\xe0\
\xfc\x0fW\x918\xc2\x0e\x1bx\xb3\xc8\xa0=\xa4Rk\
\x12\xc7g)U?\xc1H\x8cw\x9e\xb6s,-\x94\
if\x0dr\xf29A\xef9\xa4\xf3\x12\xb1}\x07#\
e\x04h&\xf3\x13 \xb3\x0e\xef\x03\x96\x97K\x5c<\
s\x89\xad\xd5&\x00b\x84\xd6\xda=*\xfbK\xac_\
\xde\xa0\xb4\xb7H\xae\x9a#.F\xc8\x10\x16\xf6\xd4\xe9\
5\xdbD>\xa2\x9bZ:\xee\xbf\x14\x8b\x17(D_\
Q\xb0G\x91\xce\x09BS\x9e\x9f\xc0\x0f\x9d\x8fHG\
\xce\xb9\xe8\xf1!p\x88\x07Q\x02\xba\xca\x1d\xac\x02\xc2\
\x0e\xaa\xa1\xf0d>\xe4\x97\x96\xc5\x89\xe3\x83\xa7\x12\xea\
|\x03\xbc\xfa\xcf\x09\xdc\xec\x86\xb4\x9a!2y\xd6\x22\
\x22\x00;5\xc1k\xdd\x83\x17\x88\xc3\x80\xd0\x08\xb9\x11\
WrB\x02\xa4\x08W\x06\xf0X\x15N\xec\x0fy\xa6\
\xda'\x5c\xbf<?\x81\xd2b\x1e\xf3x\x19Pa\xa3\
\x22*,\xe0\x9c\x83\x11M\x14\x11\x188\x9c\x08\xd6\x09\
q\xe0\x89\x106R01\x9c\xaa\xc3\xf1\xda\x80}\xe6\
\x0c\xcb\xf6[\x02\xdb\xe4g{w\xfe\x0e\xe4\xca\x09\xa6\
^\xc0;\x07\x1e\x10\x8f\xc7S\x0d`\x7f ,\x84\x86\
{\x04d@\xdex\x1c\xd0\xf5\xf0\xde\xa2g1X\xa3\
@\x8b\x05s\x87E{\x9e\xe2\xf0\x22\xf8\x0cqc\xa6\
Hzo~\x02\xb5|D\xad\x12Q0\x1a\xbf\xa0\xec\
8H\xbd\xa7\x92\xf3\xbcU\xf6\xacD[\x94\xed\xaf\x04\
\xbeCH\x1f3\x5c\xa568G\xe8\xda\xe0\xd3\xb1(\
\x8c(j`\x5c\xc3\x0c\xdbc\x1dDdv\x02\xf9P\
h\x1b(F\x9eC\x11<\x93\x1fw\xd6c\x8fiP\
\xf1\x1b\x14\xdd\x15\xea\xfd\xd3\x04\xbdMp)\xe2'B\
\x13\xd1tJ\x5c\x130\xd9`\xd2\xec\xac\x04>\xaco\
QX\xff\x9a\xc8m\x92\xb7\xb7H\xd2_\x10\xd7\xc1;\
K\xd3+\xd7FdD\x15\x1f\x9f\x16vjV\xc5\xb1\
\x88\xd3\x1a\xfa;\x0cv\xfe+\xd9\x9b\xc7^g7\x11\
N\x02\xf0\xec2\xfc\xfd\x06n\xd5\xeb\xf57\xf4;\xc1\
\xd4\xa95e8\xa3\x96\x01VI6\xe6\x8c\x9a\x9d\x9c\
\xac\xc9\x18\xf7w>.\x00f\xc2\x89\xc8\x8c3@\xe1\
TH9-6}\xfd\xfe\xb8\xff\x06t(b\xac\x1c\
\xc6\xac%\x00\x00\x00\x00IEND\xaeB`\x82\
\x00\x00\x04I\
\x89\
PNG\x0d\x0a\x1a\x0a\x00\x00\x00\x0dIHDR\x00\
\x00\x00 \x00\x00\x00 \x08\x06\x00\x00\x00szz\xf4\
\x00\x00\x00\x04sBIT\x08\x08\x08\x08|\x08d\x88\
\x00\x00\x00\x09pHYs\x00\x00\x03v\x00\x00\x03v\
\x01}\xd5\x82\xcc\x00\x00\x00\x19tEXtSof\
tware\x00www.inksca\
pe.org\x9b\xee<\x1a\x00\x00\x03\xc6ID\
ATX\xc3\xc5VKOZA\x14>\xf7rAP\
\xc1X\x89\xa6&>\x1a7]h\xbb\xb0?\xa0\xed\xca\
(\xf6\xd7TD\xf7.\x8c\xfd\x1f\xba/\xa8\x1bS!\
\xac\x8cn\x8c1\xa6\xdd5\xa6M\xea\xa3*\x01\xe1\xf2\
\xb8\xfd\xce\xc0\xd0qD\xb8\xa0M'\x8e\xe7\xcc\x99a\
\xcew\x9es-\xc7q\xe8\x7f\x0eK]\x18\x861\x06\
2\xfe\x88\xfb\xd8\x9aC\x18u\xd5\x11\x00\x8c1\xfcx\
\xb7S\xed\xa5R\x89vwwO`\xc8{\xdc\xf3\xb3\
\x13\x00\x06\xff+\x16\x8b\xd2#u\xaa\xf2<*\x95\x0a\
\x95\xcbe1\x99\xe7\x99\xcb\xe5h||\xfc\xe5\xde\xde\
\xde\x89\xdf\xef\x7f\x93\xcf\xe7\xbf\xb5\x0b\xc0\xbd\xaf\x91;\
2\x7ft~pp0\x94J\xa5\x0e|>\xdf;\xdb\
\xb6\x0f\x1e\x05@Z\xdc\x0c\x88:nooidd\
\x84\xd9`:\x9dN\x06\x83\xc1\xb9L&\x93|r\x0f\
<\x04\xe6\xfa\xfa\x9a\xba\xba\xbahhh\x88E=;\
;;\x09x\xe2-<\xb1\xdf\x11\x00\xbe\xb4\x99\x17\xf4\
\xbdl6+\xa8\x0a\x02\x9e\xf8\x82\x9c\x98FN|}\
2\x0f\xe8\x89)'\x94\xd4\xcf( z\x93\xc9\xe4>\
\xf6_\xc2\xa0\x1f-\x014\xb2Z\x97\xa9J\xe5\xf4z\
\xbd4<<L\xeb\xeb\xeb\xa2$y\xcd \x02\x81\x00\
\x85B\xa1\xe0\xc6\xc6F\x1a\xe7\xa6q\xd7\xef\x8e= \
\x814\x9a\x885MLL\xd0\xe8\xe8\xa8(O\x06\xc1\
\xe5Y(\x14\xe8\xfc\xfc\x9c\xc2\xe1\xf0\x0b\x5c1\x85\x99\
r\x05@\xb7\xfa\x22\x1e\xa7\xec\xe1!\x8d--\x11\x99\
&\xfe\xcc\xbfU\x00E\xa7kk\x14\x98\x9c\xa4\xbe\x99\
\x99{\x15\xc2\xa1`O\xc8^\xd3V\x08x}\x99H\
\xd0\xf7\x95\x15\xb2 \xf6b=\xbc\xbcL\xa6\xc7SU\
\x02\xe5g\x9f\xd6(\xbf\x95\xa0\xcc\xd6\xa6\xf8M\xff\xec\
l\x1d\x00\xdfeY\x16!\x11\xddW\x81\x04!)[\
\xee\x01\xef3\xc1o\xc6\xe9\x1c@\xc2K\x00\x81\xb3\x97\
k\xabdoob\xcf$\x03`\xec\xe3c2#\x11\
W\xfd\xc4u\x12\x8e,.\x92\x05y\x0e\xca}\xd8\xb2\
\xb7\xe2tcV\xfdY\x81\xf2.\x003*\x0e\x05#\
\xf3\x14\x8e.\x92\xa3%l\xdb\x8dHu\x9f\x00\x04\xeb\
\x9e\xc7btYS\xee5L\xaa\xc0\xe5\xd0+\x00A\
=u\xcfG\xa8/\xba$\x94\xab\xf1o\x1b\xc0\x83?\
\x06\x88g\x8b1\xca\xc0r\x07\xca}\x00\xe1\xc1v\x19\
[>\xc4\xbc;\xba,\xce\x18\x9a\xeb\x9b}s4\x06\
\xa0<\x8dz.H9\xb3\xa8\x01\xf2Ca\x1e\xae\xaf\
\xc8\xb3-\xde\x0aw!\x90/\x9bn\x09j\xfb\x0a\x09\
W\xdaL \xe6U\xcbo\xcbx\x96q\xb0\x08\x99\x0d\
\x1a\x8aVK\xd4\xed\xc3\xd62\x04\xf5\x81\xec\xfe\xb5\xba\
J\x85m(\xc7=E\xc7\x10ng\xcbm(/2\
\x88\xf8g\xb2\x81\x86\xabC\x07\xf1\x90'\x5c\x038\x85\
\xf2\x5c\x22.\xca\x90\xaf\x0e@\xb9\xffcL\xec\x09\xe5\
\xd8c\x9a\x05- \x10\xdc'\xdc\x8c\xa69@\x0a\x10\
\xeep7hF&d\xc1\xd9\x08\x85\x16b\xf5R\xeb\
\x05oW\xaa\xcaKX\xfb\xa7\xa6\xc8\xed\xc7ns\x0f\
\xb0\x82\x1a\xcf\x9d\x8dG\xfe\xe8\x88\x06\x16\xa2B\xb9\x8c\
(\xf3\xfd\xa8\xfd<\x8e\x06^\xbf\xa2\xfe\xb9\x88\xeb\xb7\
\xa5u\x08t\x10ssU\x0f\xd5>\xc3\xea\x95\xc1}\
\x82\xdf\x08\x17\x99\xdfY\x12\xb69\x1a=\xe7\x8f\x06\xc0\
R\x83\xf7\xb8$e\x9f\xd0\xfaE\xbbF\xb8\x06\xe0\xe8\
\xefh\x0dH\x9dR\xeb\xcf\xb7'\x0b\xc1=\xeb\x15p\
\x8e\x02\xe8i\x00p\xb2\xc9\x8cWy\xcd\x1bw\xe4\x8f\
HBqGx`\x80\xfe\xe1\xb0\x10&|Z8\xe5\
:\x00\x08\x98z1\xcf\xc0\x7f\xa8\xc9=5*yu\
\xad\xcb\xb8\xff\x94k\xb3\xa4L]\xc6\xfc\x05f\x0f\xf4\
\x14\xb8\x8b[5\x97\x8b\x03\x10\x1e\x83\x9e\x10\x89nk\
jJ\x1aQ\x8f|)\x14eeE\x99\xa4w\xf6\x1d\
%\xc6\x7f\x00\xd2\xee\x09w\x99a\xc6^\x00\x00\x00\x00\
IEND\xaeB`\x82\
\x00\x00\x07\xc5\
\x89\
PNG\x0d\x0a\x1a\x0a\x00\x00\x00\x0dIHDR\x00\
\x00\x00 \x00\x00\x00 \x08\x06\x00\x00\x00szz\xf4\
\x00\x00\x07\x8cIDATx^\xc5\x96k\x8c]U\
\x19\x86\x9f\xb5\xf6\xf5\x9c}\xce\xcc\xd0\x19Jo\x94\xca\
4%\x22\xad\xa1M\x0b\xa41\xc4\x18\x85D\x02\x09\xa2\
\x22\xfa\xc3\xc4D%\xf1\x07`b\xaa\x06\xa8\x01\xb5\xa8\
\xc1F\xb1\x9a\x18~I\x00M\x1b\x8d\x96\x90\x10\x02\xfc\
\xc0\x1f\x88\x1a$\x14\xecm\xda\xce\x9d\x9ei\xa7=\x9d\
9\x97}Y\xcb~+g''2'1&\xc6}\
\xf2\xe5\xdb\xeb\xb2\xf3\xbd\xe7}\xdf\xf5\xed\xad\xac\xb5\xfc\
?/\xbf\x1c|\xfc\x0b\xdf\xdb\x03\xdc\xc3\xff\xee:\xf8\
\xeas\x8f\xee\x1b\x08@\x8a\xffj\xef\xbd;\x86\x87\x87\
\xc9\xb2\x0c\xad5\x9e\xe7a\x8cA)\x850U\xde\xcb\
Zy/{\xc30\x94\xb9r,\xd9\xad\xe7yN\x1c\
\xc74\x9bM\xbe\xf6\xe8s\x00\x1f\x00\xa0\xfb\x073\xd3\
\xd3\x9c8q\x82\xd3\xa7O\xd3h4\x98\x9f\x9f\xe7\xcc\
\x993LNN\x96\x99\x93'O277\xe7\xf6M\
MM\xb1\xb8\xb8\xc8\xec\xcc\x0c\xef\xbf\xff>\x13\x13\x13\
\xb2\xc7\xad\xcd\xce\xce2==-!\xf3\x83%8\xf4\
\xa6Z\x0d\x8cm\xde\xb2\xa7^\xa9e\xd4\x87jX\x03\
Q\xe8\xb3\xb0p\x0e\xadC\xc7\x82V\x1a\x83!\x8a\x22\
\x00\xea\xf5\xba\xfbg\xd5jU\xd6]hO\x13\xf8\x01\
A\x10\x00 lv\xbb]\xb7w\xd0\xa5\xff\xfe\xe6\xee\
\xaf\xbc\xf6\xf2\x1d\xbf8\xf5\xcf\x89k\xf7>\xf9'\xbe\
\xbd\xef\x10\xfb\x9f~\x89\xdf\x1e~\x95\xa9F\x83 *\
\xa8\xd5#\x92Z\x95Z\xadFQ\x14\x22\x87\xd0\xec\xc6\
\xadV[\xe6\x5c\xa1<\xcb\x01\x9c$\x00\x0e\x94\xd6,\
//\x0ff`\xe9\xd2\xf0\xcev\xbbzM\xbbeT\
\x1c\x16,-.\xd1XX\xe2\xadw\xce\xa0\xd4\xdbl\
\xff\xe85\xec\xd8\xba\x8e[w\xed\xa0\xd36\xf2\xefD\
[).z_\xceNc)&z\xbb\x82\xedv[\
\x98\x91u\xd9+s\x83\x19\x88\xa2\xce\xbbW\xad\x99\xfd\
\xfd\x0d\xdb\xd74\x1e~\xe8v\x1ey\xe8\x0e\xbe|\xef\
.>v\xcbuT+\xf1e s\xfc\xfa\x997\xf8\
\xc7\xd1\x09<\xcf:\x09\xd2,\x13\x83\x96\xc5\x1c\xa8\x12\
P\xab\xdd\x92\xb5\xd2\xb4\xb2&\xf3\x83\x01\xdc\xb4\xfb\x95\
\x03\xdbw\xbe\xfe\xc4\xf4\xf4\xaaymF\x18\x1b\x1ac\
\xf7\x8d\xdb\xb8\xff\x8b\x9f\xe0\xa1\xaf\xdfFR\x8dQ\xda\
\xe3\xe0\xe1\xb7H\xed\x12\x9e\x0fW\x8c\x8c8\xfd\x8b\x22\
E{\x06(D\x12G}RM\xcaS\x02 \xf2\x08\
\xe8\xc1\x00\x80\xb9\xcf\xec\xb4g[-]`5q\x94\
\x90\xa5\x90v}\xc67\xac\xe3\xc9\xbdw\xb3a\xed\x08\
\xa7\xa7\x1a\xfc\xf0\xe7/\x91\x99e\xfc@\x11\x84\x9ad\
(\xe0\xc9\xa7\x0f\xe3\x87\x10\xc7\x11\x81\xef\xb3\xb4\xb4\xe4\
\xc0$I\xc2\xd0\xd0\x10I-\x119\x06\x03\xb8\x5c\xdc\
\x96\x83\xf2\x8c\x0b}Z{(Bj\xf1(\x8f}\xeb\
\x1e\x07bj\xf6\x02\x8f\xed?L;=O\x9c\xe4<\
q\xe0E\xde=:\xc7\xd4|\x03\xa5\xc1X+R\x88\
\x04\x22\x8d\x93\xa1\xc8\x0b\xd24\x1d\x0c\xa0\x7f\xa0@\xdc\
\x5c\x1a\xcd\xe5v+\xa5\x1a\xd6y\xf8\xc1O\xb3~\xcd\
0\x933\x8b\xfc\xe0\xa9\x97\xf9\xf1/_\xe1\xc8\xd1Y\
'\xcf\xb1S\xf3heE\x02\xa7wI}\x96\xa6\xf8\
\xbeO\xa5R\x19|\x0a\xe8\x07\xa0\xb5\xa3\xae(\x9c\xa6\
\x92\xc5\x5c\x0eL5\x1c\xe6\xfb{>\xc7w\xf7\xfd\x8e\
\xc9\xe9s\xa0\x14X\x00x\xef\xf8Y\xee\xfa\xa4\x11\xf0\
\xf2\xbcc\xb0\xec\x05\xadVK\xc0\xfcg\x00\xc4,R\
L(\x14\x00\x82^\xe8\x13\x17\x0f\x0d\xd5(l\x93\x91\
\xe1\x84\xe3\xc7N\xd2j.\x94\xa0\xf9\xf3\xe2i\xde\xb8\
\xc9cz\xc2\x02J\x9e\x17\xd0e\xbfp}`\xf6\xf8\
_G\x95R_\xea+w\xccZ\xfb\x97~\x00RH\
@Hv\x0f\x97\xef\x840\xf2Ag<\xfe\xd3\x17x\
\xefD\x83\xd6\xa5s\x8c\x5c}\x0b\x9e\x07X0\xb6`\
\xfd\xf8\xe7\xb9~\xc7(X\x9c,\xd6\x18\x9c\x97<\x8d\
59;oo\xae\xdex\xf5\xba\x07\x8a\xc2p\xf6b\
\xc6m\xdb\xe2\xfd@?\x00\xa4X\xd9\xe9\x84zq\xb4\
cAk\xcb\xe3?\xfb\xe3\xe5\xe2g\x01\x85R\xdaQ\
\x1b\x84U,\xca\x19\xf6\xcdw&\xd9\xf2\xe1\x11\xfc0\
\xa2\xd312\xef~(E\xbb\x951\xd3\xc8I\x13X\
X\xe8Pt[+\x9bPLT\x9eg\xa1^\xcc#\
\x00\xa4\xe0w\xbeq'{\xbfy\x17\xf7\xdd}\x13[\
\xb7^I%\x0e0E\x0e\xd6b\x8d\xe2\xc4\xc9i<\
]\xb8ba\xa0\xa8\xc6\xca\xe5\xd0\x87\xba\xb4\xf2\xa4B\
\xd6\x85\xb1UU\xa2H\xad\xec\x81\xb2w\x97L\x94\xaf\
V\x91\xc5\x98\x82\x8f\x8c\x8f\xb3m\xcbfV\xc5\xf3l\
\xda~\x1f\x8dF\x9bS\xa7\xa68~r\x86\x85\x85&\
Q\x18\x93\x1b\xe8\xb4;\x14\xc6p\xc5HB\xbb]\xe0\
\x87\x0a\x93e\x0e,V\xe1\xe9\x01&,\x9d+\x05\x05\
\x80\x04P\xcaB\x9afnOc\x1e\xd4t\x9b\xb5\xeb\
\xd6rC}\x94]7\xef\x22\x8a`\xf1\xa2E\xd9\x9c\
(\x0cHj\x01ij\x88#1tA\x18\xf8t\xda\
K\x04~\x9dn\xbb\xbb2\x80\xb2\x19I\x13\x11\x19\xca\
\x9e^\xb6\xd3\xf2\x94\xc8\x9e\xa1$\x01\xc0\x0f\x22\xf2\xc2\
\x92\xb7\x15\xbe\x07\xed\x22\xa3^OH;\x8eAP\x0a\
\xf7\xc30\xec^\xf5\x86\xa1Z\xb42\x00)^\x89+\
\x14\xa6\xe87\xa6\xcc\xf7K\xe4\x80)\x0cZ\xe1\x00\xde\
z]\xd8\xef\xa4\x92O \xee\x9bO\xaa\xc0\x8e\x17\xdf\
Q\x7f\xf3a0\x03\x16\xdb\xff&\x93,\x0c\x88\x19\xdd\
\xeb\xb6\xd3\xe9\xb8\xf5jUS\x89p\x8e\xbf\xf3\xabO\
1<R\x05\xab\xf1=\x8d\xb18p\x85\x85\xc0\x93=\
\x19\x8b\x17\x9a\x85\x0e\x82\xce\x83\x0f\xdc\xaf\xce\xb7\x8c\x1d\
\xc4@Y\xac\xd7\x90t\xf9~\x90\xb9R\x1a7\xce\xba\
\x05ydi^lr\xd5\xd8\x10\xe3\x9b\xc7\x89\xa2\x90\
\xbc\xc8\x09\x83\xc0\x99\xd0soE\x8b\xb5\x86\x85\xf3\xcd\
\xe2\xd4\xc4dg~\xfel\x10(\x9b\xad\x08@\xa8\x95\
\x10\x10\x92\xe5\xe1\xf2DH\x08\x03\xc68C:'W\
bE\xb5\x12\xb2y\xf3&6l\xb8\x92z\xadBa\
\x15\xd6\xe2\x80\xe7YFR\x8d\xe8vS\xf2\x02{\xed\
\xf8\x87Z\xab\xae\xa8\x9b@uVf\xe0\xd9g\x9f\xe5\
\xc8\x91#B{\xff\x97\xaf\x84\xdc\x97\xa6t\x1f\x9e\x0f\
l\xba\xd95\xaa\xc2\xe6\x8c\x8eT\xd1EJ\xa7e\xc8\
\xf2\x8c\xc0\xf3QZ\x91e9\x8b\xed&\xb5\xa4\xc6\xfa\
u\xab\xcd\xc6\x8d\xc1\xc5J\xe0\x1bS\xac\xdc\x07\x0e\xbe\
~\xc2S6\xdc\xa6\xc0*k\xad\x96\x8cEY\xc9\x00\
\xd6e\x9a\xb63b\xbdx\x95QrR*\x8c\xaeN\
\xf0}\x8dV\xdav:\xd2\xc0\x02<_\x91\xa6\xd8(\
\x82\xe5\xa5\x9c+\xc7*\x17\x86\x87\xebY%\x0e\xcc\xe2\
\xb9\xe5\x0f\x02x\xed\xf9\xbd?\x02~\x02D@\xd2\x8b\
Jo\x1c\x00\x1a\xf0z\xf9Sk\xc6\x0e|6\xa9\x0d\
\xe3\xf9\x90\xa5\xae\xe7[\xcf\x83\x22O,`\x8300\
\x16\x0c\x16\xb3vud:\x9d\xcc*4Ef\xd1j\
\xf0)P\x80\xd7\x9b\x0f\x81\xb8\x04\xd0W\x5c\x22\xe8\xb6\
S]\xaf\x1b\x96/u\x88\xe3\x10Oa\xf3\xb4p@\
\xb4\xf2\xac\xa2pDz\x9e\xa7\xac1*\xf0\xb5\x0d\x02\
\x1fk\xa1\xe8\xfbF\xd4\xfc\x97W\xa5\xe2c\x8c8^\
\x13G\x9a\xc0\x17Sz\xf8Z\x93v\xdb`\x0a\x14\x86\
(\xd0(,a\xe0QK\x84\xa1\x14\xad\xec@\x06,\
P\x009\x90\x02^\xdf\x5c\xbf\x04\xd9\xe1C\xcf\x98\xf7\
\x8e\xbc\xdd\x7f\x84\xc5\x9f\x00\x16\xac\xf5\x946V)\xab\
zQ~\x1b\x00\x5c\xbf\xf5\xc6\x15\x01\xd8\xbeb]@\
\xf5\xeeS\xc0\xff7\x00G\xf7?\xf1\xe8oJ\xd0}\
az9\x072 \xed\xdd\x17}k\xbc\xf0\x87\xe7\x01\
\x8e\x01\x08\xb4\xfe\x7f\xd1\xef\x81\xa0\x17~Y\xb8/\xd4\
\x0a\xc0M/\x8a^d}QXk\x0d+\x5c\xff\x02\
\xcd\x87\xf6f*\xe2\x16\x88\x00\x00\x00\x00IEND\
\xaeB`\x82\
\x00\x00\x03\x88\
\x89\
PNG\x0d\x0a\x1a\x0a\x00\x00\x00\x0dIHDR\x00\
\x00\x00 \x00\x00\x00 \x08\x06\x00\x00\x00szz\xf4\
\x00\x00\x00\x04sBIT\x08\x08\x08\x08|\x08d\x88\
\x00\x00\x00\x09pHYs\x00\x00\x03v\x00\x00\x03v\
\x01}\xd5\x82\xcc\x00\x00\x00\x19tEXtSof\
tware\x00www.inksca\
pe.org\x9b\xee<\x1a\x00\x00\x03\x05ID\
ATX\xc3\xbdW\xbdo\xd40\x14\xb7c'\xb9\x5c\
\xda\xd3]\xa9\x0a\x95\x10\xa7N\x0c\xf4\x1f@b/\x13\
l\x08\xb1\xb32\x22\x95\x85\x8d\x9d\x99\x91\x05Ub\x00\
\x09\x09&\xd8X\x19:\xb4\x13B\xa2-\xca\x15\xeez\
_\xb9$N\xccs\xec\xcbW\xaf\x1f'\xce<\xdd\x93\
\xfd\xce\xce{?\xff\xde\xb3\x9d`\xce9\x9a\x0a\x06\x81\
\xc6\x025\x85\xa9t\x11\xc2\x95F\xa0!/\x04\xa5\x95\
\x89\xc2^\x01\xbdR\x00\xb1(\x00\x22\xf8o\xd0c\xd5\
\x9f\x09\xc0\x06m\x03\xc0\xafH\x83\x00\xc1\xb7\xa1\x19\x9c\
\x07\xc0P P\x1c\xc7\x0b\x0dN\x08\x99.\xd0\xa8R\
\x9e\xc9\x93\x97\x9f\xef\xf8\xa3\xfe\x07\xd1O\x92D\x07\x80\
SR\x02\xe0\xb4\xaem\xf7\xfb=\x99\xb4Bq\xea\x94\
\x14\xc0\xb3\x9d\xa3\x8f\x10n+L\x0c\x14\xb2D\x1b\x80\
G\xcf\xdf~\xb9\xba\xb1\x89\xb6w\x8eDu\x7fz\xf1\
`\xfdn\x0a\xc0g\xc9\x96hE\xf00\x96\x81\x17\x9d\
\x82\xd4?\xf8\x0e \x06\x97\x8b\xdc\xca\x18\x08\x22\x19,\
\x8c8\x8a42 |\x07\x10\x83\xd3\xa4\x9c\x82\xb1\xda\
\x14\x11\xb4\x81*~\x1d\x0c\x08\xdf>\xc4`\xb4R\x03\
\xe3\x90+\x00\x1cM\x22\xae\x8d\x01\xe1{\x0cj\x12^\
\x05 \x0d\x06\xed\x84!}\x00\xc0\xb7\x0f1\x22\xa3\xca\
\x80Z5\x8bD\x91hL\x01\x93\xb1h\x95\x01\x7f4\
L\x8d8\x18\xa2`\xe2kc@\xf8\xa6\xe3!\x22q\
\x85\x01\xbf{(\x01\x84c\x14\x0c\x8e\xf51\x00\xbe\x8d\
\xda/D\xac\xba\xfa\xe7\xd6\x14\xc0\x81\x0c\x1a\xf9(T\
\x00t0 |c\xb3\x8e\x0c\xd3\xc9\xfe\xc3O_\xef\
\xee\xad\xb5\xdc\x9b\xc5\x89\xab\xcb\x96\x8eS\x17\x1d\x0f\xc2\
\x92\xeduG\xfb\xf4\xdb\xdea\xfb\xfbQ\xbf4\xb0\xd9\
ni\x01\xb0\xfb\xa3[\xb27\xd6\x1bm\xfa\xb3\x1b{\
f\xcd\xbdQ\x1c\xa0v\x0d\x9d\xfb.\x82Ou.\x10\
9\xcf\xaa\x97\xaf\xf8\x83\x13\xe4Q\xdbmz\xd0\xcf\x01\
\xc0[\x99\xe9\xb8\xe8\x12\xd1\x8b\x8f\x5cj\x9e\xed\x1a\xd5\
)\x00`\xa9\xd9\x11=\xc7\xca\x07\x97\x1b6\x9a\x15\x05\
\xcf\xb1\xdaY\x18\x9a\xbe\x9d\x0d\xf8a\xba\xcb:\xd4q\
\x1c\xc1\x00\xba\xbebf\x13\xd7Z\xe6\xdc\xf9\xc5\x97\xc8\
\xc8\x98\xe5\x8b<\xf8\x13\x89\xe9\x1e]\xb2p\x0a`\xbd\
\x91\xdf\x10\xab.9\x8f\xc9\xb9\xb2_\xda\x86a\xbe\xb5\
O\x86\xe9\x91\xebQ\xd7F\x1d\xb9\xf5r\x00\xcd:\xfd\
\xa7@g=<=\xe6\x85\xb82\x1b\x1d\xea*\x06\x1a\
\x0e\xc9\x9eY\xaa\x19Z\xb6\xe14F\x0a\xc0\xc22\x05\
P|)\x00\xc7\xceWm\x9b\x06\xc2\x0b\xfb$\xc8\xa5\
X\xe85\x93\xc8\x14X\x94\xa6)\xa0$/<B\xb0\
\x16\x06\x0812\x96m\x93\xca\x140N<\xc41\xfc\
rz\x12\xa4\x07@\x82\xf3\x22\xf4\x99b\xa0\xe7\x934\
\x05,\xc9\xe9I\x0a\xf7\xd0\x22\xaf$\x96\xe4\x0b\xebM\
\xd2x\x1e\x16\xb7\xde\xc3W\xbdw`\xdcC\xffW\xde\
\xbfy\xdc\xbc\x9f\x02\x80o6\x91\x10\xb3\xa2t\x0e;\
R\xca\x0a\xfd\x8b\xec@\x1c\x0dx\xc6\xe7\xb9QP\xa2\
\x94\x9e\xd1\x92\xacl\xe0}\xa6\xa0\xac\xd2\x96\xc6\x8b\x9f\
\xe7\x7f\x01\xb9\x83S\xf2w\xe7J\xae\x00\x00\x00\x00I\
END\xaeB`\x82\
\x00\x00\x01\xe8\
\x89\
PNG\x0d\x0a\x1a\x0a\x00\x00\x00\x0dIHDR\x00\
\x00\x00 \x00\x00\x00 \x08\x06\x00\x00\x00szz\xf4\
\x00\x00\x00\x04sBIT\x08\x08\x08\x08|\x08d\x88\
\x00\x00\x00\x09pHYs\x00\x00\x03v\x00\x00\x03v\
\x01}\xd5\x82\xcc\x00\x00\x00\x19tEXtSof\
tware\x00www.inksca\
pe.org\x9b\xee<\x1a\x00\x00\x01eID\
ATX\xc3\xed\x96;N\x031\x10\x86?ov\x05\
d\x13\x11r\x00(\xa9h\x11\x15\x94K\xc71\x10\x17\
\xa3\xa3@4\xe4\x06\x88\x22=7 PQ\x80\x92\x8d\
=C\xe1u\xd6y\x14P\xa0\x14x\xa4\x91\xc7\x96l\
\x7f\xf3\xcf\xec\xc3\xa8*\xdb\xb4\x8c-[\x02H\x00\x09\
 \x01$\x80<\x04/g\xa7\x8f\x8aV\xee\x8f\xbf\x0d\
\x1dc0\x98\xd1\xf1\xd3\xf3\xe5\x12\x808[}\xa8\xf2\
\xbe?@E\x11\x15\x10AE\x01EEP\x11\x10E\
U\x9a\xb9B\x13\xa3\x8a\xaa.\xe2U3\xcdx\xb4\xbb\
\xc3 \xcf\xab5\x05\xac\xb5L\x0e\x86\x5c\xdd?\x80\xb5\
\xe0\x1c\x88\xb4\xbe:\x8f\xd7U\xfd\xe8\x1ct:`\x8c\
\x8f\xadm\xcfj\xe2\xdb\x9bkN\xba{\xeb%P\xe7\
<=\xc0x\x0c\xd3)\xd4\xf5\xf2\x01\xe1\xb2\x90e\xc8\
T\x04\x8a\x02\xca\xd2\xaf\xcd\xe7\xde\xeb\xba\x8d\x1bWq\
\xa8s\xeb\x00\x12\x00\xb2\x0cf3\x0f\x10g\x10+\x10\
[YB\xaf\xe7\xf7\x85\x8b\x16\xba\x1b\xef\x91\x89S\xc4\
\xc9&\x05|}\xc9s\x7fX\x9e\xb7\x19\xc65\xcd2\
\x0fQ\x96\xd0\xef\xfb\xcc\x83B\xb1*a\xdfj?\x88\
lV\x00\x11\x86o\x13\xee.\xceA\x05Yj:\xdf\
xH\xdb|\xf6\xeb\xb3-\xd9\x0f,\xe8pX\x14K\
*F\x00n\xd4W\xaa\xee\xe4\xf5\x87o\x90\xcc\xfbo\
\x1f\xc3\xe6\xae\x05X\xfa'L\x00\x09 \x01$\x80\x7f\
\x0f\xf0\x0d.\x06\x11e\xf8\x8bmD\x00\x00\x00\x00I\
END\xaeB`\x82\
\x00\x00\x04\xd3\
\x89\
PNG\x0d\x0a\x1a\x0a\x00\x00\x00\x0dIHDR\x00\
\x00\x00 \x00\x00\x00 \x08\x06\x00\x00\x00szz\xf4\
\x00\x00\x04\x9aIDATx^\xad\x97Mo\x1cE\
\x10\x86\xdf\xea\xee\x19\xaf\x0d\x17\x8e\xf8\x1f\x84\xbf\x00\x97\
\xfc\x0b\xc8\x81\x13\x1f\x02\xc9\x9c@\xe2\x12\xad6A\x0a\
\xe1\x002'\x90\xe0\xc0\x85\x5c\x80\xdc\x90\x10\x87H(\
H\x11\x90K\x82B@A\x0a\x06\x7f`G\x89\xbd\x8e\
c\xef\xcct\x15\xbd5-\xb5\xd4\x9a\x99U\x14Jz\
\xdd\xed\x9e\x9a\xee\xda\xadg\xabfHD\xb0\xc8N\x9f\
\x99\x10\x80 5B\xbf\x09\xe2x\xe5\xcb\xb1`\xb1A\
\x03\x88\x87|\x0f\xc13}~\x03\xeb2\x14L\x8f\xbe\
\xbari\xfc>\x008${\xee\xe2\x87\xe3\xd5\xe9\x11\
\xc0\x0cx\xcf`\x08|\xc3xj\xc5\xc1{\x81s\x06\
Da\xb4\x84\xaa\x06D\x80\xbaf\xbd\xb9,\x0d\xaa\x86\
\xf5\xe6\xb2t0f~\x0d:\x8a\xb42F0\x1a\x01\
g\xdf9\x07\x00\x1a\x80A2uv\x16\x00\x01\xd77\
\x80\x95\x91\x0d\x87[\x5c\xff\x8b@D\x98U\x8c\xab\x7f\
\x88\x1e\xce,a\xbd\xf5-\x9c\xd19{\x8f\xa7C\xb0\
?\xdc\xae\xd14\x0c\xcf\x8c_\xc2zU\xd7\x18-\x01\
\xd7\xfe\x14\x14\x96\x16\xa6 \xcf3%\xa5\xff{\xf2/\
\xd9\x5c\xb2\xeb\x83)\xb8\x0a\xc2\xb9\xb8\xb9\x89rI(\
\x82\xca8:\xf5I\x0cpP\x13T\x07Uql\x92\
\xc0\xaa\x0c\xce<\x80\x17 \xf8\xb9\x83v\x8a2]\xdf\
F\xcf\xa7\xe64\xc7e\x90\xe6\x9b\x22\xecHAd\x10\
~\xb4>^\xbd\x7f(h\x9a\x90\xcbe\x87Y\xed\xf5\
\x5c\xe7(\xacI\xbb#\x0b\x0a\x07\xd4\x0d`\x0c\xc1{\
\x8f\xa5\xd2)d'\xb3&\xe4\xda)\x1f\x9e\xe7<X\
\xbc\xfb\xb6\x02\xf7AGJ\x90C\xa8\x90\x15\x86\xe0\x8c\
\xc1\xb5;a\xe3\xc2byD\xb8\xf9\x0f\x94|\xdfx\
\xfc\xbaE\xa8\x1b\x815\x84\xebw=\x08\xa4\xdb\xdeP\
\x1f\xa3\xb0\xdd\xd8$\x94\xce\x85\xfb\x09\x03\xdc$\x08c\
\xa1\xc9!\xcce\xd2\xd8\x0b!\xf7\xa4\xe0\x22\x00\x9f\xd6\
\x13\x0b9\x84\xe7\x01XU\x82n)j\x14\xc72\xca\
DqT\x155\x0b:\xd1\xb1U\x95q\x83!\x08\x7f\
\xd2\xd9\xf0'OJ&\x99\xbe\x05a\xbd\xe7>\xe9\x0b\
\xe0\xd4z\x80\xf0\xf8D\xdd\xb4\x12\x16\x85\x81\xa8\xbbh\
>\x0f\x0ekXku\x1dh\xab`Y\x92\xfa\x08\x13\
\x5c\x81\xe0\x07\xac\xadM\x18\xc0\xc7]\xc1\x0eAHF\
\xe3\x13TU\x8d\xdfw\x80\xe3\xe3J\xef\xbc\xb9\xc1a\
\xceXY.\xf0\xf7\x81\x81\xf8\xb6D\xdf\xd9#p#\
(\x1d\xe1\xf6\x8e\xa0\x9e\xb1\xfa\x0f}cy0N\x01\
l\xed\xd6\xda[\x93\xed\xe8\x80l\x03\xf3\x98)\xf8.\
\xf3\xc9\x9b\x97\x82?\x07\xd1\xcd\xff\xc4 ~\x04\xe1\xbd\
T\xf9PF\x8d2\x08\x83\x14P\x9b6T\xc2\xeb\x04\
\x1eb\x22s%\xeb\xfa\x15<\x0f\xc1\xb5\x85?\xbf4\
\xcf\x8d;*\xa1\x8e\x99\xbe\x06\xe1Bg%\xfc\xfc\x93\
\xf1\xb3\xd3#\xd6\x85\xc2j{\xd5N\xa7\xbb\xb3\xc4\xca\
' \x02\x96J\xc2\xe1\xc3\x1a\xcb\xa3\x02\x00\xd4\xd7\x1a\
\xd2.\xc8\x22(\x9c\x85\xb5\x00\x0b\x81\x99a\x88\xb02\
\x22\xbc\xfa\xe6\x04\x00.tA\x88\xaa\xe6@\xb1\xd1\xc5\
\x8d\x07\xc0\xca\x92\x81\x08\xe3\xee=hU#H\x98\x0b\
\x88\x82\x00lM\x1d\x1a\xef\xb5\x8do\xee\x1b\x0d`y\
d\xb1y\x10\xcb\x03\x08w\xf7\x04\xa3b~M\x82\xff\
p\x1d\xb8\xf5\xc6\xday\x85\xf0\xc9\xeb\xc0p\x0a:\x03\
\xc8 \xb4\xdd\x10\xaa\xca\x01\x08\xab\xa0\x13U\x82\xb1\x8a\
\xf2\xa95G\xeb\x87P\xcd,\xae\x86\xd1\x16\x7f\xfao\
@\xb1#\x0e\xa4\xe0\xd4\x17\x9f\x8eW\x99\x81\xd9\xcc\xc3\
9\xab0\x19\xa2\x08 \x00\x22\xad\x90\xce\xcdG\xe8\xba\
\xb5\xd4\x8es\x07\x82\xb6r\x22Rx\x1b\xcf\x18\x95\x06\
/\xbf>\xe1\xd8\x92\x91\x07a\xf2*\xe1}K\xfb\xd6\
\xbe\x1e\xae\xfe\xbb\x0f[\x1c\xd83\xee\x1d\x19\x88fV\
\xb0}\x80\xb9\x8f\x1e\xfe\xef\x14\x10\x16=|gJ\x10\
i\xdb\xf3\xee\x91$N0\x0c\xe1o!\xd2\x9d\xac\x19\
\xfd_)\xb8\xacc_\x0ab5\xech\xc7*m\xc1\
O\xd0\x8e\x9b\xa0:\xaf\x82\x8b\xdbq\xdeT\x1e\x1f\xc2\
4WK\xe3\xe9\x97&\x9dO\xc5\xa7.}6^\xad\
\x1b\xc0\x1a\xc0+X\x84\xaab}\xe9\xa8\x1bA\xe1H\
\x8b\x95\xb5\xb1:2+/\x14c%R0\x15^\x02\
\xe9\xb5\xf6\xe4\xc8\x87>\xee\x09\xce\xbc\xd6\xf3b\xa2\xee\
\x22\xfa\x00\xfa\xe0\x11\xe9\x9d\xd6R\x00L\x0f\xd7\x03\xf6\
O\x8cn)\xcc\xd8;TP\x15\xb8\xddi{\xb0\x04\
\xdd\x0f\xa0\x1a\x83v\xfeH?P\x0b\xf3\x81\x80\xcc@\
%|\xf1\x95\xc9v\x9e\x82\x01\xe5&}\xeaz1\xc9\
\xde\x8c\xb2\xb7\xe0\xfc\xe5$A\xe9\xa2l\xfeb\x92*\
\x9d\xaa\xce*_\xf60\x9a\xccdt\xe60q\xda4\
\x11\x1eu\x9c\x94\xcao\xf4k\x86\x0fO\xf6\x1f\xaaz\
\xaf\xba\x88#\x101\x00\x00\x00\x00IEND\xaeB\
`\x82\
\x00\x00\x06\xd2\
\x89\
PNG\x0d\x0a\x1a\x0a\x00\x00\x00\x0dIHDR\x00\
\x00\x00 \x00\x00\x00 \x08\x06\x00\x00\x00szz\xf4\
\x00\x00\x00\x04gAMA\x00\x00\xd6\xd8\xd4OX2\
\x00\x00\x00\x19tEXtSoftware\
\x00Adobe ImageRead\
yq\xc9e<\x00\x00\x06dIDATX\xc3\xed\
V\x0bL\x95e\x18F\xb4\x92r.Sgn\xea2\
MR\xccKNAB\xa4\x0448 w\xe1\x98\x5c\
\x04\x01\x15\x111\xe0\x80\x5c\xbd\x00\x02\xdeAD@I\
\x11o\x04\x89\x01y\x03\x0b\x02/(jq\x92\x05#\
\xe1Dc\xd0\xdc\x8e\xd2v6\xb6\xa7\xe7?|xA\
Er6\xb7\xd6\xd9\x9eq\xce\xff\xff\xef\xf7>\xef\xf3\
>\xef\xfb\xa3\x03@\xe7UB\xe7\x7f\x02\xffY\x02\x9f\
\xca\xe3f\x11\xbeD\x0a\x91!\x10C\xd8\xfck\x04x\
\xb8\x81HR\xee\x15\x9aW\x1f\x9aX\xdd\x1a\xb5\xad\xf1\
nt\x8aJ\xbdq\xa7J\x1d\x9f\xa6\xec\x08M(m\
\xe2\xfd<\xc2\xe1\xa5\x11\xe0a\x16R\x85\xf2\xb5\xd9J\
E\x92\xb2c}\x82\xa6\xcbS\x018\x04\x00\x8b|\x00\
sw`\xa1'\xe0\xb2\x1a\x88J\x01r\x0b\xda;\xad\
\xbd\x93k\x193\xee\xa5$\xf6\x0c\xc9\xab\x0fKR\xa9\
}\xa2\x00\x1b&\x9d\xef\x0d\xcc^\x06Lw\x03\xa6:\
\x03\x93\xed\x81I\xd6\xfc.\x03,=\x80-{\x80\x1d\
\xd9\xb5m\x8c\x0d~\xd1\xc4\xe3\x08\x85Tq\x18\xe5\xf5\
\x8a\x04\xac\xd6\x00\x9f\xac`b&\x9f\xe3G\xac\x22H\
f\xb6?0\x8d\xd5\xeb\xbb\x02\x13m\x81\x19\x8e\x807\
\xd5\xc9/\xd1tI\xadz\x91\xe4\xab\xad\x96'\xd7\x06\
\xc7\xd7\xb6\xf9o\x04dk\x01\xd3\x95\x801\xe55]\
O\x221\x94\x9a2{\xec\x02\xdcw\x03N\xc9\x94\x9f\
\xca\x18\x91\xe0T\xb6b\x06\x89\xc8C\x80c\xdf\x02R\
\x1b\xfeq\xd5\xbe\x11\x85\x0d\xeb\x935]N<\xe43\
\x1ej\x12\xc8\xbf\xac\xc8.\x11\xf0\xcb\x04b\xbf\x06\xd2\
\xce\x03_U\x02\x99\xdf\x03\xf1E\x80/\xaf[\x91\xac\
!\x9f\x9fC\x95\x96F\x90@\x09\xe0\x1f\x99W\xdf\xdf\
\xe4\x0e\xd6R\xd5\x09\xb5m+\xe2h\xacu\xecsP\
w\xe2\xc5L\xec\x9b\x05lf\xa2#\x97\x81\x1f\x1a\x80\
\xd3\x97T\xea\xe4\x9c\xf2\xe6\x80My\xf5\xf19\xd5\xad\
\xc9g\x81\xe5\xfb\x80\x05\xd1\x8c\x09f\xe2\xad\xc0\xa9r\
\x80\xe7\xd6\xf4Kr\x87\x95\xa9\xb7\xc2\xb6\xb5w\xba\x92\
\xb99\x0f0\x0bcE[(s:\x10\xce\x8a\x0fT\
\x01\x15\x8d@\xe9U\x95\xda-(\xf5\x96\x98y\xb9\xd8\
\x051\xc9'8~\xc7\x01\xc7m\x80\xfd&N\x02\x09\
\x9f\xf9Qx\xe0\x91\xd95xJr\x85\x07\x1d\x1e\x94\
\xa4\xe9\xb2\x0ber\xcan\x11\x0b8\xef\x00\x02\x8e\x00\
\xdb/\x00\xc5u@e\xbdZ\x13\xbe\xb3\xb0A$\xb6\
\xe8u\x86YPRa\xc3\x16J\xee\x99\xc1\xea\xf7\x92\
0\xbfg\xe6+;\xa4\xbc\xd2\x031\xfbr\xbb\x7f\xf4\
\x90\xe8\xe9\xf7\xca\xe8\xd2\xa6U\x94X\xc6\x8a\xcd\xc3i\
\x9a\x04V\xcd~n8\x05\xe4\x5c\x01\xaa\xee\x00EU\
\x8dwm|\xb53\xed\xfe\xac\x8d\xe8\x1f\x97W\x9fr\
\x0eX\x97\xc7\x11\xcc\x07\xcaji\xd45Z\xa5\x0c\xa4\
\x07j\xcah\x98=9\x0fIH\x7fC\x92\xd9\xefx\
&gb\x0b:\xdb\x9eU\xfb\xe5\x02\x894X\x01\xab\
\xbezG\xd3\xb5y\xbfv\xabI\xab\xd6\xa8\x8f\x16\xca\
c3\xcb\x9bw\x96\x01\x09t~\xc1%`\xef1\xed\
\x0ePh7\xa1D \xfd\x10\xb0\x91c\x13\x9a\xa8%\
Q\x14\x18\xaf\xec\xf0d\x8f\xad\xa5\xf9\xde\x0c\xb8\xa6\x01\
kO\x02\xbb*\xd8\xbb_\x81K\x8dj\x8dOd\xb6\
R\xf2G?<\x94\x92^\xdcx7\x83\xb1\xc7\x98\xfc\
\xfc5\xb5F\xe6\xd3\xbd\x05\x1f\x10\x88\x92\xcc\xc1\xa3\x16\
sL\x5c\x14j\x8d#+\x96\xd1\xed\xb6I\xc02J\
\x1eB\xc9\xf7K\x0e\xa7\xe4\x95\xb7\xdb;\xfb\x92\xbc\xf7\
\xbba\x09My\xeagVN\xd9+\x94\x9a.\xaf0\
-\xf1\x07\xb1Z\x02!\x5c\x16f>\xdd[\xcc\x8c.\
_\x18\xdb-\xb9W\x0e\x10A\xc3\x1c\xbc\x06T\xab\x80\
\x93\xe5\xca\x0e\xdb\xee\xe4\x0e\xfd\x1c\xdf\x98\x83\xa5\xca\x8e\
\x0b\xb7\xd9\xb2\xdf\x80\x98Tm\xcb\x1eSMK@\xc1\
\xddl\xce\xb96\x22\xcc\x99\xdc\x81\xed\xf0:\xcc\xe4\xa5\
@\xd6uJ\xfe;W\xe7\xc5\xc7\x8d\xda\x9f\xdd\xe1\x1d\
\x91\xad\xbc\xc9\xd8\x9b$\x1f\x9b\xa6M\xaex\xe2\xff\x01\
\x89@\xec\x01n2Jn\xc9~;\xa629\xcd\xb6\
\x8e\x86\xd9^\xcd1\xe3|\xef+\xa8n5s\x8b\x89\
3u\x89\xf8HGGg 1\xe8\x19\x90\xee\x0d4\
\xb2\x09\x1c)\xbdr/\xfe\xd4\xdeY\xd7\xfa0\xb9\xce\
\xd3>\x12\x81D\x1al\x19\xe7\xd3\x85\x8b\xc5\xe7(\x0d\
\xc7\xe4\xb1\x5c\xa3\xe9\xec[n\x95J=\xdf5:\xcb\
\xc86\xe8c>\xaeG\xbcI\xbc\xf5\x0cH\xf7\xf4\xe6\
\xb9lX\x9dz\xbc\xea\x8fkM\x9a\xae\xe5\xe1YJ\
3\xb7\xe8\x0d\x82\x9c.1\xe0\x09\x02\xd9\x17\xba7Z\
p!\xb7\x14\xd7f\x02\xc7r7\xa5?\xf4\x0bg\x96\
\xf2\x9d(\xaf\xfb\xd3\xc41,\xe9C#\xbb\x99\x0c\x19\
E\xbc+0Z\xa0\xe7\xf7(CY\xc0\xd2\xd8\xb4\xe2\
\xe6\xb2\x1b\xed\x7f\xb9\x04\xee\xae3qR|\xc9\xebC\
\x88\xc1\xc4\xebB)\xdd\xc7\x08T\xd4sDj\x98\x90\
I\x8fs\xc6\xbf\xe1\xa8\x9dn\x02\xce\xb5\x00W\xda\x80\
&5_.\xc55\x1ds\xac\x03\x12\x192\x99\x98B\
\x18\x10S\x05\xa4\xefS\xde\x9fn\xfe\xb9ghF\xc3\
\xae\xbc\xca\xb6yN\x8a\xa2Y\x8b|\xfdx}\xac \
7\x9c\x18*T|\xed\x01\x09i}\x96\x5cV\xa9\x89\
{%W[\xee}w\xbd\xe5\xde\x99\xeb-\xf7\xcf\xd6\
\x127Z\xee\x9f\xbf\xd1\xdc)\xe1\x5cms\xa7gh\
z\xd3\x98I\x86K\x19f&\x85\xf6\x82t\xcdt\x8c\
\xbe\xa1|\xc6\x02\xcf\xad\xc3F\x8d\xb7\xe0\xefY\xc44\
Az\xbcP\xebmAb\x90\xb6\x1d4\x97%{\x94\
e\xba$\xf2\xe0<\xe7\x88\xc3&\x0e\xa1G\x8d\xed\x82\
\xf3\xe7\xda\x06\x15\x1a\xda\x04\x9e6\x94\xad)6\xb4\x0e\
(\x950a\xa6e4\x83\xec\x09G\xc2\xa9\x17\x1c\xc5\
\xbd\xc5\x84\x8c\xb0\x22,\x05\xb1\xb9\xc4tb\xa2PC\
R\xe2\x8d\x1e\x15\x06\x8a\xfe\x0c\x13rI\xf2\x1a\x11\x0b\
\x08kq\xa83\xe1J\xc8\x89/\x08w\xc2\xa3\x17\xdc\
\xc5=\xb9x\xd6Y\xc4Z\x8b\xb3\x8c\xc4\xd9cE\xae\
\xc1\x22\xf7\xab'\xa0+\xe4\x18*\xe4\x99(\xe4\x9a+\
\xe4\xb3\x14r\xca\x84\xbc/\xbd\x05\x03\x84!\xf4\x84A\
F\x0b\xc3L\x16\x06\x92\x8cdH\x18\x13&\x92\xd1\xfa\
2\xa1x\xc6X\xc4<\xdf\x84\xe2\xa3+FCO\xb0\
\x1b.\x98Jr\xbdGL > \xf4\xfb\x1aCq\
O_<;A\xc4\xf6=\x86\x8f|t\x05\xab\xd7E\
\x7f\x86\x88\x00\xa9_\xef\x10#\x88\x91\xcf[D\xe2\x99\
\x11\x22f\x988\xe3\x89E\xd4\xf3.\xf8\x1b\x95\x0d\x18\
[&\xd07\x16\x00\x00\x00\x00IEND\xaeB`\
\x82\
\x00\x00\x06K\
\x89\
PNG\x0d\x0a\x1a\x0a\x00\x00\x00\x0dIHDR\x00\
\x00\x00 \x00\x00\x00 \x08\x06\x00\x00\x00szz\xf4\
\x00\x00\x06\x12IDATX\xc3\xc5Wkl\x14U\
\x14\x9e\xc7\x0e\xd3\xdd\xa5\xd3.\xeeBa\xb7\xa5\xd1\x02\
\x05Z|\xd4\x14\x81\xb4@%\xc6\x07\xa1Jx\x04\xf9\
\xa1\x09\xf2\x03H\x08\x89\xc1\xa8\x18\x88\xd1\x80\xf1\x8f\x1a\
\x81\xd8\xa01>\x80\xc4\x90b\x09\x914\xbc\xc4\x86\xca\
+<\x22PR\x08\xb4\xdb-\xad\xb4t\xedvgv\
gg\xef\x8c\xe7\xec\xdc\x85q\xbb\xbbl\xcb\x0for\
2;w\xee\xbd\xe7\xbb\xe7|\xe7\xb1\xaca\x18\xcc\xff\
9l\xa9\x13\x0bW}\x5c\x07\x8fe)\xd3m !\
\xcb\xbb\x042=\xcdy!\xba\xf6\xdc\xc9\xfd\xdb\xdaF\
\x05\x00\x95oy\x7f\xcdj\xeb\x84\xbf\xabWQ\x94\x08\
I\xbe;\x1dv\xbe\xb8\xb8\xc8\x91\xbaQQ\xa2\xc4\xdf\
\xd5\xa3\xfcu\xf5V\x08.\xf2;L\x1d\x00 'F\
\x0a 1&M\xf28m\x82\xc8\xc74\x86\xf1x|\
R\x5c7\xe7Y\x166\xf1\x0c#\xc0N\x1b\x08\x07\xef\
\xe8\xc5x\x9ca4\x90\xd2\xd22\xd7\x82\x055\xde\xee\
\xee\x80\xb7\xf1\xe0\xd1\x05\x00d'\x80\xd8\x9dI\x0f\x9b\
\xca\x01\x8b\x0b\xca\xa7N))Z\xbel\xf1\xe4\xfc\x02\
\x8fC\x8d\x99\x8aP\xa9]d\x98\x96\x96\x96\xee_\x9b\
N\xf4\xe2\x1eX\xe7\x989\xa3L\x9a\x0f\x8a\xa3*\xc3\
\x10\x9d\x02\xe4T\xf2M\xc3\xbe\xf6\xf6\x9b\xfe\x1d\x00\xe2\
\xa7\x9c\x00\xa4\x80\xa9\x9f8\xd1\xfd\xe9\xa6M\x1b*\xc2\
\x0a\xdc\x12\x9c\x90\x07\xca\x83\xfd\x81\xd0\x97_}\xb7\x17\
\x96l\x86\x83eX\x87|\xa8\x9f7\xf7\xd9\xb5\xf5\xaf\
/yR\x8e\x98`\xedy0KB\xea\x07[\xbeh\
\x86u\xf5\xe9tp\xd9\xfc\x03\x9b\x9azz\xfaU\x0e\
L\x8e0u\x8a\x95\xe5\x1e|\x97\xe9\xb3\x0d\xe4\xb3\xd3\
\xad\x97Z\x07\xee\xf7)\xe8\xa6\x18\xb8C\x89\x82%\xf2\
$\x11\x80U\x00\xc8E#\x06`\x1dhVBL\x10\
\xa8 \xc38v\xad\xedF\x10\xbf#g\x90?\xe8:\
\x8f\xc7\x05vc\xbc#\x22\xa1u\xa0R]7\x0fE\
 z\x96\xd4\xc1&\xd7\x83\x05\x18\xde\x5c\x9f-\xd3\xe4\
d\x81\xb8\xf1Py\xd2\x0a\x19\x86Wr\xb9D4\x7f\
\x9c\x02Ew\x85\x95(\xc2\x19\x1a5\x00\x83*\xc7P\
C\x22\xa6\xe3-\xf8\xd8\x09\x8f\xd9\x93\xbc%\xf9hz\
\x8cZ\x8c\x18\xc6P\xc9\xd9?/\x07\xd1=\xa3v\x01\
*\xd7\xd0\xa7\x84J|\x98\xf2jx,z\xf9\xb5\xba\
*N\x90\xc4(\x90o\x8c\x00\x09\x0b \x1d>\xd4\xdc\
\x19\x0e+{\x80\xa4\xa1Q\x03H\x98\x9f\xde>\x06\xa4\
\xc2X\x87Q\x0d\x8a/\xe0\x8f\xcaY\xe5\xd2\x8c\xca\x99\
\xae\xc9OU\xb8\x87d\x93\xa4,\xaf\x92\xdf\x9a\x9a;\
\xcf\x9e\xb9\xb4'[\x22\xca\x99\x84\x08\x023\x9d\x0a\xc4\
*p\xfb\xa4\xad\xdb\xb7U\xd9\xedf&D@\xb2\x82\
\xbe6\xd7\x0c@\x9e8rp\xffmEV\xf6\xc0\xf6\
\x9f\x99\xc7%!I\x02 \xa6\x15\xa2Q\x95\x04\xba\x02\
\xa1\xae\xce@\xc8\x0fr\xb7;\x10\x12\xc6@\xcc\x83\xd9\
1g\xb8'\xf8\xa45\x1b6V\xbe\xf4j\xdd\x87\xce\
\xb1\x8eS\x98\xd0\x1e\xcb\x02\xa8\x1c\x15#\x170\xce\x86\
\x06\xfb\xe4\xfd\xdf'2\xa1uT\xd7,\x9c\xeb~n\
N\xad/\xa6\x89|4.\xf2\xd3\x9e\xae\xf1\x96\x95\x97\
\xbb\x8e4\x1d\xde\x01 \xbc\xe9\x5c\x913\x09\xe34\xb4\
0\x00l\xc2\x83L\xb8>\x85\x8c\xeb/\x9e\xbf\xbc\xf6\
\xed\xf5\x1b+\xd5\x98\xc8\x87\x81\x0f\x0e\x87\xc7\xb1t\xf5\
\x9bS\x7fl\xf8v\x1d|\xbf\x91Z\x1d\xb9\x91D\x01\
\x12Q\xb7\xa4\xe24\xa9{\xb7\x0c\x8c\xbf|\xfe\x8f\x00\
\xba#\x02\x84\xed\x87\x00\x0c\x0e\x89\xfc\x92\x15\xf5%i\
\xfa\x8c\xdc\x00 \x09\x89\x85\x03\xd92!\x828}\xb2\
\xb5_\xcc3\xdd\x85\xf5`0\xcc0c]>\x09\xf8\
0\x07\xac \x8d<\x13R\x0ehI7<\xba\x8b;\
\xd7\xd7\x1b\x08\xa1\xbfpO\x04@(P!\x8bKK\
0Y\x95\x8f\xca\x05\x08 N-Arh#\x0d\x9a\
\xc2\xd1jI1F\x9d\x8a\x0dK$$\x5c`@\x1f\
\xa1\xb30x\x8bpI\xc1[:\x0b<NLZ\xb8\
\x87\xa15\x01\xf2\xc2\xb0\x9a\x90\x11\x00k\x0e\xf8n\xb0\
I\xdf'\xda.\xfdA=\xc0\xbdB\xaa\xcc[\xfa^\
\xb5\xaf\xb4x\x22\x86!\x92\x10I\xcb\xd9\x90\x0e*\xe9\
\xba\xe3\xefMmVm\x99\x94\x9b\xc5\x94\xe1@\x11\x8b\
\xc5E\xb3\xa4b\xec\x09\x0d\xa2\xa1B\x87\xc5\xe2\x09\xe1\
8\xdb\xcaY/\xd4\x14\x0d\xc2=U\x0d\xdb2\x0cE\
\x86\xe9\xeb\xbe\x99\xb6 qY\x94\xdb\xe6\xd4\xbf\xbb\x14\
n\xe3\x0cG\xcc\x02\x84\xb7\xc7[\xf1\xf6\xf1\x0e\x87\x94\
?\xfb\x99\xba\xb7^\xa1-\xbaTQ\xbb\xaav\xee\x1b\
\x9b\xb7?_[\xbbL,\x9cR\x98\xa8\x09\xf0!\x1f\
\xbe\x16\x8cUI\xeb\xf1S\xd8?\x1e\xc8\xda\x13\xa2\xf2\
\xda\x15\x1f\xbd\x08\xb8\x96\x03\x8c\xe9\xde\xc9%EUu\
\x8b}\x91\xf8\x04;\xde\x08\xad\x80=a!\x1c\xcaj\
\x9dr\xc7\xb5\x0b\xff\x5c\xbdp\x11\xab\x9cQ6\xa3\xdc\
9\xbd\xaa\xda\xe5\x187M\x0a\x0e\xc2Z\x0d\xdbwH\
\xcb\x85*9\xde\xb8\xf7V\xf7\x9d\x8e]\xa7~\xf9d\
\xa7\x91\xd2\x84\xa6\x02\xe0\xe6\xaf\xdc\xbak\xd5\xbawV\
\xbb'\x8cw\xc4\x88\xc8\xa3b,4\xe8\x7f\x5c\xca\xf3\
f\xa9E\xb3:\xa1\x18\x89\xa2\xb9\x17[/E1C\
\x0e\xbb\xa7<\xc8\x03Z\xc8\x1fn=v\xb4\xc7\x7f\xab\
\xbd\xe1t\xe3\xe7_'\x02\xc30\xf4Gr\x00!\xdd\
\xeb\xfd;\x02\x1aY\x0c;5\x18\xd4B\xc1\x01\x0d\xdf\
\x13v\x85\x05\x85O\x8c\x13\xb4q.\xe1a\xb6\x82\x08\
\x81\x87\x16\x8d\x92{w\xefF;\xda\xdbe\x7f\xfb\xcd\
3J\xf8\xfe\xa1+'~h\xceD\xf8a\x00t\x12\
o\xdc\xb7\xabA\xd0\x09\xb1\xe9z\x5c0t\x22\xc4U\
y@\x8d\xc8\x03\x06\xa3s\x09\x10\x10\x01B\x9e\xd3-\
\x08ynj:\x836\x84\x86\xae\x139\xa6\x84o\x0f\
\xf6u\x5c\xe9\xbc\xder\x1df\xc3\xd9B|\x98\x0b(\
R4\xac\x93\x8a\x9d\xbe\x0b\xf4\x1bO\x9fl\x8a\xd1t\
\x8b`\xbc\x83S\x18p\x08#S\x10\xd1\x5c\x5c\x90\x0c\
'\xb4\xa6J\x95\x10z\x98m\x04\x00\x12\xde\xa0gD\
( \x9dI\x93\x0cm\xff\xcdx`_\x96M\xde\x80\
z6q\x90\xcd\xa2\x98\xcb\x00\xc0H\x01\x90\x04\x91\x14\
\xddH\xf37\xec_5\x1d,e\x8c\x04\xaa\xe9\x00\x00\
\x00\x00IEND\xaeB`\x82\
\x00\x00\x02\xb4\
\x89\
PNG\x0d\x0a\x1a\x0a\x00\x00\x00\x0dIHDR\x00\
\x00\x00\x16\x00\x00\x00\x16\x08\x06\x00\x00\x00\xc4\xb4l;\
\x00\x00\x00\x04gAMA\x00\x00\xd6\xd8\xd4OX2\
\x00\x00\x00\x19tEXtSoftware\
\x00Adobe ImageRead\
yq\xc9e<\x00\x00\x02FIDAT8\xcb\xb5\
\xd4\xbfO\x14A\x14\xc0\xf1\xef\x9bY\x0eA\x0c9-\
\x8d\x89\x01Q\x8c\xc1\xc2\xc6\x86\x9a\xa8\xc4\x1f!D\x0d\
\x9c\xc6B\x88J!\x1a+\xff\x00+m\x8d\xc1\x92\xc2\
B\x09\xa5!\x12\x0d\xc6\x98\x10%\x16\x16TH\xac\x8c\
\xe2\xc9\xc1qp\xde\xed\xee\xb3\xb8\xb9\x83[\x0f\xb3\x10\
y\xc9d\xb6\x98\xf9\xcc\x9b\xd97\xe3\xa9*;\x11\x1e\
;\x14\xb1a\x11\xd9\x03\x88\xaa.\xff7XDN\xd5\
\xef\xb2/\x11EDF\x80\xfb@FU\x83m\xc3\x22\
r\xa19\x99\x18\xbf<p\x94\xd6c\xca\xd8\xe8\xec\xe0\
\xf4d1\x01\xdc\x15\x91\xac\xaa\xfa[\x86E\xe4\xb81\
2~u\xa8\x83\x03mE\x16\xb3\xf3tv\x07\x14\x0a\
r\xed\xd3[\xb5\xc0\xb0\x88,\xd7\xc2\xbd\x7f\xa0=\xbb\
\x9b\xea\xc6\xce\xf7\x1d\xa2\xa5]Y\xc8\xcc\x11\x84\xab\xd4\
Y\xe8\xea\x05#\x5c\x99\x99B\x80\xdb\xb5po\xb3L\
\x1b\x1a\xbd\xb1\x81;\x1d\xeco\xf1Y\xca\xce\x13\x86\xab\
X\x011`\x04N_\x14\x8c\xd1\xd4\x877P\x0b\xf7\
j\xa0]\x89z3\xd1\xd3\xdf\xc6\xc1\xc3!\xbf\x96\xe6\
\x08\xc35<\x87\x8a\xb8f\xa1\xfb\x92`DS\xd3\xaf\
\xff\xc6\xbd(\xda\x9cLL\xf4_o\xa7\xe5\x88\xb0\xb2\
\xf2\x15\xdd\x90\xa9\x94{\x03\x86\x12~\xaeO\xb0FS\
\xef'\xab\xf1h\xc67\xcf\xf4\xd6\xd1\xb4\xf73\xe9E\
H\xd4S\x9d\xa9\x01c@(\xf5?\xbfC.\x07'\
N\x0a\x85\xbc\xa6>\xbec\x16x$\x22A\x14~\xf2\
\xeci\xce\x02g\x01\x1e\x8e$\xf9]\xcc\xd4D\x8d\x81\
|\x0e\x1e?\xa8<\x09\xcf\x81Q\xdcf\xa2\xf0+`\
\x0ah\x04\xd2\xfb\x9a[\xf9\x91\x9eY?\xd7\x0d\xa8\x91\
\x92\xe0\xa2\x13\xf8\x06,\x01\x01\xa0QX\x81\x22\x90\x03\
\xb0BU%\x94\xd1\xf2\x0e\xacT\xe6e]\xcb\x03\xbe\
\xaaV\xc3Zz\xea\x02 \x10\x11\xac(\x9e\xd1\x9a\xa8\
\x18\xb0\xeb)\xe7\x81\xbc\xaa\x16b\xdd<\xe3\xb2\xaa\xc0\
\xae/\x9f\xb7'\xe26\xb9\xc5+m\x00\x1bY@6\
,b\x8dn\xefuK/\xcc0\xffe\xfd\x8c\xcbe\
W\x86\xd7V+C} \x8c\x0b\x8f\xdc\xba\xc1`\x8c\
W\xf5\x05\xb0\xe6\xfeM,x\x08\xb8\x074\x01\x0d\x9b\
\x8c\xf5\x1d\xba\xe2\xbec\xc1\x81\x9bT\x04\x96\xa9*\xdb\
J\x84n\x9c\x1f;cWz~4\x93\xb8\xf1\x07\xd8\
|\xd4zw\x80\x8e\x0e\x00\x00\x00\x00IEND\xae\
B`\x82\
\x00\x00\x02J\
\x89\
PNG\x0d\x0a\x1a\x0a\x00\x00\x00\x0dIHDR\x00\
\x00\x00 \x00\x00\x00 \x08\x06\x00\x00\x00szz\xf4\
\x00\x00\x00\x04gAMA\x00\x00\xd6\xd8\xd4OX2\
\x00\x00\x00\x19tEXtSoftware\
\x00Adobe ImageRead\
yq\xc9e<\x00\x00\x01\xdcIDATX\xc3\xdd\
\x961K\x1cA\x14\xc7\x7fo\xf6\x8e(\xda\xe5C$\
\x10\xc4\x04?\x81\xdf\xe1,\xd2I\xaa+\xfc\x00\xe9\x0e\
\xbb|\x00\x8bkNR%\x10O\xb0\xb0\x15\xc1\x94\x16\
&l\x04A\x09$\x90\xf2\xba\xe8\x9e\xde\xed\xbc\x14\xce\
\x86u\xdd\xbb\x1bY\xc6\x0d\x19\x18v\x87\x9d}\xf3\xdf\
7\xfb~\xf3\x17U\xa5\xcef\xa8\xb9\xd5.\xa0\x91\x1f\
\xac\xbe\xde|\x0b\xb4\x02\xaf\xd9?\xfc\xd8yW*\x00\
hu\xb7:+\x8d@+\x8f\x81\xf6\xc6&\xc0D\x01\
\xc4\xdf\x07\x0c\xd3\xa7A\x04\xccE\x83\xe9[\x90\xfd\x14\
F\x1e\xef\x87\xbb'@\x8c\x9bX\xa5:\xa5\xfc}\x11\
<3\x90\x05\xa1\xa2\x88bl\x1f\x01\x07{=N\xbf\
\x9c\x04\xd9\x82\x17/_\xcd\x14\xd0\x8f/\x12X|\x1e\
D@|\x91\x00\xf4\xef$\xaan\x14\xff{ z\xdf\
\x0d\x0b\xa2\xf5\xf6\x0c\x10\x9d\xff\x18`\xa30 2\xa9\
\x0f\x88\xcc-\x0b\xca\x9aV\xa8N\x05\x8c\xfap@\x02\
\x9e\x91\x96j\x19\xa8\xda\xd4x\x08\xd8\xff\xd4#\x0e\x04\
\xa2%\x1f\x10\x1d\x9f%0\x17\x06D\xc7g\xff\x17\x88\
\xb4\xa4 D+\x83hg\xbb\xb3\x12M)=\xcd\x9d\
\xb6\xe2Q\xa2\xf9\xf9\x16X{3\x03D?\x7f\x0dh\
\xce\x87\x01\xd1(\xf1\x00\x91H8G\xe4eH$\xa0\
%\x13\x1fKf\x02f\xc0\xcb\x11\xf5?\xf4\xf8\x1a\x08\
D\xcb> \xfa|\x9a@\xf3\x99\xa8\xaa\xb9\xed6B\
\xd5\x80\x8a*\xf2\xb7\xfct\xc2\xb9$\x99\x1d\x15\x15A\
A\xac\x18\x93\x0ab\x8f\xbe]Y`w*\x88D$\
\xf3\xa5O\x80\x05\xd7\xe7\xdd\xb8\xe9\x9eE\xeeZ\xacD\
\x9b\xebc\xe0\x06\x18\x02\x97\xc0ow?VU;q\
\x0b\x5c \x05R\xe0\xda-\x92\xba`\x8d\x07\x08H\x81\
\x91\x8b\x918A\xb6h\xd8\xef\x09PU\x15\x91\xec\x0b\
\xb2Ct\xe4\xe6F9\xe7^&@\x0b\x022\x11Y\
\xb7ZH\xf9\x1f\xe7\x5c\xba\xa0\xc5e\xd2#\x00\x00\x00\
\x00IEND\xaeB`\x82\
\x00\x00\x03\x04\
\x89\
PNG\x0d\x0a\x1a\x0a\x00\x00\x00\x0dIHDR\x00\
\x00\x00 \x00\x00\x00 \x08\x06\x00\x00\x00szz\xf4\
\x00\x00\x00\x04sBIT\x08\x08\x08\x08|\x08d\x88\
\x00\x00\x00\x09pHYs\x00\x00\x03v\x00\x00\x03v\
\x01}\xd5\x82\xcc\x00\x00\x00\x19tEXtSof\
tware\x00www.inksca\
pe.org\x9b\xee<\x1a\x00\x00\x02\x81ID\
ATX\xc3\xc5UKo\xda@\x10^c\xf3Rj\
.A q\x00*\xa4(\x97\x9c\x92{\xa5\xfe\x80\xfc\
M\xf8\x03=\xa2\x02\xe2\x84\x9aKN\x91zO\x0e\xa1\
j9\xf0\x0a6\xce\x8c\xe5\xb5\x86\xc9\xae\xbd\xb6\x83\xba\
\xd20\xeb]{\xe6\x9bo\x1eXA\x10\x88\xff\xb9\x1c\
\xfa`YV\x0fT\xbf\x80=\x8c\xe6\x11\x82\xfa\x97\x0b\
\x00\xac\x1e|<\xc9\xeb\xdd\xf3<1\x99L\x9e \x90\
\xef`\xe7%\x0f\x00\x0b\x7f\x0e\x87\x83d$\xd6t\x8f\
\xebx<\x0a\xdf\xf7C\xc1=\xcaf\xb3\x11\xfd~\xff\
z\xb1X<\xd5j\xb5\xbb\xddn\xf7;\x0d@)7\
\xd7P;\xb2~\xf8\xbe\xd5j5f\xb3\xd9C\xa5R\
\xb9-\x0c@F\x9c\x04\x84\xae\xedv+\xda\xed6\x8a\
;\x9f\xcf\xa7\xae\xeb~;\x0b\x03:0\xab\xd5JT\
\xabU\x09\xe2b<\x1e\xff\x00&\xeer\x03HkS\
\xce\xd0z\xbd\x0e5\x05\x01L\xfc\x84\x9a\xb82)B\
\xe3\xc5\x0bS\x0a\x14^\xfc\x8e\x04\x01\xeb\xcbt:\xfd\
\x05\xf7\xd7\x10\xd0s*\x00\x8c\x9aG\xc6\xcf\xa8S)\
\xe5rYt:\x1d1\x1c\x0e\xc3\x96\xc4g\x04Q\xaf\
\xd7E\xa3\xd1pG\xa3\xd1\x1c\xde\xbb\x05[\x7fs3\
 \x81\xa8\x04r-\x06\x83\x81\xe8v\xbba{\x22\x08\
l\xcf\xfd~/\x96\xcb\xa5h6\x9b_\xc1\xc4\x0d\xc8\
\xcc\x08\x80\x8a\x89\x93\x02*\x95Nj\x04\x9da\xc4\x08\
\x84\xd7\x0f\xa6\x02\x99\x90\xb3&S\x0a\xe43\xd7\x1c\x80\
j&\xc8t9\x8e#\xa0\x10\xcd\x8b\x90;\xd3\xbd\x83\
 h] \x0b\xaa\xee\xd1\xd9\xc8\x5c\x84*`\x08B\
:\x97w\x14@R\x1a\x9d\xb4\xfeW9U\x81@m\
\xdbv\xec\xbc\x10\x80\xa4\x8fU t\x7f\x5c4\x80L\
\x930\x88\x84\x82\xa1Ftg*Gi\x93\xd4\xd1\xf0\
\x1f\x03\xe1\x91\xc8\xe8t\x0c$9T\xa5\x225\x05B\
\x01B\x07(\xc9\x91\xcef&\x00<R\x9e_\x13\x16\
\xcc\x00\xb0T\x98\xb0\x91\xd5\xb1\x19\x03h\xd8\x90\x0d\x93\
\x96\xcb\x97\x02\x06\x22 \xc3\x9c\xcf\x81<,d\xae\x01\
\xd3\xa5\x9a\x1f\x85\x01\x84\xd1\xe3\x1d\xe6?b\x22\xd6\x8a\
?\xb0Oe\x80R\x1f\x17\xa8L\x0f\xeb\x8c\xb3\xa7\xe0\
C\xf4\xac.D\x06\x10\xe9\x00p\xc4\xe2|\xe7{\xc6\
\xc6\xc9y\x819\x10\xdah^^\x8a3.\x07\xd2d\
C\x90~\x0c\x00\x0eP\x97A^a\x7f\x1f\x9d\xdb\x91\
\x96{\xfa\xcc\xcf<\x10?\x12\x8f\x08?\xc3\xfd\x1f\x90\
\x0b\xf0\xb3\x07\xfdf\xb1!\x82\x0c\x94\x88P'*m\
G\x9f\x1e\x893\x9f8\x93\xfa\xe4> N\xdf\x01\xcf\
\xca\xbe\xf4\xefK\xec\x9d\x00\x00\x00\x00IEND\xae\
B`\x82\
\x00\x00\x04U\
\x89\
PNG\x0d\x0a\x1a\x0a\x00\x00\x00\x0dIHDR\x00\
\x00\x00 \x00\x00\x00 \x08\x06\x00\x00\x00szz\xf4\
\x00\x00\x00\x04sBIT\x08\x08\x08\x08|\x08d\x88\
\x00\x00\x00\x09pHYs\x00\x00\x03v\x00\x00\x03v\
\x01}\xd5\x82\xcc\x00\x00\x00\x19tEXtSof\
tware\x00www.inksca\
pe.org\x9b\xee<\x1a\x00\x00\x03\xd2ID\
ATX\xc3\xd5\x96YhSY\x18\xc7O\xeeM\x9a\
\xa6\xadi\xb5\xb5\xd6\x8a\x1b\xd2:\x8a/\xb1\xa6Yz\
\x934\xb1\xb6nc\x15\xadPAE\x90\xc1\x05t\xb4\
\x8b\xa9M\x9a\xad\xab\xd4*u\xafH\xad2\x0b\x83J\
\x15\x07f\xa8\x22\x22>)\xa8\x0f\xa2/\xfa0\x0f>\
\x98\xa7\x0aZ\x10\xa7\xdf\xfcOzu*\x84\x9a{\x9b\
(^\xf8=\xe4n\xff\xdfw\xcew\xce\x0d#\x22\xf6\
-a\xdf\x95\x00\xf3t\x9d\x047\xd4\x86\xcd\xaa\xfd\xa5\
8g\xd5\xb1^\x9d\xad\xe9\x8db\x01\x04k5\xcb\x8f\
D\xc5\x15G?0wG\xa1\xd2\xf0\xe2\xddC]\x10\
\x18\x82\x00A\x80\xd4\x08TeV\xf7Q\xee\xe6\xcb\xc4\
\xdc\xed\xcd*G`\xe6$\x04:/N\xdd4@\xf3\
\x7f\xfa\x8b\x0b\xbcd\xe5m\x1a5\x12\xaa\x04\x10\x9e\x8e\
a\x1f\xd6U\xf6P\xd1\x9e\xdb\x94\xb9\xe6$1Wk\
\xc5\xd7\x13pwl\x04\xc4\xca\xdbG\x0b\xb7]\xa5\x19\
\xb5\xbfq\x81\xdf\xbf\xa6\xc0\x15\x84C\xa0\xad\xdbX}\
\x8e\xe6\xef\xbcI\xa2\xa7\xf3=s\x86\xf3R.\x80p\
#\xc2G\x10\xfe\x9c\xb9\xda\x0c\x82\xa7\xe3\xcd\xdc\x1d\xd7\
\xc9\xb8\xee,A\xe0@\xea\x05\xca\xdb\xb7\xc7\xaaw\xb5\
\xc5:\x9f\xb9\x22\x17\xf2j\x06h\xe6\x16L\x83#\xf4\
T\xe1*0}\x14`\xa6}\xa6D\x05\xfeF\xf5\xa3\
\x98\xf3y\xb1\xdf\xce\x88\xdb\x80\x97\xcc\xdez\x85\xf4+\
\x8e\x10\x93\x82\xf6\x04\xf7\x81\xf3\x10\x88\x8e\x13\x88\x82\xf3\
_\x0a\xcfG\xf8\x07\x84\xdf\xfdt\xce\x19\xd60G\xf8\
\x9f\xc2\xda_)\x87O\x83\x14\xe8O\xd9V\x8c\xf0\xbd\
\x08\xe7\x1d\xbf\xf3\xb3\xf3\x8ePg\xf6\xda\xd3T\x80M\
Ip\x84\xde\xb1\xb2\x16cj\x04\x5c\xad\xf7\xc1\x08\x86\
=\xfb\xb3\xf3RpI\x9a\xa7\x83\x0aj.\x91\xa1\xb2\
\x9bX\x99\x7fW\xd2\x05\x10<\x17\x8c\x22\xfc\x8f\xb8\xd7\
\xcb\x02\x8fr7\xf4\xd1\xd4ug\x88\xd9}\x0fS!\
\xe0E8_j?\xc6\x17h\xa9\xcb\xac:Jy\xeb\
\xfbH\xeb\x0a\x13\xb35\x9b\x92+\xe0\x8c<Ax\x14\
\x0d\xa7\x8b/\xe0/\x14\x1d\xa1\x7fs\xab\xcfPF\x05\
V\x83\xed\xf0\xa9\xa4\x09 |1\xc2y\xf5'&|\
\xd8\xee\x1b\x9a\xb2\xb2\x87\xb2W\xf5\x92\xc6\xda<\xcc\xac\
M\x86d\x09\xb4\xc6\x04\x1c\xa1\x07\xcc\x11\x1cD\xd3\x81\
\xc0 \x86\x1d\xf8\x07\x99\x9d\xe3\x1b\xc4\xb0?\xd3\xbb[\
!p\x9ct\xfc~\x8bw[\x92\x04\xc2/\x10\x0e\x81\
 \xdfh\xf8ZG\xa7\xb7\x8ca\xf7\xf3\xa6\xe3s\x1e\
Cc\xf3\x91\xb1\xaa\x872<\xed\x5c\xe0\xde\xa4\x05\x10\
^:\x16\x1e\xf2%\xf4\x02k\xd3%\x03\xb6\xea\xac\xe5\
]$\xd8\x0e\x13+m\xfcar\x02\x8e\xd0\x89\x98\x80\
\x14,NP\xa0R\x8b\x91\xc9\xc0\xe7Z'\xf9\xb9@\
\xb7j\x01\x04g\x81a\x84?N\xf8\x05\x16\xaf\x08^\
\xa5\xbb\x22\xa4wb\xba\xcc\x0dQf\xaeOS+\xb0\
G\x9e\xf3&EU\x94\x1e\xea\xd1\x95\xf9I\x8f^\x11\
\xac\x87\x88-\xab\xafQ' \x05\x9f\xc6\x1aN\x0a,\
P&\xd0h\x15,^JC\x83\x8a\x16|\xe9\x96\xd5\
\xddR,\x80\x8e\xf7\x08|)I\x81\x97\x8a;\xd9\xdc\
\xa0\x01\xaf\xb5hB\x11\x22\xcc\x5cG\xac\xe4\xa0E\x99\
\x80\x14\xbc\x96\xb5\xba\x97/\xb5;\xaav4s\xfd\x1d\
\xd1\xea%\xc1\xdc\x88p.p\xe0\xcf\x84\x9eC\xe5\xb3\
\x11\x1eA\xe5\xa336\xf5\xf3/\xdb\x08\xd6\xfan\xac\
\xf59\x09V\x9f\x81\xf0\x85\x18\xf6\xb7Bi\x03ix\
\xf8\xd2\x9f?\xe2e\xa6\xfdE\x13\x0bL\xb4\xd10\xa6\
\x03i@\x0f\xd2\xe3b\xae\xe7s>F\xc9A^\xf9\
\xff\x02\xa6\xfd\xfc\x9f\x0f}q\x0apL\x03\x8b@\x05\
(\x07\x8bA.0\x82\x1c\xf9z\x1e\xc8\x07\x052\xf9\
\xf2\xb9i\xf2\xef\x22P\x02\xdc\xc0\x0e\x16\xca\xf7\x88r\
\x06/f\x0a\x98.\xbf;\x13\x08q\x86\xe4\xd3\xa1\x91\
\x11dD\xa0\x1d\x87(#\x8c\xbb\x97\xa3\xa8w\xfe\x03\
\x1bC\xd1\xf3I\xcf\xc3\x14\x00\x00\x00\x00IEND\
\xaeB`\x82\
\x00\x00\x08\x13\
\x89\
PNG\x0d\x0a\x1a\x0a\x00\x00\x00\x0dIHDR\x00\
\x00\x00 \x00\x00\x00 \x08\x06\x00\x00\x00szz\xf4\
\x00\x00\x07\xdaIDATx^\xc5\x97klS\xe7\
\x19\xc7\x9f\xf7\x5cm\x1f\xdb\xf1%q\x1c\x1c'\xe4B\
b\xc2\x9d\xb06\xe4\xa2n\x9dF\xd9\xaav\x9d\xa0S\
Y\xb5\x8eN0\x05\x89\xb2}\x19\x12 \x04\xa8b\xd2\
>\xb4\x081\x06\xa2JS\xa9\x9d:Z:1\x05\xd0\
\xe8\xba\x12\x12\xd4% \xc8H \x01\x82\x9d\x10;v\
\xe2\xe0[|?9\xe7\xbc{\x8fd\xb4Zxn\xa4\
~\xe8#\xfdt|\xac\xf7\xe7\xe7\xff\x1e\xe9}\x8e\x8c\
0\xc6\xf0]\x16\x05\xdfq1O\x84\x1fl;\xf2\x0a\
\x11Z\x16\xe9\x0d\x5c\xf9\xf8\xd0\xf9\x22NQ\xaf`\x00\
B\xcb\xe1\xc3\x87j\xcd\x02\x14\xadH\x12\xe0\xf0\xe1#\
\xaap\xbe\x98S\xdc+\x1c\x00\xc6&C\xa0/\xb1B\
\xb1J\xc4BP\xc4Y\xacW8\x00\x85T\x0a\xe9\xf9\
k\x0a;\x8b\xf7\x16\x1f@\x95p\xde\xe7\xa7\x03P\xf9\
Nao\x91\x01P\xa1\xdd\xe4\x07\x02\x84\x9e\xea\x95\xef\
\x14\xf7\x8a\x07\xe8\xed\xe9\x82\x89{CP\xacj\x5c\xeb\
\xa0\x98S\xdc+\x1e`\xc0\x17L\x03kqA\xb1R\
\xd7\xa8k\x8b9\xc5\xbd\xfc\xfa6\x93\x10\x118B\x09\
\xc1\x90C\x97\xdb\x94B\xc8\x10\x12\x84yB<w/\
\x11\xf0\xb7\x1eD\x82\x96\xbbq\xe1\xfd}W\xdfy\xaf\
\xe7\x17\x08)\xed\xa1\xd9i\xb3\xcf\xfb\x88\x9b\x9c\x9c\x04\
\xbf?\xa0\xa8\x82\xdd^\x8e\x1c\x95N\xc5fw\xa4\x0c\
&{h6\x1cO\xc4\x93\x99\xbe\xb3'~\xf7\xa9\x1a\
\xb0\xe0 z\xe7\x8f\x87j\x8d\x1a(Z\x89,P\x7f\
:yZ\xddm0\x9b\x0c\xbf4>2T\xee\x8c\xcc\
\x187\xa4\x93\xfa\x97\x0d:]is=\xa7\x0a\x8f\x13\
I\xd1\x1f\x18O\xcdE\xfd\x89\x99R\xfb\xfck\xbf\xee\
L\xf6\x5c\xfe\xb7\xda\xef\x12!E\x90\x9f:\x05\x1eo\
\x08\x8c&k\xb1\xb3L\xc9\x99(\xbf\xbc\xdea9s\
\xe6LG\xff\x9fO\x95\xbd\x5c\xe7\xacj]\xd1PR\
b\xb7\x83\xc6h\x04Z\xa3\x01D\x04)\x9d\xd1\xa6\x13\
q\xed| `\x1d\x18s\xc7>{\xfbP(\xe1\xac\
\xab\x06\x00\x07\xc1GH\x12p\xde\xcb\x88\xa6\xfe?\x14\
A\xc3\x02k\xd2\xd3\xc2c\xbf\xa7\xe2\xea\xc1\x83M;\
V\xd4\xd6\xbf\xd0\xd1Rb[\xba\x94\x84C\x10\xf3z\
a\xe6\xf6m\x08\x0c\x0fC\xcc\xe7\x05\x1a\x03\xd8jj\
`\x13Y\xb3\xc5\xc493_^t\xee\xd9\xb3\xa7\x15\
\x00\xac\x04\x8e\x00L\x81\x00\x05\x8bF@\x09<\xf0~\
\x8f\xc74\xf4a7\xd5\xb9\xe1{\xaeU\xebV\x0b\xa0\
\xc8052\xa2\x0cy\x03\xf3S2\x95\x08\x1b\xcc)\
U\xb0\xc4#\xba\xa62\x8b\xbemec\x89`\xd0\xa3\
\x86U+\xd873\xe9\xfa\x93\x1f}\xf4\xec\xe9\xa6\xa6\
`ggg\x1c\x00\xc4E\x07\xe0\x19`Y$\xea>\
8}\x8ay\xce\xc8\xdb\x9bV\xae(\x83\xac\x08\x03\xa3\
\x0f\xe2\xb7D\x08\x99~\xb4%\xdcTS\xb7P]S\
M\x1bx\xca888\x98N\xfd\xfd\xac\x0e\xa5S\x08\
s,p\x0c\x03\x0d\x8d\x0d\xdc\x0b\x0f\xc7[\xf6\xee\xde\
=\xb1i\xd3\xa6\x07\xb5\xb5\xb5\x89\xbc\x00\x97\xceu\xc1\
\x83\xd1\xc2CeY]\x0dk\x108=?z\xc3\xf8\
\xc3U\xae2\x9ea\xc0\xeb\xf1\xc8\x17\xdd\x9e\x90fc\
[`\xc1\xef\x9e\xcf\xc6\x83\xac\xdf3d\xf6x\xdc\x8a\
\xf9\x8b\xcfm\xafu\xb4Y\x90$Arv\x16\x14\x8c\
1\xcbq\xa8e\xe5\xca\xd5\x9b\xbd\xde\xdb]]]#\
G\x8f\x1e\x9d\xce\x1bD\xa3Si\x00}\xe1\xa1bv\
4\xda|\xee!\xc1\x91\xc9\xd8\x0cz=d\xa2Q\xf8\
\xea\xce\x987X\xb7n|\xed\xd2g\xa6\xc8\x0e)A\
#W<\x1c\x1f\xcdX?\xff\xa7\xfd\xe7\xcf6[\x8c\
d]\xd8;\x05\x97\xefO\xcc\xe85\x1aj\xd3\xaaF\
\x9b^\xd0\xc3r\xbd\xbe\xfe\xd6\xf0\xb0\x0d\x008 \xc1\
\x16KkGG\xc7\xbe\x0fV\xaf\xf6=\xd8\xb1\x03\x0f\
\xbd\xfa*\xfe\x95\xc9t\xee\xc0\x81\x03\xaf\x13\xa7\xa5\xaf\
\xafo\xc7\xde\xbd{\xffp\xa4\xb2\xf2\xfa\xcd-[\xf0\
\xf8\xce\x9d\xf8\xe6\xd6\xad\xf8mr\xcf \xf4\xfb\xedf\
\xf3\xb9[\xc4Q\xddn\xf2\x1b\x0d\x0d\x0d\xbb\x89g[\
\xf4 \xda\xfc\xdcZg \x0aK,\x1aM9%\x8a\
\x90\x89\xc5\xe0\x81\xd6\xcc\xb9\xecM\xaf\xbf{\xfa\x13\xe6\
\xde\xe8m\xbd\xf5\xc2\xf9\x9a\x1f\xafYc'\xbb\x85\x88\
\xdf\x0f\x7f\x1b\x1d\x9f\xf9\x90/O\xbe\xf7\x97\xd3?=\
\xb3\x7f\x1f\xaf:F\xad\x16\xcax\xde:\xedvs\x00\
@\xe5\x0d\xa2\xee\x13\x87j5\xdc\xff^d\xf8ko\
V\x0d\x03\xa53\xee\x1bV\xb8\xf2\x0f\xa4$\x93 g\
\xd2\x00\x9cn\xc9+\x9b;\x0c7\xae\x0fb\xea\xfa\x15\
[kM\xa5\xd9\xc02\x10%\xcd\xbfJ\xa6\xc3\xb1\x9f\
\xbc\x18\xbc\xb4{\x0f\xa3\xe1\x18\xc3\xf03k5J`\
\x12\x94d\x02\x14Q\x84\x5c\xe1\xbcS\xe0\x9d\x09\x81\xc9\
\x9c?\x880\xc6H\xbd\xea9\x8c\x05c)z,J\
\xa2\x18\x8bi\x19I\x06\xa7\x941~\xd9{\x15%O\
\x9d\xb0v\xf0\xb4YO\xd1\x10\x9d\x09B\xbf(G\xee\
\xaeo\x9b\xde\xbe\xfd\xadPIY5\xba\xf3\x9fA\x9a\
\xf1O\xeb\x18Y\x0616\x0f3\xd1h\xa8\xa2\xa2\x22\
\x0b\x00\x12\x95?\xe9\xf2A\x80\x11\xc2\x0a\x02E\xa6d\
EV*\x9d\x0e\x98Ft:\x1d\x8d\x02'\xcb\xd0\xac\
e\xcd\xf2\x99\x93\xa5\xad\x8ah\x16\x10\x82\xc8\xe39\xe8\
K\x8b\xa4\xf9F\xff\x1b;wE\x9c\xce*\x99\xa3\xb1\
n\xd2\xe3\xa6\x97\xccG\xf5\x9c,\x81\xea\xba#\x91\xa9\
\xea\xea\xea\x18\x00\x88\x85\x03\xe4\x9a\xab\x8d1&\xcd\xe5\
\x05zA\x94H\x80ji\xcelME#\x11\xa0\xb3\
Yx^\xc7Y\xdb\xb2I\x93\x1ec\x88\x85\x1eC\xbf\
\x0c\xb1\xbb\x1bZ\x03o\xfefW\xaa\xdaYE\xf3\x8c\
b\x19\xbf7b\x99\xf8\xf4\xaf:Wz\xdeHeE\
P\xdd\xfb\xd9\xec\xc3e\xcb\x96\xf9\xd5\x00L\xa1\x00\xea\
c\xc7\xb9\xe6\x8a$\xd1\x8a,SYYA\xd5K\xeb\
\xd3s\x15\xcet\xef\xdd;\xe1\x970\xb6\x08\x1c\x87\x88\
\x02iI\x82[\xfa\x92\xf9\xb1\xe6\x8d\xb3d\xd4\xf2\x0a\
\x00}\xf7\xf6 \xf5hr\x02M\x9e\xfbD\xb3\xdc\xff\
\xc8dQ0\x95\x8a\xcf\xc3\xc0\xdc\xdc\xf0\x17\xa28z\
\xad\xb3\xf3>Q\xa5\xbc\x00\x9f}\xdc\x05\xa3#C\x08\
H)\x8a\x82H\x10\x0a+\x0a\xad`\x85f\x19\x1a\x95\
Z\xcbd\xd7\xaa\xa6\xec\xbfz\xaf\x86\x97\x87C\x9a\x06\
A\xd0\xf14\x0d\x92,\xe3x<A%{\xce\x99\xdf\
\xba\xdc\x93A\x00l\x85(j\x1a\xe5\x05\xed\xf7\x11\x12\
\xca8\x96\x92\x01`$#&\xaf\xa4\xd3\x83\xbf\xdd\xbf\
\xff\xda\x9a5k\x22\x00 \xabM\xf2\x8e!\xb9'\xbe\
B\x91]3\xe4\xd1\xb3\x8a\xbc\xc0aY\xe6\x000\xa5\
\xd3\xf2|\xe5\x92R!9\xe7V\xe2g\xdf\x17~)\
\x08m\xb5,\xc3\xf3\x14\x0d\x0bX\x81\x8c\xac\x90+\x06\
\x00\x0c,\xa2@CQ\xc0\x10\xb2\x8a\x0cw$\x9c\xba\
\x88\xd8\x9b\xa5?{\xf1\xdd\xee\xee\xee^\x00\x88\xe7\x05\
x\x02B\xc4\x04\xa0\x09Z\x82\x9e` \x08\x04^\xa7\
\xd3\xf1uuuB{{{\x99\xcf\xe7[\x1d\xbcp\
\xa1\xf1y\x9av\xb5\xb3l\xad\x01!\xe0(\x04\x0c\xd1\
\xd5\x0c2`\x10I\xa8\xb8\x82a`aa\xacO\x96\
\xaf;\xb6m\xeb9v\xecX\x9f\xcdfSw/\xe5\
\xbf\x0d\xf3\xc1\x049\xb7H\xcc\x05\xc2\xa9TJ\x9e\x98\
\x98\x10I\xe8\xec\xfa\xf5\xeb\x93\xa5\xdb\xb7\x07\x8fww\
\xfb\xaeK\xd2\xd2F\x84\x96\xd4!T^\x8eP\x09\x90\
\x9a\xc5\x10\x9d\xc0J`\x1c\xe3\x89k\x00co\xec\xda\
uu\xeb\xd6\xadCdb\xc6\xc8U\x82\x5c\x15z\x02\
(\xf7\xa7\x95%\xf0\x04M\xee\xca\xe5\x02S<\xcf3\
\x95\x95\x95\xbc\xcb\xe5\xd2\x91\xe3d\x0a\x06\x83U\x81@\
\xc0L\x9e\x8avvvVu1\xd9e\x96\x9c\xf5\x98\
\xc3\xe1\xf0577\xdf!^\x90T\xfc\xf8\xf1\xe3\x22\
&U8@~\x08:\xd7\x90\xcd\xc1\xe4\xbe\xa3\x9e\xa0\
\xd5j\xa9\xaa\xaa*\x86\xc0\x92f\x8c\xc5b\xa1\x05A\
\x00\x86a\x94L&\x93\x8d\xc5b\x99p8\x9c\x22\xe1\
\xd2\xfd\xfd\xfd\x19\xe2\xc8\xa4\x9f\x02_\xab\xff\x02c\xab\
\xcc\xa0\xefr\xed\xd3\x00\x00\x00\x00IEND\xaeB\
`\x82\
\x00\x00\x02m\
\x89\
PNG\x0d\x0a\x1a\x0a\x00\x00\x00\x0dIHDR\x00\
\x00\x00 \x00\x00\x00 \x08\x06\x00\x00\x00szz\xf4\
\x00\x00\x00\x19tEXtSoftware\
\x00Adobe ImageRead\
yq\xc9e<\x00\x00\x02\x0fIDATX\xc3\xed\
\x97\xcbK\x02Q\x14\xc6\xef\xcc\xd8cQ\x11-\xdb\x94\
\xbb\xf6\xf6\x0f\xf4?\xb4\x11\xa2EA\xf4ZG;\xa9\
\x85\xba\xaf\xa0\xc2\xa0E\x10\x84B\x8bj\x13\x11\xa5\xa0\
\xf4\xdaX\xe4#\x82\xa0\x9dH\x99\xaf\x1e\xe6\xed\x1c\xbc\
\xda\xccm\xac\x99\x9b%A\x03?\x0es\xeew\x0f\xdf\
\xdc\xd1\x0f\x95)\xa5\xa4\x9e\xc8\xa4\xce\xd7\x97\x06\xfa\xec\
3\xd3\xc0I\x15\xa6\x8dj\x84\x0d\xc0\xd5\xbf8\xef\xb0\
y8\xb0\x87k&4\xc2\x06H\xf8:I\x82q\xa2\
\x01{f5\xc2\x06P$K\x1c\x02\x1aa\x03\x92\xf4\
q8\xf6t5\xf2{\xe55\xe2' \xe9\xa3\xab!\
\xdaZ\x13\x03{\x9b+di\xd6\xae\x01{f5\xa2\
\x06\xbc\xe1\xab\xfci\xb1\xa5G\x03\xf6p\xcd\x84F\xcc\
\xc0\xfe\xba\xc3\x0d\xf4V\xc1mT\xf3\xb7\x83hu\xd1\
a[\xe3\xc0\x9e:\x88\x0ch\xc4?\x84\xf1\x9b$\xb9\
\xb8%\x1a\xb0gV#\xfe5\x04\x95\xc2\x90U\xf0\x1a\
\xb5N\xd1\xd1|+\x07\xcaC-\x0c\xbd\x1c\xb0\xf0\x06\
j\x16D\xdc`\xa5\xca\x09(?u\x02[\x1b+\xc4\
9e\xd7\x80=\xb3\x1a\xe1 :\x8e\xe4O\x1f\x9b{\
4`O\x1dD\x064\xffA\xf4\x1fD\xb5\x0f\x22J\
\x8b\x8a$ImX\xeb\x12D\xf0\xbb\x1e\xf7\xb7b\xad\
K\x10\xe1\x93\xc3r\xe5\x04~?\x88J\x06\xda\xb1\xd6\
,\x88\xe0\x9d\xca@\x03\xbe[\xa03\x97N\x1e\x84\xce\
S\x97Y\x8b5\x92Q\xac\xd1\x8c\xd2\x1dC\x82\xe1\xbb\
X6\x958\x84-\x8dX\xf1\xbe\xbcV\xc2\x1a\x0d\x9d\
\xdfGr\x0f\x09?\xcc\xe9\x02:\x84N\xe0h{n\
\xd9\xefu\x0e\xf8\xbd\xae\xa1\x80\xcf5\x12\xf0\xb9G\x81\
q`\xf2l\xd7\xe3\x03I\x13V\xbc\x07&\x801\x00\
t\xaea\xd83x\xb4\xb3\xe0Q=\x5c3>\xa0\x11\
\x03\x14x\x05\x0a\xc03\xf0\xa8\x22\xcf\xdd\xf3k\xfc:\
\xee\x7fa\xb3\x8aFN\x80\xaa\x0c<\x019 \x03\xa4\
\x81\x07\x13\xa4\xd9\xbe,3U6@?5@\xf1?\
sIX\xe0\x0c\xe0\xd0\x14\xe3\xbe\x0a)\x8e43\xf0\
\xc4N\xa1\xc8\xe6W\xae7f\xa9\xbf\x14\xb7\x0cZ\xce\
\x00\x00\x00\x00IEND\xaeB`\x82\
\x00\x00\x07\xfe\
\x89\
PNG\x0d\x0a\x1a\x0a\x00\x00\x00\x0dIHDR\x00\
\x00\x00 \x00\x00\x00 \x08\x06\x00\x00\x00szz\xf4\
\x00\x00\x07\xc5IDATx^\xbd\x96kpU\xd5\
\x15\xc7\x7f\xfb\xdcs_\xc9MB\x08I\x9ad !\
!\x08\x88pC\x86\xcaCg\xb0\xf2\xb0\x80X$\x03\
\xe9\xd4\xb6Xmmu\xfa\x986\x83\xda\xd1\xa9tZ\
\xab\xc5\xb6N[\x1d\xa4\x15\xa7\xe3\xa0\xd6\xc2\x04+\xbe\
\xc0\x0e`\x22L\xc4\x904\x0f\x09I\xa07\xef\xf7%\
$\x84\xdc\xf7\xe9\xbe\x9bc\xeed\xc8M\xe5K\xff3\
+\xfbd\x9fs\xf7\xfa\xed\xb5\xd6>g\x895\xa5O\
=\x06\x94\xf0\xff\xd1\xc1\xe3\xaf\xff\xe2\x19bB\x07J\
\xf6>UZ\x9c\x92\x92B0\x18D\xd34,\x16\x0b\
\x91H\x04!\x04\x86a`^\xab{\xe6\xb5z\xd6f\
\xb3\xa99\xf3\x7f5\xca\xfb\x84B!\x1c\x0e\x87\x1a\xc3\
\xe1\xb0Zott\x94\x87\x7f\xf9&\xc0$\x00\x0d\xa0\
\xb3\xb3\x93\xd6\xd6V<\x1e\x0f\x03\x03\x03\xf4\xf6\xf6\xd2\
\xd6\xd6F{{{t\x94\xd6\xce\x85\x0b\x17\xe8\xe9\xe9\
\xa1\xa5\xb5\x85\xea\xdaF\xbc^/]]]\xf4\xf5\xf5\
q\xf1\xe2E\xf5\xac\x5c\x83\xee\xeen\xb5\x9e4::\
:\xb8|\xf9\xb2ZO\xce3\x95t\x80\xe1\xe1a\x06\
\x07\x07\xf9\xf8\xd3&\x9a;.a\xb7'Hj\x1d%\
!\xc00\xd4(4\x0b\x009I\x1a=c\xf0\x8d-\
\xb7\xb1tQ\xae\x8a\x82\xd5jU\x06\x90\x9c\x9cL\xc0\
\x1f@\x8d\x81\x80\x8a\xc0\xd8\xd8X|\x80\xd3\xa7OS\
UUE\xb3\xa7\x9f5s\x9d\xfc\xfc\xbe\xfbXZ\x98\
\xcb\x94\x8a\x84\x01\xa8\xb9\xd0OY\xf9\x09B\xa1\xd5,\
\x9c\x97\xad\x00dJ\x94C\x95&M\xa8\xb0\xeb\xba\xae\
\x00d\x8a\xe3\x03\xd4\xd4\xd4\x90\x93\x93C\xc0\x91Gd\
\xf0$\xbf\xf9\xc3\x1f\xf9\xc9\x9a\xf9D\x0c\x83Usg\
q\x9dlN\x8a\xd2f\xf3\xdc]\xe9\xfc\xec\x9f\x15|\
\xeb\xde;p\xdf<\x97\xf1\xf1q\x9cN\xa7\xaa\x07\x99\
\x7f,\x9a\xa6\xa0\xcc\xfa`*i\x00eee\xca\x5c\
)\xb3\xd8[Z\xcck;W\xf0dW\x11+\xe6\xa6\
\x81\x06\x08\xcc\xd1\xb4\xe08x;(J\xf5\xf1\xbb\x8d\
Y\xbc*#\xf1I\xedy\xd3\x09\xaapu\xabN\xd0\
,B\xb3\x90\xe3G@V\xaczPI\x13h\x99\xf9\
\x1c+\xd1 \x92\x0f\x83\x1e\x10\x00\x02\x84\xc1\x84B>\
\xf0v\xa2\x22\xb11\x93]\xef\x9d\xc1f\xb5\xc9\x9a\xc8\
C\xa5\xc0\x10j\xf7\xa3##8\x13\x12\x00\xe2\x02\xa8\
\x1c%\xa8\x87\x14\x00x\xdb\x99\x90\xa6\x81\x00\x0c\x13\x02\
b\xff\x87\xfdp)\x0a1\x87g7\xccd\xd7[\x15\
$\xba\x5c,Y0GmH\x081Q\x98#\x12$\
\x1e\x80\xe9GS\xa1B\x03,\x00\xa6\x13\xc1\xd42\x80\
\x81\x1e\xb82\x02\x811\x96e/d\xcf\xa6\x0cv\x1d\
x\x9f\x07J\xd7\xb1H\x16\xa6\x8c\x84\x02\xf0\xf9|j\
\x9c\x16\xc0\xef\xf7+\x08L\x9bV\x01?\xb4_\x849\
\xc5P\xec\x86\x93\x7fQ\xbf)\xcaY\xc0o7\xa5\xb3\
\xeb\xef\x1f\xf2\xc0\xf6;)Z\x9c\xaf\x0aS\xa6x\xda\
\x1aP\xa1r\xb9\x5c\x80\x00\xcd\xb4x\x0a\x05\xa1\xa1\x06\
\xd6}\x0f6\xff\x18t;J\x1fE!\x04E\xd9\x0b\
\xd8sw\x06eo\x1c\xe5;;\xd6\xb2lq\x01\xe6\
\x1b1>\x80\xddn\x97\xa4>t\xcd\xc0\xe9\xb4\x82%\
N\x04\x82\x01\xe8\xeb\x84e_\x85\x0d\xdf\x8f9\xbf\xeb\
a\x10@\xc5\xcb`\x11\xb8\xb3\x16\xf2\xdc\xd7\xb2y\xf4\
\xd0\x094\xa1\xb1\xa80G\x1d\xc5x\x00\xea\xe5\xe1\x0b\
Bf\x82$\x15\xa8E\xa6t^w\x16V\x97\xc2\xda\
\xef\x823\x99I\xda`BTJ\x08MB\xc8H<\
##\xf1\xd8\xa1\xe3<\xb8c\x1d\x05\xb3\xd3\xe2\x02\xa8\
\xdc\xdbmV\x86}\x82\xa6\xde\x112R\x1c\xe4\xcer\
1!\xc3\x80\xfe.X\xbd\x03\xb6\xef&\xae\xd6\x9b\x10\
\xa7\xf6O\xa4\xe3\xd9-\x12\xe2\xcd\x7fQ\xba\xf1\xd6\xe9\
\xdf\x03\x09\x09N\xdcE\x8b\xd9_\xdb\xc5\xeaY\x03\x18\
\x12*/\xdd\x84h\xaa\x83\xc2\xb5\xb0f'\xffS\xeb\
\xa2\x10\x02N\xefW\xa9tg\xc9H\xdc\x93N\xd9\xc1\
\x0aFG\xc3)S\x02\xc8\x22QQ\xb8g\xddr^\
\x1d\xbe\xc4\x91\xba\x0fA\xeb\x93&\xc8\xcbH\x82n\x0f\
<\xf1\xb4Z\xf8\x0bi\xed\x0fP\xaaz\xc5\x84\xb8\x89\
=%\xd9l}\xfaT\xee\x1d_\xdf\xbdY\xf6\x04G\
0\xa5\x01\xb1\xafX\x92\x8b\xbb%\x845\xebf\x0e7\
\x09*\x9b\xfb\xf1\x0c]\x81\xdc|\xf8\xf3v\x08\x05\x00\
\xbe8\xc4\x8a\xfb\xc1\xd3\x08\xfd\xcd\x14e\x85y\xed\xa7\
\xc5\xba\x10\xec\x8bB\xc4\x00b\xe2\xea\xd5\xabhBp\
\xfb\xf2E\x84\x92\xf3(o\x0cSy^Bd\xcc\x03\
\x7f\x17\xfc\xe9^\x08\xdf\x00\xc4\x9d\x12\xe2\xcbQ\x88\xcf\
\xa0\xaf\x89U\xf3l\xe2\xf9\x1d\xa9i1\x08\x13@ \
\xd4WLv8\x13-@\xf1-\x05\xf8\x13gS\xde\
 !\x9az\xf1\xa4\xe7\x03^\x09\xb1\xed\xc6 \xbe\x22\
!V>\x04m\xe7`\xac\x9b%\x99~\xdb\xf3\xdb\x93\
\xd2\x04\x0ab\xb6\x02@\xa0Z)\xc30&Z(M\
\x13,Y\x98K@B\x1cn0\xa8<\xd7'!\xe6\
\x81\xf0\xc2\x8b7\x08q\xdb\xfd\x10\xb2\xc2\x95A\x18\xeb\
d\xc9\x8c^\xdb#+}I\xc0\xb75\x94P\xcee\
\x04\xd4\x17M~\x98\xd4\xc9p\xd8\xed\x14/\x99\xc7\xb8\
=\x9b\xf2\xfa\x10\x95\x9f\xf5(\x08\xb8A\x88\xe6\x8f\xc0\
\xe1\xe2\xf2\x95qN\xd4\xb5\xf3\xe2\xdb\xf5\xe1S\xe7\xbd\
\x11\xa0O\x03&\xba\x16\x80\xe4\x94d\xd5\xbd\xa4\xa6\xa6\
*\x08\x8b\xa6\xb1\xdc]H\xc0)\xd3Q\x1b\x96\x102\
\x1d\x19\x85`\x19\x86\xbd%\x10\x0e\x12O\xaah\xeb\x8e\
\xc0{\xbf&\xd4^\x83'h\xe5\x94G\xf8\xdf\xef[\
\xec=\xeb\xcd~\x12\xf8\x9bn\xee^\x9d\x0492c\
\xc6\x8cX[%\x84jReZX\xb68\x9f\xdaF\
\x8d\xc3\xb5\x1d\xa0\xf5\x80\x8cL\xde`+\xbc\xb4\x0d\x1e\
:\x04\x16+\xd7\xa9\xf1=\x8c7~\xc8\xc8-\xcbi\
\xb4\xdf\xce\x99\xfaA\xce]Y46\x1av\xed\x94G\
\xf1]\x80\x89\x08\x00*\x05\xf2\x9a\x993g\xaa\x16-\
33\x93\x8c\x8c\x0c5g\x95&\x1bP\xfc\x8e\x1c\xca\
\xcf\x06\xa9l\x88Fb>\xe8\xc3\xb0o\xdb\xf5\x91h\
\xfb\x04*\xf7\xe2+^E\xc3\xa8\x95\xb7\xaa\x868X\
c\x0fu\x8d\xa7\xfa\x81\x0f\xae{\x15\x9b\xfd\x80J\x85\
<\x11j\xf7r\xe7j\x1e`hhH]\xcb\xd3\xc1\
\xd9zAyu'\x88nX:_F\xa2\x05\xfeZ\
\x02\x0f\x1e\x04\xc3\x80Z9\xbe\xbb\x1b_\xe1\x02\x9a}\
V\xce\xb4\x0eR\xe5\xb10\xee,\xf0\xe8\x86X w\
\x1f\x9e\x04p\xe0\xc0\x01\xea\xeb\xeb1\xd31\x01#\xd3\
\xa0\xd2!\x9bMef\xb3)\xe7\x0d\x86G\xc7\xb8<\
d\x07M\x80[B\x0c\xb4\xc0\xcb%\xb0\xfeq\xa8x\
\x81\xd1\xa2\xe5Tw\x078v\xe6\x22\xc7k\x06\xe9\xf0\
\x0a\x0an]5\x12s\x1e\x038X\xd1b\x01\x87\x1b\
0\x84\x04\xd0\xaeY\xc4\x82\x1c\xb1\xc9\xb9D\x84\x0dC\
\x1a` \x00f\x18\x86\xe8\xe8\xe9L{\xfd\xe3\xfe\x14\
\xb4nMAD.\xc1\x91\xc7\x09\xe5e\xe1\xf1Y9\
\xd1\xe05\xdeiL\x0b\x93\xba\xb4\xbb\xa00}P\x08\
\xed\x1fL\x16Q\x87\x98M\x89\xd9\x8c\xe1\x04\x5c@\x12\
\x90\x08\xd8\x01\xabyO3M\x00Xt\x9b\x9e\xef^\
\xff\xcdey\xda\x96\xcd\xeeP\xc2jw\x0e\xa9\xf8\xa9\
\xef\x0bP}\xfeR\xa4\xaa;g\xb4\xa5_\x7f\xa4\xfa\
\xe8\xbeC@@\xfa\x8a\xc4m\xc9L\x19@\x18\x08\x01\
\x01\x05\x14\x9b3\x01c\x00\xe1P\x80\xff\xfc\xfb\xd8>\
]\xdf\x14\x12\x16}\xab?\xd4\x91\x98\x94h\xa3\xbe\xcd\
\x08\xd4\xf4f_\xed\x1d\xb1\xbeP}\xf4\xa5\xb7\x81\x98\
\xe3i\x00\x8c\x18\x00~\xd3I\xd8\x04\xd1\xa7\x000;\
4\xbf\xd1Z\xf3\xc1\xef\xad\x8e\xad~\xa1\xe9;\xbe\xe4\
\xe8uz\xfc7\x8du\x0c\x8c\xff\xa8\xee\xe4+\xef\x00\
!\x13\xc0\x98\x16\xc0\x90\x12BD\xcc\x1f`R\x07\x01\
}r\xf8'\x03\x00F\xd0?f\xb4|\xfa\xee\xaf\xf4\
\x95\xdbZm\xb9\xa9\x8fz\xfdI\xc1\xae\x96\x93G\x01\
\xbf\xb9F\xc4\x90b\x0a\xfd\x17\xf4\xfc~\x8c\xe1\x91k\
\x02\x00\x00\x00\x00IEND\xaeB`\x82\
\x00\x00\x02S\
\x89\
PNG\x0d\x0a\x1a\x0a\x00\x00\x00\x0dIHDR\x00\
\x00\x00 \x00\x00\x00 \x08\x06\x00\x00\x00szz\xf4\
\x00\x00\x00\x04gAMA\x00\x00\xd6\xd8\xd4OX2\
\x00\x00\x00\x19tEXtSoftware\
\x00Adobe ImageRead\
yq\xc9e<\x00\x00\x01\xe5IDATX\xc3\xe5\
\x971o\xd3@\x18\x86\x9f\xf7\xbb \xb1$\xaaD\xc5\
\x0f`B\xca\xd0!K\xd7H\xec\xb0\x02\x13\x1b\x03\x03\
RYQ\xdb\xff\xc0\xd0\xa5k\x19\xc2\xd0\x8d\xa5\x12\x12\
b(BU\xa1\xc2 \x14\xe0\x1fdI$\xda\xa1\xed\
1\xc4I\x88}v\x93\xd8u\x06n\xf1\xf9\xec;?\
\xfe\xde\xef{}\x96\xf7\x9ee6c\xc9\xad6\xea\xb4\
\x1fn?\x00\xd6K\x5c\xfb\xf0\xdd\xeb\xcd\xfd\x99\x01\x80\
\xf5\x9dW\x9bwj%<\xf9\x1cx\xfal\x1b`.\
\x00\xbe\xfe\xeeqvq\xab0\xc0M\xd7\x9b_\x02\x00\
\x13X\x09Yab1\x00\x09\x9c T\x17\x22<\x1e\
\xba\xbe0\x80\x13\xb8\x05#\xe0c\x88B\x00\xc6\x10\xc0\
'\xde,\xefaA\x09\xfc\xa2\x00\x19\x11x\xffv\xef\
\xf6\xcfoG+\xb3.*\x7f\xc6\x8fO\x1fW\xa5\xad\
\x8d\x8c[\xbex\xef\x0f\xd2\x12X\xd8\x9a~}?Z\
y\xf9\xfc\xf1Z\xbd^\x9fW\x99vr`0\x18\xd0\
j\xb5^\x00\x07\xc1\x08\x84\x00L\xd0\xedvi4\x1a\
\x85+\xa4\xdf\xef\xe7$\xa1\x03s\x81\x90\x0a\xcc\x0c+\
\xa1F\x93k\xa4\x22 \x9b$\xda\xb4?T\x04`\x19\
\x12T\x02P\xcb\x00\x90\xc09\x87s\xae0@r\x8d\
T\x15\xfc\x9b\x03#w\xb3\xaa\x00,\x8eB\xd2wM\
 \xa9\x14\x09$\xe5\x00\xd8\xb0\x12\x96&\xc1\xe8c4\
\xf6\xd9\xd8s+\x03HU\x81&\x87J\x00\xde\xec\xed\
r\xf2\xf985):9\xe6\xc9\xa3\xfb\xd7\x0ep\xf8\
!:\x85\x1bwS\x93\xfe\x5cvW\xcd\xac\x14\x80L\
\x1f\x887\x90\xfb\xe1\xcc\xdd\xdap\xce\xb5\xaf]\x82\xab\
&.\x15\xa0\x12+\xbej\xa2\x0b\xd9\xa4\x86\xf5\xea\x01\
\xbc@>.\x1e\xc5c\xc32\xf6\x80|\x01\x00I(\
\xb9\xd9\xd3\xa4\xa3\xf1\xb9\xa6/k\xba\x9f\xeb\x84y\xad\
\xd3\xe9\x10EQa\x09\x9a\xcd\xe6\xf4;\xcc\xf2s*\
\xe9\x1e\xb0Fym\xbc'\xd4\x7f\xffw\xfc\x17/\x0b\
i2\x8f\x97\xac\x19\x00\x00\x00\x00IEND\xaeB\
`\x82\
\x00\x00\x05\xbc\
\x89\
PNG\x0d\x0a\x1a\x0a\x00\x00\x00\x0dIHDR\x00\
\x00\x00 \x00\x00\x00 \x08\x06\x00\x00\x00szz\xf4\
\x00\x00\x05\x83IDATx^\xb5WKlT\xd5\
\x1f\xfe\xee\x9d;\x8f[h\xe9P\x86:\xd8H\xb5\x04\
Jx\x88\x0a!\xd4G\x5c(DC\x02\xc4\x05\x89\x1b\
\x16\xba\x91\x90\xb8q\xe5#>\x127$\xae\xdc\xb8\xd2\
\xb0\xd0\x95\x09\xff\xe4\xbf \x04+*h\x95J\xa0\xb4\
L\xe9\x93\x96N;\xd3\xce\xab\xf3\xb8\xcfs\xef\x1d\xe7\
wrO2\xc9d\x8a\x93\x8c\xbf\xe4\xcbyL\xe6|\
\xdf\xefq~gF\xaaV\xabh\xc5\x9e;\xfd\xe9K\
\x00\x0e\x01\x08\xe3\xf16\x06\xe0\xf6\x9d\xff}^@\x13\
SZ$\x0f\xc7\xb7G_\xfd\xfe\xab\x0b\x1f\xaa\x11E\
\x05\x00I\x027\x7f@@\x06\x84O\xa3\xe3\xf37\xce\
\x7fv\xe9\x0b\x00?\xa1\x89\xc9h\xcd\xb6\x1f98\xb0\
\xc3E@\xb5\x1d\xc0d\x80\xeb\x01\x8e\x0b\xb0\x1a<\x0f\
`N\x0d\xccAIc84\xf8\xd4\xcb\x1f\xbc\xf3\xe6\
\xbb5\xe1\xaf\xb5K\x00\x1c\xc6\xc0L\x8d{\x1eR|\
\xaf%\x0ea\xa8T*(\x19\x0e\xf2\xc5\x0a\xde:~\
\xf8\xec\xeb/\xee\x7f\x83R\xd7R\x0a\xde\xfe\xe8\xf2\xa1\
\xba%\x9f\xf7\xf5\xf5G\x97R\xeb\x83\xd7\xfe\x9c\x05\xf3\
\xb8vDB\x0a\x9e\x1f\x8c\xe3\xe9'\xa3\x10V,\x95\
`K\x1d\xe8\xea\xde\x86\xc2z\x0e\x9f\x9c?\xfd^&\
_6k\x22\xee\xd5\xea\xa1\xd4L\x80 \xa6\x93\xce\xbd\
\xb07~N\xec\xed\x1f\x88u\xd3\xc8l\xa6\xe8\xba\xb6\
e`\xe7vD\xbbT\x04\xe4*l\xe6\xe1\xc7\x9f\x13\
81\xb4\x1b\xfb\x9e\x89\x81\x8c1\x06\xcb3Af\x07\
\xb6@\xd7u\xf5\xec\xc9\xa1\xc3w'\x17\xf7\x03\xf8\xe3\
q\x118u\xee\xe4\xc1\xf7O\x1c\x1b\xe8\xc7\x06fY\
\x16\x8a\xc5\x22\xfaz{p\xe6\x95~\x8c\xdc_FO\
W\x04\xbd=\x9d\x90$\x09\xa6a\x80,\x10P\x90\xcd\
V\x90\xc9d\xe4\x7f]\x03\x9a\xa6q/62\xc7q\
\xe8\xd0\x1aA\x00\xbbv\xf6bO\xdff\xdcJ\xac \
\x95-C\x8d\xa8\x98\x9f\xba\x83\xaf/~\x8cK\xdf\x5c\
Drq\x9ajG\xda\xa0\x06Z\x07\xf5\x0f\xc3\xf7R\
Q\x14<\xbb'\x8e\xc0\xdc\x1anO\xae\xe0\xf8\xd1~\
\x1c9:\x84\xc1\xbd\xfb\xe0Uetvvb\xb5\xb2\
Pm\xab\x00!B\xd8\xa6M\x9bp`W/\xeeL\
M`9g\xe2\x89\xde>\xc4j\xa0\xdbb\xdb\x0c\xa1\
P\xcak\xab\x00Y\x96y\x1a\x86\x87\x87\xa9\x16\xf8\xba\
\xa3\xa3\x03\xa6\xae\x08a\x9c\xdc\xb0\xa9^\xa8W\xb4\xa9\
\x0f\x08\x84B!\xc4\xe3q\x9e\x86r\xb9L5\xc3S\
\xe1T%\xe8&`;\x1c0\x18@z\x98\x0b\xb45\
\x02T|$\x80\xf2K\x91\xa0\xb5m\xdb\x98H'\xe1\
Vy\x87\x84\xe9pr\x98\x5cD\x9b#@W-\x1c\
\x0ec\xeb\xd6\xad\x88\xc5b\x88F\xa3<\x05\x90\x020\
\x98\xc4\x05\x04\xeaN7\xec\xb6\x0ah,B\xaf\xea\xc1\
\xf3<0b\x06P4x\x0a\xb8m\x0eS\xdbn\xb3\
\x00\x22\x17\xa3\xeb\xba\x90 \xf1\xb9\xc7\xf9)\xfc~\x1a\
\x18\xf0\xa8\x00h6\xf0\x9f\x5cC\x02y.\xd6\xb2,\
A\xb3\x80\x80\xcd#\xc0\xbd\xf7xM\xb41\x02\xc2{\
\x22\x16#\xed\xf17\xc0\xf68\xa1\xc5\x80\xbc\xc6S\xc1\
\xe7&ks\x04(\xecD,\x0a\x92\xe6t\x0d]W\
FA\x03\x5c\x05\xe8\xd9\xcc=G8\xd8\xc6k(\xc2\
N\xa44\xd2\xa3$\x04\xf1tT]D\x82@\xbc\x1b\
\xdc\xd2E\xa03DQ\xaa\xd2\x17\x1a\x05\xb4\x1avA\
&BN\xf7\x9fD\x04\x83Az\xc4\xf85\xacX\xc0\
\xec\x1a\x10\xed r\x17wgs`\x96&y\x1e\x0b\
\xd4\x84\xcbt\x9c\x7ffUi5\xe7\x22\x02\xd4|h\
M\x22(\x1a\x14~\xea\x8e$\x8e:c9\xb7\x88_\
\xc6\xc7\x90y\x94\x00$\xd9\xb4\xe4\xee\x05\xa3\xb4\x96\x06\
\x10$\x1f\xe88\xfe\xbdV\x88i\xa4\x9eOs\xd34\
\x89\x94\x04PC\xa2\x91\xef\xcd\x8e]\xc3\xc8\x95\x87\xc8\
\x96\xf4E%\xa4N1D\x16Y5\xb8\xc8\xcc\xd4\xf8\
\xcc\x8d\xef\x0a\x00\x22\x00\x98\x0fW\xd9\xa8\xc8\x88\x8cL\
\xe4\x5c\xb4\x5c\xea\xff\xba\xaeCUU\x12\xc4?3t\
\x9d\xb7b\xe68\xc5\xe5\x8a\xfa\x7f\xdb\xb2\xc7\xad|z\
A\xcb/\xa5\x0a\xc9\x89\xac\xefu'\x00\x0b\x80!|\
T\x9ay.D\x08\xaf\xe9p\x91k\x12B\xcfo\xa9\
T\x12b\xc9{\x1a\xa95\xaf\x9b\xb7~\xbb\xfe\xf0\xde\
\xf5\x19\x00\x9e\x8f.\x00\x0e\x00[\xd4\x9d/\xc8\x91\xd1\
hD*r\xccQ(\x14\x88\x80<\xa6_\xbc$\x90\
\xf6\xa8\xf7\x93\xf7$\x8e\xa3\x5c.\x811\xd3u\x99\x15\
\xf2C\xad\xfa\x88\xd4\x81>\x0b\xfaBd\xa1\xa6\xa9\x08\
\xf2\x9a\x22\x10\x89D\xa8\xca\xc9s\xda\xe3\x8fO2\x99\
\xe4{sss\x18\x1b\x1b\x83')\xf6jF\xb2+\
\x85\xd5\x02\x1a\xac\x85> \x88-\xd3D0\x14\xaa\x17\
\xc4\x09\x13\xf7\x13\x98|0\x89\xf9\xf9y\xa42E\xc3\
\xf2Be+\x10\xcd\x9b\x0eV\xca\xf9\x95\x9b\xf9\xf4\x5c\
\xca\xbfj\x9e\x80H\x81\x0f\xe6\xaf\xbd&\x11\x90(\xdc\
<\xa7\x8c1\x1e\xf2D\x22\x81\xd1\xd1QN\x9a\xce\x95\
57\x18\xcb\xba\xe1\xf8:\x0b\xef\x985\xb4\xc2Tj\
\xf6\xee\xc8\xfc\xd8p\x12\xc2\x1a\x05\xb8D,\x8apC\
\x01\xba\xaeaii\x09\x0b\x0b\x0b\x9cxzz\x1a\xf9\
2\xabxj|\x15\x1d\x07\xf2\x88\x87\x1fX\xe5\xdc\xaf\
\xcbS\x7f\xfd\x9d\x18\xb9\x9c\x05 \xfb\x90\xea\x05\x10\xea\
\x05\xf8`\x02M\x05\xcc\xcc\xcc\xe0\xf7+\x97\xb0\x96\xd7\
+\x91m\xbb\xd3\xc1\xeec\xd9\xe0\xb6\xae\x09\x87\xd9\xd7\
J\xb9\xe5\x91\xab\xdf^\x10\xa4\x02\x92@\x83\x80\xe6B\
h^\x15\x7f\xcf\x1b\xfe\x19\x018\x05`\x16\xc0U\x00\
7\x7f\xf8\xf2LZ\xaa\x99 \xf2\x89\xd1\x84\xbc^\x04\
\x1a\x84\xd4\xb5\xe2\x7f\x00\x12\xab\x82\xc2Rd\x01\xcd\x00\
\x00\x00\x00IEND\xaeB`\x82\
\x00\x00\x05\xe8\
\x89\
PNG\x0d\x0a\x1a\x0a\x00\x00\x00\x0dIHDR\x00\
\x00\x00 \x00\x00\x00 \x08\x06\x00\x00\x00szz\xf4\
\x00\x00\x00\x04gAMA\x00\x00\xd6\xd8\xd4OX2\
\x00\x00\x00\x19tEXtSoftware\
\x00Adobe ImageRead\
yq\xc9e<\x00\x00\x05zIDATX\xc3\xc5\
\x96\x0dL\xd4u\x18\xc7\x1f.\x01\xb1\xc08\x1co\x81\
a\x9a$\x18W !\xa9\xbc\x1b\xd4(\x96-\x936\
'E\xb9\xca\x88J\xd9`3)PG\x80\xbc\xb8\xb0\
@@N\x8eW\x89\xe0p\x8a2r\x91\x81\xd39`\
\x97 \x06,%\x85\x89\x16/\xcd\xdd\xb9\xe0\xe9y\xce\
\xdf\x7f\xfb\xebL\x8e\x08\xba\xed3\x8e\xdf\xff\x7f\xff\xe7\
\xfb\xbc\xff\x01\x11\xe1\xff\xc4\xb4\x9b\x00\x1c\x89\x08b#\
\x11D\xb8\xce\x99\x00\xfa\xb8=\x09\xb0'\x09\xe0\xec\x1e\
\x80\xdeO\x00Z\x82\x01\x0e\x081\xees! *\x19\
@\x97O\xb7\xcaa1\x8b\x00v\xd2u\xcb\xd9\x16\xb0\
\x9d\x0d\xb2\x08\xfe\xceF9\x1a|\xf6\x16@\x1d\x9d\xf9\
\xcc\xb6\x80\x8d\xec\xed\x07\x00'\xe8\xfb\xf3\x5c\x0f,B\
&*j\xd6\x04p\x8eW\x01\xec\xcb\x03\xb8\x95\xea\xe4\
\xd4\xce\x85(\xce7\x7f\xe5\xe22\xc4\xc2X\xe0l\x0a\
0z\xcf\xdej\xfc\xfc\xf4\x22\xe7\xdc\x0d\x9b\x0b\xbc\xbc\
\xae\xcf\x85\x00w\xaex\xae|\xb5\xa7\xa7\xbe\x224\xd4\
\xc0\x91`j7l@)-&\x1b\x03X\xc6)\x13\
\xadlkj\x0d\xb8\xf2\x0fB\x15\x8a\xaf\xd9\xa8v\xeb\
V#\xdfEG\x9b\x5c\x03\xf4\xf1\x0d\x0b\x0bK<\xdf\
\xd8\xf8\x8b~t\xf4\xaf\xa1\xee\xee?\xf9\x99&\x0f\x22\
\xf1\x900\x8eD\xb1\x9d\x1d\x1err\xc2\x83\x16\x16\xc8\
\xb5A\xe7\x1f>\xc8pHHH\xe29\xad\xb6_\xaf\
\xd7#364\x84'\x93\x92\xaeI\xc2\xa7#\xc0\x96\
k \x07\xe0\xa6|\x1e\xbc\x0cp\x88C+\xbb\xcf\x92\
\x0d\x07\x05\x05%\xfeTS\xd3?22\x82\xcc(\xd1\
\xd3\xd8x\xfb\x1d\x95\xaaT\xa4\xc1mZ\x02$\x8f\xb8\
&\xd8\xf0\xa9\x98\x18\x1c\xed\xef\xc7\xac\x80\x80V\xd1\x9e\
\x0b\x88\xb5a\xbe\xbe\x99\xa7\xca\xcb\xfb\x07\x07\x07Q\xe2\
JO\x0f~\x9b\x90\xd0'\x8a\xd8w\xda\xbb\xe0\xdeT\
\xb4\x16\x16\xfef0\x18\x909\x97\x9b\xcb\xf9\xdc\x1c\xe2\
\xe3\x9dy\x22?\xffj_o/\xf6\xca8[U\xa5\
\x8fY\xb9\x92\xbd\x0e\x93\x0ao\xa6\x02l\x83\x83\x83\x13\
\xc7\xc7\xc7\x91\xb9y\xf5*\x96\xa4\xa6\xde\xa8\xae\xae\xc6\
\xd6\xd6V\xec\xec\xec4r\xfe\xf4i,\x89\x8b\xbb\xc8\
\xe2\x08\xaf\x19m\xc3{\x05\xb07\xa7kj\xae\x0d\x0f\
\x0f\xa3Z\xad\xc6\xe4\xe4d\xac\xad\xad\xc5\xe2\xe2b\xd4\
j\xb5x\xbc \xff\xd6k\x1e\x1e\x07\x85\xd7\x0bf\xbc\
\x8ee\xed\x18\xb1\xc2\xc1a\xf7\x81\x84\x84\xebeee\
\xc6\x10\xfb\xfb\xfb\xa3\x8d\x8d\x0d\x0e\x0c\x0c\xe0\xf1\x86\x06\
L\x89\x8e\xee\x9e\xce\xa6\x9c\xca\xa8\x8d(\xb0w\xb9\xf8\
v;;\xff|$7w\xb2\xa2\xa2\x02\xb3\xb3\xb31\
//\x0f+++\xb1\xbe\xbe\x1e/]\xbad\xe4\xb2\
Ng\x08P\xa9\xd2\x1f\x14\xf6)\x05\xd0\xc7\x93\xbd\xe0\
\xf7\x00\x9ev\xfb\x01\xc6\x8cmgf\x86\x05VV\xa8\
IK\xc3\xc3\xf9\xf9\x93\xbbbc{\x93\xe3\xe2\x86J\
\xd3\xd3\x7f\xa7\x9cOvtt\xa0N\xa7\xc3?\x86\x87\
'\xd3\xb6m\xab\xe7\xae0Y\x80\xd4F<X6\x01\
T\xee\x05\xe8g\xa3\xdf\x00L\xf0_z\x031\x94,\
^l\xec\xfd\x02GG\xf4Q*3\xc5\xfd,6h\
\xb5\x83\xc3\xbe\x86\x9c\x9c\xd1\xb6\xd66lkk\xc3k\
W\x06\xb0I\xa3\xb98U\x1dH\xc6\xbd\xb8G\xd9[\
2\xa4\x97\x86\x0c\x7fO\x00h\xa2a\xb3\x85\xd3P\xe4\
\xeaj(\xb4\xb66^{\x1d`\x07\x9d=$\xe3\x09\
\xe2\xd5\x9dQQ\xdf7i\xb5\x93\xcd\xcd\xcd\xd8\xd5\xd5\
\x85\xddg\xce\x8c\x89\x05\xe6\xf8\x0f\xd1\x06w6\x9e\x05\
p]2\x9c\x0b0\xf2\x11@\xa1/\x09\xa3\xebf\xc4\
\xfa\xf7\x01NV\x05\x06b\x81\xb99\xee\x02\xa8\x15\x13\
o\xfe}\x08Yno\x9fV\x96\x922v\xf4\xe8Q\
lii\xc1_/\x5c0\xac\xf1\xf0\xc8\xa0k\xaa\xfb\
\x09\xd8\xf8%\xc0\x801\xb466\xb7\xdf\xa3\xfd/\xa9\
\xa5\x8f\x92\x08\xa7\x92\xae.uw\xc72\x95\x0a\xbf\x00\
h\xa6\xb3\x85\xc4\xa3\xa2%\x952l\xc5\xf9\xd3\xc4\xa6\
O\xc3\xc3\x7f\xa8>\xac\x9e\xac\xab\xab\xc3\xcb==\x13\
\xd1\x91\x91d\x06\xd6\xdd%\x80\x0b\x8d\x8d\x97\xfb\xf8\xe0\
\x8b\x00{e\xc6\x9f\x22\xa2?\x06\xf8Q\xed\xe6\x86G\
\x22\x22\x90\x92>\xc0^\x10\x8f\x89\xb6|\x9cg\xba\x0c\
\xfe\x7f1\xe1B8\x13\xaf,\xb5\xb3\xcb\xca\x8b\x8f\xbf\
\xa1\xd1hP\xd7\xde\x8e\xc9\xb1\xb1\x0d\xf2\x16\x05\xe9\xf5\
\x8aW-\xbf\xeb\xad\xba\x13\x81\x1d$l\xefn\x80>\
\xf6\x9c\xaf\xe5)\x14zo\x80\xb7\x850\x0f\xe1%\x8b\
yF\x86J\x9csa\xae \x96\x13\xcf\x11on\xf1\
\xf3;V\x98\x911qL\xad6\xd0\xffo\xc8S\xb0\
\x96\xf3\xaf\xf1\xf2\xc2\x9a\xc8Hd\x83\xbcj\x19\xce\xb9\
d\x9c\xe6\x00mcxV<p5\xb1\x86\xc3I\x04\
\xc8X'\xce\xfd\x09?~a\x15\x82\xc8\x1fxi\xa9\
R\x99\x11\xe5\xe9Y\xc6N\xdc\xd5\x05$u\x0d\xd5A\
W\x81B\x81\xbc\xefK\x9c\x9d\x8d\x14\xd1\x84\xe3\x9d\x1f\
\x02\x10O?\xf2\x16\x0ffC\xa4\x07B\xb98\x89\x17\
d\xac\x17mG?\x81@!\xc6WD\x84\xd3\xe3$\
\xd2\xa3\xb8\xef \x8a!\xc5\xdb\x01>\xff\x0c\xa0\x88\xf6\
f1\xb9\x9c\xb2\xeeN\xc8\xdd\xff#\x01J\xd1)\x8a\
\xa9&\xa1\x82\x98G<L\xd8\x13KD\xdeg\x92\x02\
g1\xda-L\x11`&\x86\xcb|\xd1r\x0e\xa2\xba\
\x97\xfd\x8b\x22\x5c\x22\x8c\xdb\x8ai\xcb\x8e\x99M\xb9\x8c\
\x84\x88yB\x84\xb5\x08\x9f\xbd\xc8\xa3\xa9m\xc8\xc2\x17\
\x09'\xd8\xb8\xb9\xdc{S\xb6\xa1$\x82\xc3f%R\
bm\xc2 Z(\xc2\xfd\x880l)\x9e\xa3\x90{\
\xcf\xfc\x0d\xe3X\x91\xad\x93x\x02-\x00\x00\x00\x00I\
END\xaeB`\x82\
\x00\x00\x07\x89\
\x89\
PNG\x0d\x0a\x1a\x0a\x00\x00\x00\x0dIHDR\x00\
\x00\x00 \x00\x00\x00 \x08\x06\x00\x00\x00szz\xf4\
\x00\x00\x07PIDATx^\xc5V]\x88]W\
\x15\xfe\xf6\xf9\xbf\xf7\x9e{\xe77Ig2f\xd2&\
\x8d3\x9a\x1aD\x10d\xd2\x0a>\x88\xa2\x14\x0a\x89\x98\
\x80\x85\xfa(\xdaT\x9a\x92\x18\xdb&\x84\xa4\xb51\xd4\
\x06*\xa2\xad\xbeXMR\x93VD4\x0f\x82`\xd5\
\xf8$\x08\x93\x1f\xd3h\x92\xced\xd2\xc9\xccd2s\
\xef\xe4\xfe\x9c\x9f\xed\xfa6\xe7\xc0\x8c\xcc\xb1\x82\x0f.\
X\xec\xb5\xf7\xdd\xfb\xaeo}k\xad}\xb6\xd2Z\xe3\
\xff)Nn<\xf4\xc8\xae\xef\xa5q\xf4E\xfc\x0f\x12\
\x84\xbd\x9dZ\xdf\xfa&>X\xce\xfc\xfe\xe4\xc1\xef\xac\
\x00@\xe7?z\xfd\xb5\xcd\xbdU\x0fq\x9c \x8ac\
\x94\x02\xdf\xd8\x96\xa5\xa0!\x9a\xa6P\x0a2\xb7e\xd4\
\x88\xa2XlKl\x0b\x8b\xcd\x04\x97\xcf\xbf\x85\xed\xdb\
\xb7\x9b\xb5T\xf6v:\x1dT*\x15\xd9\x17\x19u]\
\x17w\xee\xdc\xc1\xfeW\xceAd%\x00\xca\xc5\xab7\
\xd1\xdd\xd3#\x87\x81j\xe8\xa1={\x0f\xadf\x0b\xe5\
\xb2\x8bV;\x05%MRx\xbe\x87\xa5F\x03\x96m\
\xa3\xa7\xbb\x8c\x85\xc5&#\xc0\xf5\xeb\xd7\xb1f\xcd\x1a\
\xb4\xdbm\xe3\xb8\xd5\xe2\xd9\xb2\x01\xd2\xd5\xd5\x85f\xb3\
\x89\xc5\xc5E,\x17k\xf9\x84\x9e\xa3N\x04\xdb\xb2\xc4\
V\x08\xdc6\xc2r\x0c\xe8\x08\xe5@\xa1$\x1a\x046\
\x5c\x1b\x024\x94\x88,$\x89B-\x0c\xe0\xd8`\xe4\
t(\xe0\xab\xb0\x05\x5c__\x1f(\xbd\xbd\xbd\xc2d\
\x0c\xc7q\xb0\xb0\xb0\xb0z\x0dP\xc2\x8a\x8bR\xa9D\
\xcaes\x8c\xd7^?\x83\x9e\x9e\x0aF\x1e\x1c\xc2\xf0\
\xf0\x80\xfca?\xa0,a\x83\xd4;H:\x16\xe2(\
\x92\xbdJ\xb0\xc7\x86f\xa5\x04d)`\xf4\x02.1\
\xc1\xcc\xcf\xcf\x93~\xaaa\x08\x98\x5c\x1d\xc0\xd2R\x13\
\x950E\x12\xa7\xb0\x02\xc8\xe6\x0a\xde\xf9\xd3\x15\xfc\xf9\
\xfcE\xf1k#\xac\x96\xb0\xe5\x81\xfb\xb0e\xf3\x006\
m\x1a\xc6\xda5\x03X\x92\xd4\xe8\xd4F\xd4\x8e\x84\x9d\
\xc0\x00hHz\xaa\xd5*SAP\x8c\x9c\x81qN\
\x96\x8aSP\x0e|x\x9e\x85\xc0w\x0c\xda\x91\xcdC\
B\xa5\xd9\xc2|K\xde[\xf8\xeb\xdf\xae\xe1\xe4/\xfe\
\x80\x17\x8f\xbf\x89\xef\xff\xf04\x02\xd7\x96(\x15\xbaj\
e\xe3\xac^o\x98\xa8\xd9\xde,D\xcfs\xe9\x98)\
\xe0\x9ccq\x0a\x1c\xc7\x02\xb46)h\xd4[\xb8\x7f\
x\xbdLS\xa2\xe6\xba\xe9\x00c\xdb>6\xdd\xdf\x8f\
\xbdO\xee@\x02\x858\xd1p<\x10\xb4\x14[\x8dE\
\x97;$\x10\xc3\xcc\xdc\xdc\x9ca\x85R\xcc@Ih\
.;\xb0\x15\xe0\xb9\x1e>4\xb4V\x0e\xcb\x5c\xa24\
\xce36FG\x06\xb1w\xcfN\xb4;\x1e\xd2\x04(\
\xf9,F+o3\x03\xb2\xbb\xbb\x1b}\xfd}\xac~\
*sO \x04V\x0c \x89\x98O\x05\xe8\x14\x95\xb2\
#\x0e\xc4\xd9\x96\x0d25\xd1\x03\x1a\x1c\x85\x9d&t\
\x92 \x0c=\xc4\x11\x10wb\x10\x09#\xa6cv\x80\
i7\x0d\xa6\xc5\xb4\x9f\xe7y\xb4\x09\xa2\x18\x80\xa54\
l+\x81\xc7>c\xfe\x84\xd7\xad\xa3\x83Y\x0aR\xe9\
\x86\x01\x0c\xde\xd7\x85[\xd3wq\xec\xc4[\x88\xdau\
\xc3Z\xe0\xbb\x08+\x0e\x9d\x90~\xd2\xbe\xc2q\x18\x86\
\xac\x03\xb6(\xedb\x00\x8eP\xec:.J\x81\x0d\x05\
\xcbt\xc3\x83\x0f\x0c\x9b\xd0G?<\x84g\x9f\xde\x85\
\xe7\x9f\xf92\x06\xd6vabr\x16/\xbdrJX\
\x9b\x17\xc0\xdc\xa2\xd9z\xa4\x9bNy\x11\xe5}O0\
\x9c\xe7\xc0\x8a\x01\x08s\x88\x04\xa9N\xb4\x00\xb1L\xe5\
o\x18Z'\xdd0 \xcew#\xd1\xb6D\xd4\x8d#\
\xdf\xfe\x8a0Q\x13\x1038\xfe\xea\xdb\xc2T\x1b\xbe\
\xa7\xe0\xfb>(tF\xd6\xd8\x92\xb5Z-\xef\x08\xde\
\x0bd\xa8\xb8\x0b|\xd7\x12J\xd9\xcb\x09\xe2X\x0b\x90\
\x14\xae\xeb\xe1\xe9\xaf\xef\x96\xb9+\x9a\xb2\x10\x8d}x\
\xff\xe38x\xec\x0dL\xdc\x9c\xc3\xe1\xe3'\xb1\xef\x1b\
\x8f\xa2\x5cQ\xc6\x11\x85`X\x07\xae\xcbs1\x01}\
p\x17$\xfc\xf0\xa8\x14\xedV\xc7\xdc\x05\x8emZ\x0c\
\xae\xed\xc2\xb6\x18\xbd\xcd\x03b;\xe2 \xc4\xa1\xbd\xbb\
\xb0a}\xbf\x01\xf1\xc2\xcbo\x22\xecm\xa1\xa7\xb7F\
\x10\xcc9\xa3'\x00:&\x00\xc3\x00\xa5\x90\x81R\xc9\
g\xdf\x8b#:\xd4\xb0\x05\x84\xd60\xb5\xd0i\xb7`\
;6(,\xbaN\x14#(\xd5p\xf4\xc0n\x1c8\
\xfa3\xbc7q\x0b?\xfe\xe9\x04>:\xfai\x04\x1e\
#\xf5\x09\x84\xa0\xe5\x1c\xaf\xe7\x0a\x16\xee\xd6\xff3\x80\
\xbf\xbc\xf3;\xbc\x7f\xeb&sgZ\x0fJT+:\
\xe6W\xd0\x5cP\x80\xcar\x9a\xc0\xb6\x1d\xa1]\xe3\xb3\
cm\x9c:;\x8b\xa9\xc9\x06\x8e\x9e\xf8\x0d\x9e\xff\xe6\
\xa3P\xc2R5\x0c\xa1U\x13\xc7~p\x0eO>\xf1\
\x19a\xa4\x8a\x99\x99\xd9\xd5\x01\xf01\x11\xdd\x9b\xc7\xe0\
\xda\x1e\xf6*\xe9b\x04F\xf3\xef{\xfeE\xa3\xb0\xd7\
s\xf1S\x85\xaf}\xb5\x1f?\xf9\xf9%LL\xcd\xe3\
\xc8\x89_\xe3\xc8\xbe/Ac\x11/\xbc\xfa[\x5c~\
w\x06\x93\xd3\xb3X\xdfo3%\xab\x03\xe0Kfl\
l\x8c\xbdJgf\xa4\xd0f\xebpNf\xf2*f\
n\xd9v\x04\xcb\xdf}\xdf\xc1\xe8\xa11\x1cz\xf9W\
\x98|\xbf\x8e\x03/\x9e2o\x8aK\xe2\x9c\xe7\xae\xfc\
s\x0a\x0fm\x19A\xf3\xdetq\x0a\x14\x14/\x0aF\
\xcaC\xa4\xdaD\xac\x00\xce\xc9\x0a\xd90\x05I\xa1\xcd\
\xcb\x86`X_a\xd0\x83#\xcf<\x86\xe7\xbe\xfbK\
L\xde\xba\x0b\x8d\x94\x07\x8d^\xbd^\x17\xd6Lj\x8b\
\xbb\x80\x9e\xf2\x0f\x08#\xa5s\xdaQ\x06(g!I\
\x13\x8e\xdcK\xc0\x5c'8\xd9\xcf\x1b\xb1\x82\xaeZ\x00\
@\x9b7\x83\xa5,(\xd1\xf1K7\xe4\x5c\x04\xdb\xb1\
\x8a\x19\xc8\xa3\xe4MF\xc7\xbc\x88\xb8\xc6|s\xad^\
\xaf\xa3Bg\xd9{\x8f\xebd\x8bgX\xe9\x8e\xab\xf0\
\xec\xf1\xb7q\xf1\xdd\xdb@\xc6\xa0\x11\x9d\xa2\xd5\xd6\x98\
\x9a\x9e\xe3;\xb3\x18\x00\xa9\xa42\xa7\x06DV\x80\xe2\
\x84k\xecg\xb1#q\x18g\xec\xa4\x8c\xda\xd8Q\xdc\
\xc6\xb7^z\x03\x97\xaf\xe69V\x19\x0bvn\xe3\xca\
\xb5\xdb\xd8\xbai]q\x0a\x88\x98\x00\x18\x99\xef\x9b>\
&\x03,4\xda\x5c\x17ud^\xe2\xef\xb4\x09,;\
\x0c\x1c|j'\x0eK\x0d<\xbe\xf3a|\xe2c\x1b\
Q6\xf7\x8a&P\x13\xcc\xf8\xe5\xf7$0\xa7\x98\x81\
\xbc\xc5\x18=\x1d\xe6\x8c\x90\x01\xe6\x99\x05G\x10\x06X\
\x06\x98\xeb\xfc\x9d\xb1\xd8\xca\xc6\xc8\xc6\x8d\xf8\x88<\xd7\
v|\xfeS\xd0:\xc6\x8d\xa9Y\x5c\xb8r\x03\x7f\xff\
\xc74n\xcf6d\x0d\xc5\x0c\x98\x0a\xcf\xf2\x9e\xcd\xf3\
\x97\x8d\xa8\xce\x1e\xac\x96\x89\xdeq\x0d\xf5\x04\xc3\x91k\
\xa2\x81\x01\x92\xc4\x16t\xea\xa0\xd5\x04\x06\xfa\xfa\xf1\xb9\
G>\x89=O|\x01\x07\xf7<\x06\xd7)\x173p\
\xfa\xf4)\x8c\x8f_XQ\x94\xd4\x5cR\xad\xc1Y\xde\
\xa2X\xd9\x9e\x5c\xcb\xc7\xbcK8\xcf\xd3kt\xdb\xb6\
m+\xdc\xd2\xca7\x9c=\x7f\xcdW\xba\xfcqKl\
\xd1\xd4\x86\x8c\x80V\xf4\xcb\x11\x14\xda\xff.\xa6\xce\xa0\
3\xd8Z\x19[\xa5\xca\xb2\x12%#\x94\x95*%\xa3\
\xc8\x1f\xaf\x82r\x06\x99\xa8e\x91\x10*\xd5\x17\xadd\
Z\xca\xe6n\xf6\x9b\x9d\x8d\xcbA\xd0q\xbaLc\xd1\
\x8ehKtI\xb4\x91\xd9\xb1f5\xa2\xb8\x06t\xa6\
\x89h[\xf4^v\xb8.\xba\xf8\xdf\xab\xd9\xdf\xc8\x9c\
73@i\x064\x97US\xa0ISv\x80B;\
\xe2\x9e<rj\x01\x03\xcbYH2\x8d\x96i\xaaE\
\xb0\x8a\xfc\x0b\x1c\x01\xa9\xd0`\x80\x92\x19\x00\x00\x00\x00\
IEND\xaeB`\x82\
\x00\x00\x04\x8c\
\x89\
PNG\x0d\x0a\x1a\x0a\x00\x00\x00\x0dIHDR\x00\
\x00\x00 \x00\x00\x00 \x08\x06\x00\x00\x00szz\xf4\
\x00\x00\x04SIDATx^\xc5\x96]h\x1cU\
\x14\xc7\xcf\xcc\xec\xcedf?\x92\x98\xe6c?f\xcd\
\xd6E\xb3V$bI\xaa5H\x84Dl\xadQ\x8c\
\x85\x22\xea\x9b\x8fB\xdfJ\xfb >\x144\xe0\x8b\x0f\
\xbe\xe5E\x10A\x82\x0f\xd2>\xd8\x94J}\xa8(E\
!Z\x9bT\x1b\x93\xcd&\xbbkC[\xb2\xbb\xb3\xb3\
3{w<\x979\xb0\x83\x84M\x9bv\xe2\x81\x1f\x97\
\xbb\xec=\xf7?\xe7\xe3\xde+8\x8e\x03\xff\xa7\x05\xe0\
>l\xfc\xc4G1\x1c\xa6\x91,\xb4l\x0b\xb9\xee\x99\
'\x90\xa4g>\xf7\xfdW\x1f^z`\x01\xc4\xf4\xbb\
o\x1f=\xad\xeb\x03\x1a\x9f\xf0\xe0\x19\x86\xc9rk\x05\
C\x10\xdc\x05\xbd\xfb\xba\x95\x9e\x9e.\x19\xc8\xce~<\
\xcb\x87\x87$\x80\x88\xc7{CAI\x91L\x1b\xa0\xd1\
\x00\xd0\xf5L7\x88\x00\x22\x8a\x90\xd0c\x10\xe9@\x09\
\xf9\x8d[\x06\x00D\x1eJ\x0a\x88\xb9/\xbe<\x0f\xc8\
\x1b\xcf\x0c\x0f%\xa7\xa6^I\xc9JT\xb1P\x08\x8f\
@0\x88\x0e\xed:;\x7f\xe9\x87\xfcw\x17\xaelR\
j\xe6\xa0\x8d\xed\xaa\x08\xa9\x1e\xde;v\xec\xa5\xb3\xa3\
\x87\xc6\x125\x13@\x92\x004\x15c}q~\xf5\xc2\
\xfc\x95\x19\xcc\xfb\xe7p\x0f&\xc2\xee-\xab'c\x1a\
\xd7\xcf\x01\x01@\x0e\x00\xe0\xe6\x9b\xad\xcd\xfd\x150\x92\
J\xe9Q\x9b\x010\x14 \xa1\xa7|>\xcf;\xe2g\
\x04|\x13@\xe1\xcff2\xa9\x01\xc0B\xe4\xf9o\xa2\
\x00\x01=\x15\x8aE\x83\xf2\xee\xcb9\xe0%\x9bN'\
5\x8b\xba\xc0\x11\xdc\x0eX]\xddh\x09\xf09\x05C\
\xb1D,T\xb7\x00lF\x8e$\x80\x85\x85%\xffS\
@\x8c&\xf5T\xc4\xe4\x02\x1a\xae\x97Je\xab^\xa9\
\x189,\xc0-\xdfR@\xf9O\xf4\x0f\xec\xdb/\xab\
Q\xa5|\x87\xe7\xdf\x0d\x7f.\x97+\x03\xc0O\xbe\xde\
\x05Dv0\xadk\xf5:\x80e\xf1\xa9\xdb\x01\x1b\xf9\
B\x15'\x8b{\x22 \x91\x8ck<\xfc\x16s\x8f]\
\x11\xb9v\xedF+\x02>\xd7\xc0H\x5c\x7f4j\xd6\
\x01l\xdb]\xc0X\x9d\x95\x8a\x9b\xb70\xff\xeb\xbe\x09\
\xa0\xfcGCa\xed\xa9pW\xafV\xb3\xdc\x03H\x0c\
\xf0\xf0\xaf\xb5\xaa\xdf\xe7\x08\x0c\x0d\xa6S\xa1Z\xcd\xcd\
\xbfC\x05\xf8O\xb1@\xfd\xef\xbf\x80l\x22\x15\xd7j\
\xd4~\xdc\x02\x01\x80\xa5\xeb\x7f\xedY\x04F\xe3z:\
\xc2o?\x8b\xfa?(\x03\xac,\xe7\x0c\xcc\xff\x9eD\
`\xa4\xab7\xc9\x0b\x10\x18\xe3\xed\xc7\xc3O\x17\x90_\
oB\x01\x8d\x8fc\xd3\xa7\x9f\xdc\xffxF3L\x00\
\xde\x82\x0c\xdc\xd7\xcf\xfa\xcd\xbf\xcbN\x93]\xc5\xbfy\
\xa3\xe9 \xe0\xa0\xedZ\x00mL\x80\x88\xd3C\x8f=\
\x91\x89r\x01\x96EO\xaf @~u\xbdf\x99\xc6\
\x9f\x80\xd3\xd6\xe6.\xb8\xa6\xb9\x93\x18\xb1\xcd\xe6\x12\x09\
\x949\xb8\xfa@g\xcf\x80\xdb\x01\xfc\x06\xa4\x0bh\xf1\
\xb7?\xaa?~\xfb\xe9\xef8U\x91\x0eB\xa1uA\
\xf2#p\xdb^@\xfb\xcd\x15D}v\xf2\xfd\x97C\
\xe1\xf0d\xa8;\x151j\xee\x15\xcc\x18\xcf\x7f\xa9\xc6\
\x98\xbd\xfcH,3\x00\x00Qz\x80\x86\x91\x10\xa2\x91\
\x18\x99\xfc\xed,\x80T\x8aH`\xf4\xd5\x0f&^x\
\xf3\xd4gco\x9d974|p\xe6\xe8\xf1\x13\x83\
uK\x91\x98\xe3\xbe\xff\xb8\xa9\xe1~ulb\xf2\xf0\
\x81\xc3\xc7\xe7\x9e{\xed\xe4\x0c\x8e\x13\x00\xd0IDH\
\x88B\x91\x10\xc9\x7f\xdb\x1a\x108O\xbf\xf8\x8e\x9eL\
g>92=\xa5\xf7\xc5\xfa\xd5&(R\xb5\x0a\xc0\
\xbf\xbe\x0b\xe55\x99\xfb\x02\x0a\xa0\xdb\xe1\xe7\xc7\xfb\xc6\
\x8f\x8c\xf7\xe5\x96W\x06\xcf}\xfd\xcd\xc1\xcd\xf5\xc5\x93\
\xa5\x95\x85\x0d\x00\xb0<\xfe\x19\xd2@\xa8&\xda\x17\xa1\
\x10\x90\xe5\xce\x0eM\x0b8\xe0\x08\xa5B\xd1\xe4kL\
\xc3l\x16\xf2\xebu*3PTU\xea\x8f\xc7\x95-\
\xfc\xa5|\xdb]hT\x0c\xa8\xde-5(\xf4\x22\xd2\
\xf4\x08\x11\xef\xb9\x0b~\x99\x9f\xbd\xe18pfyi\
\xf1ul\xb1 8M\xa9\xd1\xb0M\xb3zg\x0d\x1c\
G@\x01\xa2\x14\x905E\x8d\xa4(w\x0e\x1fn\x17\
o^\xae\xdc-\x19\x0fz\x0e8\x08\xfb\xf5\xe2\xece\
\x1c\xaf\x22\xaa7\x8f\x88D\xa3\xf0\x9f5M\x0f\x0d\xc4\
\x22\xecV\xf8w\xee\x02\x87`H\x1d1\x90\x0aRF\
\xb6\xee\x832\xad\xab\x225o\xfe\xdbF\xc0A\xa3\xc3\
\xa3\x81\x00-\xb2\xe9\x7f\xf4\xe5\xc8\xf6\x11\xf0F\x81\x11\
\xb6\x87\xe6v\x87\xd1\xbf\xd9\xa8\xcd@\xb9\x85\xa0\x1e\x00\
\x00\x00\x00IEND\xaeB`\x82\
\x00\x00\x02\xd9\
\x89\
PNG\x0d\x0a\x1a\x0a\x00\x00\x00\x0dIHDR\x00\
\x00\x00\x16\x00\x00\x00\x16\x08\x06\x00\x00\x00\xc4\xb4l;\
\x00\x00\x00\x04gAMA\x00\x00\xd6\xd8\xd4OX2\
\x00\x00\x00\x19tEXtSoftware\
\x00Adobe ImageRead\
yq\xc9e<\x00\x00\x02kIDATH\xc7\xbd\
\x95\xdfkRa\x18\xc7_\x1c\x96\xcbu3*\x08\x82\
.\xc4\x09\xbb\xcb\x81\x17\x05AEk\x1a]t.\x86\
\xce`-\xa8\xd4\x84r\x8e0B\xc2F\x85!T\x98\
\x14B\xc6\xa15l\xc9Z\x8e\xa4\x82A\xa3\xa8\x06\xb1\
\x15\xc8\x98\x0d\xb6\xabU\x17\xd5\xbf\xf0\xedy\xceyw\
`\xe2\x85?\xaa\x03\x1f\xe4x\x9e\xf7\xe3\xfb\xbe\xe7\xfb\
>\x0a\x00\xe2_ \xfe\x9b\x98.\x13a&\xda\x09+\
\xd1!?\xdb\xe5\xf7\xa6\x86\xc5<(\x1c\x0e\x0f\x04\x02\
\x81%\xaf\xd7\x0bEQ\xe0\xf1x`\xb7\xdb\x97\xe9Y\
\x80\xe8$,\xf5\xc8\xab\xc5\xe6`0\xf8n\xea\xfd9\
\xcc\xae\xfa1\xb3\xa2`\xba\xe2\xc2\x15U\xf0\xc3\x05\xc2\
!\xe5\xe6F\xc5\x16\xbf\xdf\x8f\xd9\x95A\xbc\xaa\xb8Q\
\x5ct\xe2\xd1\xbc\xc0\x8d\x09M\xcc\xec%vq]\xa3\
b+/\xffuE\xc1\xb3r\x0f\xd4O\x02\xa9\xa2\xc0\
\xc8]C|\x84\xb0q]\xa3\xe2\x0e\x16\xbf\x5cTP\
\xf8\xec\xc4\xc3\x8f\x027'\x05\x86\xef\x18\xe2\xa3\x84\x9d\
\xeb\x1a\x15oe\xf1\x8b\xb2\x82\xdf\xf8\x8a3c\x02?\
P\x86\xe7\xa2!>Ftq]]b\xba\xda\x88M\
\xc4\x0e\x16O\x7f\xd1\xc5\xa7U]\xec\x1e1\xc4\xfd\xc4\
\x1eb'\xcbk\xc0\xd1\xdc\x22]\x9a\xf4\x9a\x1c\xa8E\
\xec\xf9\xbc.>\xf5@\xe0;\x89{\x87\x0dq=\xdc\
\x22\xb6\x0b\x19zD\x22\x11d\xb3YM<9\xa7\xe0\
\x17\x89O\xde\xd7\xc5\x87\xcf\xeb\x83\xe2\xf18\xd2\xe94\
TUE>\x9f\xdf@\xa1P@\xa9T\xd2<T\xdb\
\xcd\xe2\xcdD\xca\xe5r\x812\xac\x89\x9f~P\xf0\x93\
\xc4'2\x02\xdfH|(\xac\x8b}>\x1fB\xa1\x10\
\xa2\xd1(b\xb1\xd8\x06\x12\x89\x04r\xb9\x1c\x92\xc9\xe4\
c\xaa\xedY\x9f\xf16\xf9+},~\xf2V\x17\x0f\
P\x1a\xd6H|0h,sT\x9e\xc0~\xf9\x22\xab\
\xf1\x10\xfb\xd7g\xdc&7\x9c\xf7\xa5\x9b\xc5\xe3o\x14\
\xdc+9q}B\xcf\xf0\xd0eC\xcc\xd2^\xf9\x02\
\xbbj\xc0Q\xdc\xad\xb9j\xa5blFA\xa6\xe8\xc4\
\xe88e\xf8\xb6\xc0`\xac\x89TT\x1f\x10\xb7\xdb\x8d\
\xcc\x94\xde\x1f.\xa4\x04\xce^\xa5\xbd\x8d\xb4~@\xac\
\x0e\x87cn\xe8\x92.\xf4S\xcc\xbc\x94\x88\x03\xc75\
\xe9R+G\xda\x22\xf7q\xb5*\x9bk\x9c\x9cV\x9a\
\x90Y\xb6En\x8f\xfb8%r\xf9}\xf2\xbe\xe9\xb6\
i\x92\xb3\xee\x943\xb3\xc9=\xb5\xc9\xfb\xe6\x1a\xfd\xdf\
\xfck\xfa\x03\x1c`\x85\x9a\xe9E8#\x00\x00\x00\x00\
IEND\xaeB`\x82\
\x00\x00\x02/\
\x89\
PNG\x0d\x0a\x1a\x0a\x00\x00\x00\x0dIHDR\x00\
\x00\x00\x16\x00\x00\x00\x16\x08\x06\x00\x00\x00\xc4\xb4l;\
\x00\x00\x00\x04gAMA\x00\x00\xd6\xd8\xd4OX2\
\x00\x00\x00\x19tEXtSoftware\
\x00Adobe ImageRead\
yq\xc9e<\x00\x00\x01\xc1IDATH\xc7\xed\
\x94?\x8b\xd4@\x18\x87\x9fI&{\x1bwsr.\
\xcb\xc1\xc1\xc1\x09V\x16[\xda\x88\xc5\x15\xd6\x22\xf8\x01\
d\xf1+\xd8XX\xd8n-~\x07\xf1[\xc8\x96\xd6\
\x82\x85\xb0`\xf4\x02nV\xc9&G&yg,\x92\
p\xa7w(\xec\xb9\xdd\xbd0\x0c/\xbc\xf3\xfc\xe6\xcf\
\xef\x1d\xe5\x9cc\x1b\xe1\xb1\xa5\xb8\x06_\x83/\x86j\
\x87\x0f\xe8v\xbe\x8a\x98\x05\x04\xa85\xe0O\xa7\xd3*\
\xcb2Ddcb\x92$\xcc\xe7s\x80\x03`\xad\x01\
\x9de\x19\xb3\xd9\x8cM\xbbPD(\x8a\x82\xc9d\xd2\
\x81\xbfj\xc0\x17\x11\x9cs<~~\x9b\xfeM\x18\x8c\
\xe0\xcd\xb3O\xbc~\xfb\x12\x1d\xc2\xce\x10\x9e\x1e\xbf\xe2\
\xc3\xc7\xf7\xf8\x1a\xbc\x00&G\x0f8Y~A)\xa8\
\xa4$\xfd\x96w:{\xc0J\xffy\xa7\xfd\x08\xee\xec\
\xdf\xc7\x18\x83\xb5\x16\xaf\x07\xa3\xe8\x10c\x0cu]\x83\
\x0f}\x1da\x8c\xa12\x15^\x00\xe9\xf2\x07i\x9au\
\x88\x10\xd0\xbfA\xa5\x06\xe7 \x0a\xf7\x01p\x028\x08\
\x83\xdd&\xb7M\x9d\xf6{g\x8b\x1cx\xca\xff\xbb\xdd\
l\x05u\xd9\xcc\x00V\xc0\xd6\xad\x00\x8d\xa8\xb3g\x02\
\x1d\x18\xf7\x0f\x1f+\x0d;j\x0c\xd2\xec@\xf9\xa0\x09\
\xc16eJ\x81\x87\x06\xa7\xce\xf9U]\xfa\xa0\xfa\xfc\
\xcb\xf6B8\xbcu\x97\xbe\x8e\x88\xe3\x98\xb2\xca\x19y\
c\xaaR\x88\xe3\x98t\xf5\x9d\xe1`\x171\xa0\xab\x98\
\xe5\xcf\x13\x82\xa0\x87\xd4r98I\x12\x8a\xa2\xe0\xc5\
\x93w\xa4i\x0a\xc0b\xb1\xe0\xde\xd1\xa3\xa6\xaaj\xf2\
\x1b\x8c\xb19\xe4\xb9\x90\xa7\x8b\x16Q6G\xf7\xbc\x0b\
\x9d7\x00\xd6\xff\xb1\x9b\x1f\x02\x9fu\xdb\x82\x07\xed\xd8\
k\xed\xb2i\x9c\x02+\xe0T\xb5\xd7\x11\x02\xc3\xce\x83\
W\x00\xd7-|\xbd\xb5O\xe8\x17\x9b\xa5\xb6e\x97)\
11\x00\x00\x00\x00IEND\xaeB`\x82\
\x00\x00\x03\xeb\
\x89\
PNG\x0d\x0a\x1a\x0a\x00\x00\x00\x0dIHDR\x00\
\x00\x00\x16\x00\x00\x00\x16\x08\x06\x00\x00\x00\xc4\xb4l;\
\x00\x00\x00\x04sBIT\x08\x08\x08\x08|\x08d\x88\
\x00\x00\x00\x19tEXtSoftware\
\x00www.inkscape.or\
g\x9b\xee<\x1a\x00\x00\x03}IDAT8O\x8d\
\x95\xdbK\x14Q\x1c\xc7\xbfg\x9djwu71\xb5\
\xb4\xd45\xb0\x82.D\x05RF\x89\x14\x89\x19]\x0c\
\xea!\xe8F\x0f\xf5PD\xf5\xd2\x1f\x10\x1aTP\xbd\
D/\x16\x04\xdd\x0b\xac\x84H\xcb\xaeZ\x98\x15V\xab\
VF\xb5n\xb9k\xe4^\x5cwvfN\xe7\xcc\xec\
L3\x9bZ\x03\xbf=s\xce\x9c\xf3\x99\xdf\xf9~\x7f\
g\x87\x14\x17{\xbeVTT\xb8\x01\x10\x98.J\x91\
rQ\xd38MyN-\xe3\xcf\x9f\xb7\x89\xc2\xf2\xe5\
\xe5\xe9\xc7\x8f\x1fs+\x8a\x92\x5cH\x8d\x96\xdfj}\
\x9a\xecS\xf0y<\xb4{>\xa6\x18cZP\xd4\xd5\
\xd5E\x04\x0e\xd1'Z\xa1\xd6\xf0G{\xf0]\xf4\x22\
\x1d\x93P\xe4\x5chy\xc9\x08A\x05c3c\x80\x1f\
|?\x8b\xc1\xf4.\x0c\xc4\xbe\xa1\xdau\xd4\x94\xb1\x15\
(\xcbr\xf2\x19`\xfb\x17\xf4\xd5\xc0\x1dD2\xbb\x10\
T\xba1\x87l\x82K\xc8\x191K\x1d\xca[.\x9d\
m$\x98\x1e\x81\xa1/\xf8F_\xc0/\xbe\x85;8\
\x0fs3+G\x85\x9a\x83\xe7(h`\xab\x1c<d\
YBk\xf0\x02z\xe8}\xd8\x03yXUp\xc0\x02\
\xd3\xe6\xc8\x16\xf0\x9f\x8c\x93R\xa4B\xf9\x84\x16_=\
\xba\xa3-\x88\xfd\xa4X\x96\xb9\x07id\xfc\x7fAu\
)\x04\xbd\x94$Y\xc4\xdd\xde3(\xcb\xdf\x8c\xbeh\
7\xbc\xa1\x87\x08\x84\xfbP\x9a\xb9\x05E\xf69\x88\xbe\
{\x0f^ZB~>\xe0p\x180)\x1eG\xfcS\
/\x14\xb6C\xe4\xe4\x80\xb2g\x86\x14\x1c\xde\xf0\xe1\x04\
^\x06\x1b\xe0\x0f}\x84m\x1c\xd0\x13|\x01\x8fs\x11\
V\x16\xec\x86\x14\x8e`\xc2\xab\xd7\xc8HKC\xe0^\
\x13l;w@IfM\x1bn\xa38+\x0b\xe1@\
?\xfaf\xcd\x02)*\xb4\x9a\x97\xeb\xf4 6\x1cF\
\xe7@\x13\xda}\xb7\x90N\xb3\xb1\xae\xf8\xb0\xfav\xe2\
t\x222e2B\x9f{\x91\xf6\xde\x8b\xd0\xb9\xf3*\
TjoGF\x7f?\x06\x1a\x1b\xe1c\x99\xa3\xb0\xc0\
0\xcf\xc6\x7f\xf8\x96\xe6f\xaf\x84\xc7\xbd\x00C\xf10\
\xdb\x16A\xf9\xd4\x1d\xc8\xb2O3t\xb5/Y\x0c&\
7~uvB\xbcx\x09\xb1\xd6V\x88W\xaf#p\
\xf92|\xd1\x08\xc8\x9aj\x8by\xc6\xc9\x1bO\x9c\xc8\
uLG\xae\xfd\x0b<\x13\xe7\xa34o\xe3_5j\
\xdf\xb5\x13\x83]^H\x8f\x1eC<R\x0b\x9b\xdf\x0f\
1;\x1b\x8eC\x07S\xca-i\x9e\x0e\xa8\xf2\xecG\
e\xe1>\xcb\xa92\xbbNm6\xd8\xb7o\xc7/\xaf\
\x17\xd4\xe7C\x82\x10\x08\xdb\xb6\x82\xba\x5c\xc6<\x89\x9b\
\xc85\xd6\xa4\xb0\x1e\xcf\xb1Ji\xb0\xb9\x19\xc3\xfd\x01\
$\xd8r\x99-\x1enk3\x80\x92$A\x96d\xf3\
\x91\xb6\x9e$\xbdNSc\xe8\xcd\x1bDn\xdcT\xa1\
\xd2\x8c\x12\xb5M<y\x8aXS\xb3\x0aT\xe1z\xc6\
f)R\xb7o\xce\x96\xd7k\xa0\xb6\x0e\x89\x083\x8a\
\x95\xd5\xc4\xd3\xa7\xa0\xcc\x9c\xa1f9T\x7f\x0e\x89\xd0\
\xa0\x06g}KU\x8c\x06\xd6\xe3G\xedQ\x88\x1f?\
\xa9z\xba\x0e\x1e\x80\xcc\xe69\xf6\xedU\xfb\x0a+\xb9\
\xf8\xc9\xd3\xa3g\x9c\x0a\xd3\xc7\xa2\x1d\x1d\x88={\x06\
\xe2v\xc3Y\xb3\x01d\xdaT\xcd}\xd6\x0a\xab\xab@\
\xb8y\xde.U\x16]cA7o,\xc3\xc6\xcd\x9e\
\x8d\xbckW\x8c>\xcfJ\xd7\x94\xd4\xac\x07Y\xbb\x86\
9\xc9\xd6\xc8\x9a\x14\xea\x7f\x053J\xe1\xe6\x8d\x056\
\xdf\x9b\xa1r\x12\x94:\xce\x98\x94,]Zv\xa3\xa4\
\xa4d\x85\xc2\x0f\xbf\xe5#i\xfd@\x9a\xc7(\xd4\x9f\
Q\xfa\xfc\x82\xef7\xc4\xbe\x1c\xef\x98k\xbey\x00\x00\
\x00\x00IEND\xaeB`\x82\
\x00\x00\x02~\
\x89\
PNG\x0d\x0a\x1a\x0a\x00\x00\x00\x0dIHDR\x00\
\x00\x00\x16\x00\x00\x00\x16\x08\x06\x00\x00\x00\xc4\xb4l;\
\x00\x00\x00\x04sBIT\x08\x08\x08\x08|\x08d\x88\
\x00\x00\x00\x09pHYs\x00\x00\x0d\xd7\x00\x00\x0d\xd7\
\x01B(\x9bx\x00\x00\x00\x19tEXtSof\
tware\x00www.inksca\
pe.org\x9b\xee<\x1a\x00\x00\x01\xfbID\
AT8\x8d\xd5\x95\xbfn\xd3P\x14\x87\xbf\xeb?\xb9\
\xf6\xb5;$HH,l\xa5H\xed\x94\x0c\xa8b\xe0\
\x05x\x07\x1e\xa1\xb4+bB\xac\x15\xaf@\xa7<\x00\
Rg\xa4\xd2\x8a![\x07\x04\x9dX\x90*\xd1\xa8\xd8\
qrmr/Cb+vHT!e\xe0HW\
\xd6\xb1\xce\xfd\xceO?\x9f{-\xac\xb5l\x22\x9c\x8d\
P\x01\xa1\x94\xda\x88dqzz\xba\x11\xb0\xa7\xb5\xae\
\xbdx\xf5\xf1>\x00\x97\xc7\xfb\x00\xec\x1d]\xdc)\x7f\
\xfb\xec\xba\xae\xb8\xdf\xef\xd7\x14\xbf\xf9\xfc\xb0\xdat\xd7\
\xd8;\xba\xe0\xf5\x93\xef\xeb\x15\x97\xd0\xab\xab\xafXk\
i\xb7\xdb\xb8\xaeK\x92\xa4h\xad\x09\x02I\x1c\xc7\x18\
c\xb8\xb9\x19\xb2\xbd\xfd\x88\xcb\xe3}NN\xbe\xad\x07\
\x97a-(\x15\xe1\xba.y\x9e\xa3\xb5\xc6q\x1c\xa2\
(\x02 MG\xb5\xfa&\xc7\x99L&,\xae\xd23\
\xcfs\x09\xc3\x00cL\x05\xd9\xda\x8a\x11B\xa0\xb5&\
\xcfs<\xcf\x05`\xf7\xf0\x9c&g\xa5\xe28\x9eA\
F\xa3\x0cc\x0cRJ|\xdf\xc7\x18C\x92\xa4\x081\
\xab\x01\x98Z\xbb\xa4Xt\xbb\xdd\xda\xc7\x1b\x0c\x06\x00\
\x0c\x87?)\x8a\x82\xdb\xdb_\x08!\xe8t\xda\x08!\
H\x92\x04\xads\x94\x0aQJ\xd1n\xdf\x03\xa0\xd7\xeb\
\xd5=.\x8ab\x85\xc7\xb6\xb2 \x8e\xa3\xb9\x059Z\
\xe7\xb8\xaeC\x18\x86,^\x07M\x8eS\x14\x05\x8b\xab\
\xf48\xcb2\xa6\xd3)R\xb6\x90R\xce\x1b\xa55\x9b\
\xb2,\x03`\xe7\xe0\x8c&\xc7\xcb\xf3\xbc\xd6)\x9c?\
\xc7\xe3\x09B\x88\xca\xc74\x1da\xad%\x0c\x03|\xdf\
\xa7(~3\x1eOf~\x0aA\x93\xb3\xa4x\xf1p\
DQTm*\xc7M)5o\x94Tu_\xde=\
]V\xbc\xca\xe3V\xcb'\x08\xe4_\xc7mf\x93\xa1\
\xd5\xf2Wz,:\x9dNm*\x1e\xbc\xf8\xf0OG\
\xfa\xc7\xfb\xe7\xeb\xad(\x0b\xcb\xd8=<\xe7\xf1\xcbO\
U\xbespV\xcb\xcb\xda&GH)7s\x1f;\
\x8e\xb3\x19\xf0\x7f\xf7\xcf\xfb\x03\xff\xb0M\xae\x96\x01\xdb\
7\x00\x00\x00\x00IEND\xaeB`\x82\
\x00\x00\x03\x0f\
\x89\
PNG\x0d\x0a\x1a\x0a\x00\x00\x00\x0dIHDR\x00\
\x00\x00\x16\x00\x00\x00\x16\x08\x06\x00\x00\x00\xc4\xb4l;\
\x00\x00\x00\x04gAMA\x00\x00\xd6\xd8\xd4OX2\
\x00\x00\x00\x19tEXtSoftware\
\x00Adobe ImageRead\
yq\xc9e<\x00\x00\x02\xa1IDAT8\xcb\xad\
\x94MkSQ\x10\x86\x9f\x99{#\x09n\x12\xbaP\
\xfa'\xa4\x1b\x17mZRK\xf1kQ4\x05+\x08\
\x8aX7\xc5\x7f\xa0\xab\xfa\x1b\x8a\x8b\x8an\xf47\x88\
n\x12RL\xda\x94v!t\x11pc\xc1M[#\
\xa9i\x9a\x93\xe4\x1c\x17\xb9\xb7\xf9.\x05\x1d\x18.\xf7\
\xde3\xcf\xbc\xe7e\x18\x1f\x10\xc0\x03\xfc\xe0\xa9t\xc2\
\x01\xad \x9b\xce9\xcb\x05\xc3\x07\xbcd2\xd90\xc6\
`m\xa7\xce9\xc7\xf1\xf11\x89D\xe2\xd3\xe6\xe6\xe6\
c\xa0*\x22u\xe7\x5c\xf3\xa2`\xdf\x18\xc3\xf3\xe5e\
\xac\xb5\xa8*\xa2\x8a\x8appxH.\x97\xbb51\
1\xf1qww\xf7)P\x16\x91\xdaE\xe0>\xe0Y\
k\xb1\xceb\x1a\xa6\x0dF\x10\x15\xe2\xf18S\x93\x93\
\xe466\xe6\x22\x91\xc8\xfb\xad\xad\xadg@EDL\
`S\x7f\xd8\xd06\x1f\xd0h4\xca\xfa\xfa\xdb\xa1V\
\xcc\xce\xce\x92J\xa5(\x16\x8b\xb3\xd5j\xf5{,\x16\
\x1b\xaa\xb0R\xa9P*\x95\x00\xc6\x81?>\x801\x86\
\x95\x95\x15\x9cs\xa8\x08\xa2\x8a\x08\x1c\x1d\x1d\x91\xc9d\
\xc09\x16\x16\x16X\x5c\x5c\xc4\xf7\xbc\xe0\xbf \x02\x22\
\xed\xb3\xc6\x18\xd2\xe9\xc5\x10\xfc\xd3\x07\xb0\xd6\xe2\x9c\xc3\
\xd4\xeb\xa8\xeaY\xc6\xe3\x09\x92\xc9i\xb2\xd9,\xf9|\
\x9edr\x8a\xa6s \x82\xaa\xa0\xa2\x88XD\x85b\
q;\x14\x9f\x00\xca>@4\x1aemmm\xa8\x15\
\xf3\xf3\xf3\xcc\xcd\xcdQ(\x14X]}\xcdyV\x04\
\x11\x03\xfc3+\xee\xadThq\x8a\x0a\x88\x82\x88\xe5\
\xd7\xa1a;\xf3\x0exB:}\x9f\xa5\xa5\x07x\x9e\
\x87J\xe7V\x88 @\xb3\xd9\xe0\xf6\x9d\xbb=S\x81\
\xb5\x96\x96;\xe5\xa4\xfe\x03\xf5@\xb5\x0d\xbf\x1cW\xae\
M\xc3N\xf6\x0d\x976.133\x83s\xa0\xeaP\
\xdb\xb6 l\x90/l\x0e\x8c\x1b\x00\x22\x1d\xa0(m\
\xff\x14\xc6\xae\xc0\xf5\x1b>{\x85\x0f|~\xf5\xe5\x22\
V\xf4\x81\xcf\x80\x1d\xa8\x069v\x15R\xe9S\x22\x0f\
\xcbD\xbc\x93\x9e\xb3\x04\x82N\x9b\xfb\xbc\xb89Bq\
\xbb@\x07\xd4\x8bX\xac\xd4h\xb4j\xb4\x5c\xe7v\xaa\
 \x1e\xa8\x83o_\xedp\xc5m\xa5\xdd\x0d\x82\xc2`\
E\x85 \x95\x00\xd6\xf5?<?\x14L0\xec*]\
\x05B\x8f%C\xa1]\xef\xa3=\xeeW\xab\xe74\xd1\
\xc1\xb3#\xa6B\xba<\x1dl2\x0c(^`\xa1w\
\x9eb\xe9Mtp\x04\xc5\xebj\xd8\x07\x159\x0f\xac\
}c\x17\xc2e\x88\xc7]Po\x14\xb8R\xa9P\xab\
\xef\xb3\xb7c;\x10\xed\xf5}\xd4\xb7\xb0\xf1\xef\x83A\
\xb0-\x95J\xbc|\xc4\xff\x8aZ\xb8\xe8[\xc1\x0e\x1d\
\x0fV^\xec\x1f\xa1e\xa0\xf6\x17a>\xfc\x13\xc9\xbd\
\xdd\x12\x00\x00\x00\x00IEND\xaeB`\x82\
\x00\x00\x02\x83\
\x89\
PNG\x0d\x0a\x1a\x0a\x00\x00\x00\x0dIHDR\x00\
\x00\x00\x16\x00\x00\x00\x16\x08\x03\x00\x00\x00\xf3j\x9c\x09\
\x00\x00\x00\xffPLTE\xff\xff\xff\x00\x00\x00\x00\x00\
\x00\x00\x00\x00\x00\x00\x00\x00\x00\x00\x00\x00\x00\x00\x00\x00\
\x00\x00\x00\x00\x00\x00\x00\x00\x00\x00\x00\x00\x00\x00\x00l\
llDDDddd\x00\x00\x00QQQ\x00\x00\
\x00\x00\x00\x00~~~\x96\x96\x96\x7f\x7f\x7fPPP\
\x00\x00\x00[[[\xd2\xd2\xd2ZZZ...\xb4\
\xd9\x86\xb0\xd7\x80\xb7\xda\x8a\xb6\xda\x89\xf2\xf2\xf2\xef\xef\
\xef\xf4\xf4\xf4\xf7\xf7\xf7\xb1\xd7\x81\xf3\xf3\xf3\xf8\xf8\xf8\
\xf6\xf6\xf6\xb2\xd8\x83^^^\xaf\xd6~\xf9\xf9\xf9W\
WW\xfb\xfb\xfb///\xd1\xd1\xd1\xfe\xfe\xfe\xe7\xe7\
\xe7\xff\xff\xffs\xa6\xff\xeb\xeb\xeb\xd9\xd9\xd9\xf1\xf1\xf1\
\xb3\xd8\x84\xee\xee\xee\xfa\xfa\xfa\xf0\xf0\xf0\xf5\xf5\xf5\xb5\
\xd9\x87\xe4\xe4\xe4\xfd\xfd\xfd\xe0\xe0\xe0\xdc\xdc\xdc\xb7\xda\
\x8c\xdb\xdb\xdb\xd4\xd4\xd4\xe3\xe3\xe3\xd8\xd8\xd8\xce\xce\xce\
+++\xbf\xde\x97\xc4\xc4\xc4\xcd\xcd\xcd\xb9\xdb\x8e\x93\
\x93\x93\xfc\xfc\xfc,,,\xed\xed\xed\xaf\xd6}\xdf\xdf\
\xdf\xaa\xaa\xaa\x9d\xcd`x\xef\xa9u\x00\x00\x00\x19t\
RNS\x00\x0dM&\x08\x0c\x0b\x05G\x02:\x11K\
\x9a\xf5\xf1\x1b\xf3%\x22\xf0\x91\xf0\xb2\x07\xe0F\x91\x96\
\x00\x00\x01\x1aIDATx^\x95\x91\xd5n\x04!\
\x18F\x99\x1d\x97\xf5\x1a2\xee\xeb\xeeuw}\xffg\
)\xd0\xddfnz\xd1\xc3\x1fB\xbe\x9c|\x90\x00\xfe\
\x89\xaeJ\x8a,\x14\x90\x15I\x05\xfa\xfe^\x0bB\xcc\
\x16\x86\xfc\xd0\xad\x96M\xa0\x1e\x5c\x0dO\x87l\xe0\xfd\
\x96\xaf\xba\x08\xa4V\x0f\xbd \xd4I#x\xe1z\x9e\
m/\xf2\x9c\x18@\xc1)\xe2d\x90\xa6\xc7v\x1e;\
.\xd1\x80\x8c\xb3\xdej\x95F\xd1\x06s7v\x9c'\
b\x01\x01\xfa\xdc\xdd\x84\x90\xba\x8b<\x8e\xdbn\xbf\x04\
\x04\x1cp7L\xb0\xc7R\xa7\xfdn\xb3\x18N\x11#\
\xf4\xd9#!f\x10\x16\x8f:i\xb6I\xfc9\x9eL\
\x10\x9f\x11\x8b\xf15\xb7\xe7\x01F[Nx\xc9G\x94\
\x85\x89\xbf\x0e\x98=\x1e\xd39\xe3W\x9e3w\xbd^\
\xc2\x9d}\xc9\xed\x19+\x0e\x96opg\xdf\xd0X\xee\
\xceB\xdf\xa7\xe9\xf4\xb7\xfb\xf6\xce\x02J\xf5\xf3\xe1q\
\xc0\xa0\xdd\x03n?W4 \x95\xeb\x84\xf4\x7f\x86.\
\xba\xbfV\x0e\x0d\xa0\x9a\xa2\xa1Y\xa5\x02\x96f\x88@\
?2k\xcd\x86X\xa0\xd1\xac\x99\x7f|\xda71O\
3M'L\x84\x8a\x00\x00\x00\x00IEND\xaeB\
`\x82\
\x00\x00\x02J\
\x89\
PNG\x0d\x0a\x1a\x0a\x00\x00\x00\x0dIHDR\x00\
\x00\x00\x16\x00\x00\x00\x16\x08\x04\x00\x00\x00n\xbd\xa4\xb0\
\x00\x00\x00\x04gAMA\x00\x00\xd6\xd8\xd4OX2\
\x00\x00\x00\x19tEXtSoftware\
\x00Adobe ImageRead\
yq\xc9e<\x00\x00\x01\xdcIDAT(\xcf\xcd\
\xd2MH\xd3\x01\x18\xc7\xf1\xdf\xf8\xcb\xd8\x0b\xb2Nn\
\x81\x8d6)F1\xdaV,\x92\xa0Q,\x10\x092\
B(\xa3\xc3(\xf5`au\xc8l\x18\x09\x16\x11d\
\x875\x22J\x82\xba\x0c\xea\x92\xb6KD\x87\xc1v)\
i\x14J/d\x11E\x1dw\x18\xbe,\xfe\xdf\x0e\xc6\
\x16\xff\x94:\xc6s\xfd\xf0\xf0\xbc\xfc\x84\xfe\xbd\xf4_\
b\xd9d\xc8.\xa7\x5cr\xc9)\xbb\x0c\xd9V\xc12\
N\xa7\x8e\x14vV\xd6\x9a>\xb3\xbd\xd2]J\x0d\xc8\
#\x87\x8c\x15\xb0\x9azs\xdb\xe7G\x99\xe25e\x1e\
2Ll\xa1{R>\xb9\xd5d\xc12\x8e\xe7N\xd6\
^\xf0\x9d/|\xe6\x13s\xbcc\x8a\x9eZW^\xad\
r/w\xaf\xcf:\x98\x8a\xcf?\xe7\x1b\x1fy\xcf[\
f(3M\x89\xdb\x84\x17;\xd3\xf2\xc9![\x03\x1b\
\x87\x0a#|\xe5\x03%\xce\x13%\xc2\x19\x1e\xf3\x94{\
\xf4\xb2\xbb\xac\x90<2\x1a\xd8\xbe\xa3\xf2\x809f8\
W_\xa2\x8f<\xb7\x18csUqyeo`g\
\x8bY\xe2\x0d/\x89\xd4\xf1Fr\xdc \xc3\x1aS\x09\
\xf9\xe5l`W\x8b\xf9\x8cW\x14\x09\xd7q\x1bw\x18\
\xe7*\x1eSI\x05\xe4\xfa\x0do\xad\xdcd\x9a'\xf4\
\xd7\xf1A\xb2\x8c1\xc8\x86\xaa\x15;;J\xfd\x14x\
\xc4\x04=\x04\x09r\x80\xcb\x5cc\x88}\xc4f\xadc\
\xd8\xf7\x0f\x84\x16\xb2\xdc\xe7.\x13d\xb9\xce8W8\
\xcbQ\xfcK\xe1\x8cuAC\x9e=\x93\x1d\xb5\x11.\
1\xcaE.0\xcc)\x0e\x13\xfb\x11)*i=\x9d\
M\x0e\xf9v\xe5\xdb\x16\xbb8A\x9a!\x8e\xb1\x97u\
K[\x8a\xeaT\xd4\xf2\x14$Cn\xb5\xb6\xa7\xb7\x95\
\x83\xd5f\xb3\xd9\x5c_\x0d\xcfn\xca(\xa9\xe8\x1f\xef\
^\x0e\x92\xdc\xf2)\xa4\xb8\x12J*\xa9\x84\xe2\x0a\xad\
\x18\xa4_\xdd\x1d\xf2\xc8+\xbf\x02\x0a\xc8/\xef\xaa\x11\
\xfd{\xf8\x7f\x02l8\xbbq\x07\xb6\xccb\x00\x00\x00\
\x00IEND\xaeB`\x82\
\x00\x00\x01:\
\x89\
PNG\x0d\x0a\x1a\x0a\x00\x00\x00\x0dIHDR\x00\
\x00\x00\x16\x00\x00\x00\x16\x08\x06\x00\x00\x00\xc4\xb4l;\
\x00\x00\x00\x04gAMA\x00\x00\xb1\x8f\x0b\xfca\x05\
\x00\x00\x00\xf1IDAT8O\xed\x94\xb1\x0a\x830\
\x10\x86\x95F\x1aZ\x1c\x04;\xb8\x14tp(t\x90\
,E*Tp\x93\x0e\x82\x0f\xe0\xfb\xbfDz\x91\xff\
\xca\xd5f\xe8\xd2\x0em\x03\x1f\xc1\xff\xee>p\xc8\x05\
\xc1\x07NH\xac\x08\x05\x22b\x0d\x22\xa0\x89\x0dn\x99\
m\x81\xc6l(\xc5\x0a\x85\x18$\xc4\x0e$ #\xf6\
\xb8eV\x80\x0c\xb3J\x8a\xb5h\xe4\xe6\x03\xe0AC\
\x9cq\xcb\xac\x03\x06\xb3Z\x8a\xdd\xafX1`\xc1\x89\
8\x8ao\x0b\xc92\xe3\xbc\x80\xeb~b\x14KGU\
U\xdc|!L]\xd7Rp\xf5d\x9c\x97p\xbd&\
\x1e\x86\xe1I\xec2\xd1\xf7\x17\xff\xc5_-~x\xd2\
b`~\xd2\x0bq\xc7\xd9B\xec}\xd2\x1a\xc5y\x09\
\x89\x81y\x09\x8d\xe3h\xd34\xe5\xccp\xd6\xb6\xad\x14\
{\x97\x90\xca\xf3\xdc\x15\xddo\xc4}\xdfs\xf3\xbc6\
\xa7i\xb2M\xd3p\x96q\xe6\xe4bgx\xd7\xe6\xdb\
\x16\xfd\x8f\x9f\x1b\xe9^\xd1\x9c\x1a\xf3\x15{\x00\x00\x00\
\x00IEND\xaeB`\x82\
\x00\x00\x02$\
\x89\
PNG\x0d\x0a\x1a\x0a\x00\x00\x00\x0dIHDR\x00\
\x00\x00\x16\x00\x00\x00\x16\x08\x06\x00\x00\x00\xc4\xb4l;\
\x00\x00\x00\x19tEXtSoftware\
\x00Adobe ImageRead\
yq\xc9e<\x00\x00\x01\xc6IDAT8\x8d\xcd\
\x95MK\x02Q\x14\x86\x0f\xfd\x83\xfeD\x9b@\xf7-\
\xdbDD1\x92$8`\x10\x06\x11\xee\x0a\x0a\x02]\
\x85\xb4\x8a\x92)\x1c\xf7\x1a.f!\xb4+\xdc\xd8&\
p\xe1\xc7Fg#\xb8\x10\xdch\x06\x22\x88\x9e\xee\xb9\
ye\x9a/jf\x93\xf0p\xcf\x1c/\x0f\xef\x5cf\
\xce\x80\xa2(w\xc9dr\x18\x8b\xc5P\x96e\x8cF\
\xa3|5C\xfd\xdf\x00\x00Q\xc6\x0a\xa4R\xa9a\xa3\
\xd1\xc0\xf9|\xce\x99\xcdf\x16\xc4\x7ff\x9a\xcd\xe6\x0f\
\x0a\x85\x02\xb2\x80\xefL\xbc\x0e\x94t:\x9db&\x93\
\xc1P(dA\x92$\xdb\xbe\xaa\xaaKa6\x9b]\
\xd6\x8b\xd4\x9b@\xb79\x99L\xf8\xe6\x5c.\x87\xf9|\
\x1e5M\xc3R\xa9\xe4\x8a\x10\x93\x94\x89\x96\xf2\x85X\
\x02*\xc6\xe31\x17\x93\xb4\x5c.c\xadV\xc3V\xab\
\xe5\x8a\x10\x93T`\x10\x87y\xe2\xd1h\xc4\xc5\x94\x94\
\xa4\xbf\xf9\x19\x8f\xc2\xc8B|\xc0\xc5\x83\xc1\x80\x8b\xe9\
\x16)\xcd_\xc4\xf29\xe0\xe1%\xe0\xb6\x0cVq\xbf\
\xdf\xf7,>\xbb\x07\xbcx\x04\xdc?5\x89\xa9\xe8\xf5\
z\x9e\xc5\xd7O\x807\x1a\xf0\xe4\x96\xc4\xddn\xd7\xb3\
\xf8\xf6\x19\xf0\xe1\x15\xf0\xe8\xcaF\xdc\xe9t\xf8\xf3\xea\
E\xac\xbc\x00\xe6\xde\x00\x8fS6G\xa1\xeb\xba\xe7\xc4\
\x8e\xe2H$\xc2e\xd4\xf8Wb\xc73\xf6+v|\
*\xfc\x8a\x1d\xdf<\xbfb\x87Y\xe1_\xec0\xdd\xbe\
\xc5\xedv\x9boL\xa7\xd3|\xa5Mf\xa8o\xc6e\
\x1e\x87!\x1e\x8f\x7f\x14\x8bE\xacT*X\xadV\xb1\
^\xaf\xf3\x09'0_\x1b\xb1\xfb\x820\xa9\xce\xe7q\
\x22\x91P\xd9\xcb\xf1\x19\x08\x04\x90\x08\x06\x83(jq\
-z\xa2v\x83IO\xf8\x17\x84\x1d\x17[a\x95\xb1\
\xc6\xd8`l1v\x18\xbb\x0e\xec\xb9A>\xe2\x0bN\
\x07R\xd6\x86\xae\x81\xd9\x00\x00\x00\x00IEND\xae\
B`\x82\
\x00\x00\x02\xd1\
\x89\
PNG\x0d\x0a\x1a\x0a\x00\x00\x00\x0dIHDR\x00\
\x00\x00\x16\x00\x00\x00\x16\x08\x06\x00\x00\x00\xc4\xb4l;\
\x00\x00\x00\x04sBIT\x08\x08\x08\x08|\x08d\x88\
\x00\x00\x00\x09pHYs\x00\x00\x0d\xd7\x00\x00\x0d\xd7\
\x01B(\x9bx\x00\x00\x00\x19tEXtSof\
tware\x00www.inksca\
pe.org\x9b\xee<\x1a\x00\x00\x02NID\
AT8\x8d\xd5\x95\xcdn\xd3@\x14\x85\xbf1q\x82\
\x93J%\xcd&?R\x1db\xd3\x0d\xbc\x00\xa2O\xc0\
\xdb\x80\xd8\x83X\xa3\xbe\x0e<\x00\x14V\xacXUv\
\xea\xd0\x9f\xa0(JR\xd4\xfc9\xcd\x0c\x0b77q\
\xd2v\x03]p%/\xce\x9c\xb9g\x8e\xe7^_+\
c\x0c\xf7\x11\xd6\xbd\xa8\x02\xea\xe9\xab\xc3;-kc\
0\xc6\xb0\xbaI\x01J),\xa5n\xcd\xcb\x00\xfc8\
x\xfeO\x5c.\xe2\xd9\xeb\xaf\x890\xc0\xcb\xf7_\xd0\
:\xf1\xa5\x94\xc2q\x1e\xa2\xae\x1d\x19c\x98L&w\
\xf00\x9dN\x99\xcf\xe7|z\xb7\xbft\x0c\xa0\xb5\xe1\
\xcd\xfe\x18\xcb\xb2\xd8\xdb{B\xa1P\xb8^\xd7\x1c\x1d\
\x1d1\x1c\x8e\x006x\x80V\xeb'\xdd\xee%\x1f>\
;\xb2\x96*\x9e1\x86z\xdd]Kj\x89(\xb0\xc1\
w:\x1d\xba\xdd\xee\xc6u\xa4\x84k\xb5\x1a\xc5bQ\
\xf0\xf9y\x9b^\xaf/\xb8R\xa9\xa4\xf8\x8b\x8b\xdf\x9c\
\x9c\x9c\x0a\xced\x1el\x0ag2\x19*\x95\xb2\x10\xfd\
~\x9fv\xbb-xg\xa7H\xb5Z\x11<\x1eOh\
6\x9b\x82\x1d\xc7!\x9b\xcdm\x0ag\xb3YY\x1c\x0e\
\x87DQKp\xa1\x90\xc7u]\xc1\xf3\xf9\x9c \x08\
\xd0Z\x03`\xdb6\xbe\xef\xb1\xda}\x22\xbcX\x8c\xe3\
\x980lJR6k\xe3y\x1e\x96\x95l5\xc6\x10\
\x04\x01q\x1c_\xe7)<\xaf\x912\x96\x12^:\x09\
\x99\xcdf\x09iY\xf8\xbe\x8fm\xdb\xb2'\x8aZ\x5c\
^\x0e\x05\xbb\xeen\xaa\x987\x0aGQ\x8b\xf1x,\
\xb8\xd1x\x8c\xe3,[\xa8\xdd\xfeE\xaf\xd7\x13\x5c.\
\x97)\x95J\x82\x17\x86R\xc2q<c0\x18\x08Q\
\xabU\xd9\xde\xde\x16<\x18\x0c8;;\x13\x5c,>\
\xa2V\xab\x0a\xee\xf7\xfb\xc4\xf1\x0d\xc2\xab\xa7\x95J%\
\xca\xe5e\x87\x8cF#\x8e\x8f#\xf9\xd2\xf2\xf9<\xf5\
z}\x83_\x8d\x8d\xe9\xb6\xb5\xb5\x85\xeb\xee\xa6^/\
\x0c\xc3T1}\x7fY\xcc\x05\xbf>~S\xc2\xb9\x5c\
\x0e\xcfk\x883\xad5a\xd8\x94WTJ\xa5\x8a\xa9\
\xb5&\x08\xc2\x14\xbf\x08\x99\x15J)\x0e\x0e\x0bX\xdf\
\x96\xf78\x9dN\xb9\xba\xd2\x80#\x07g\xbew\xd6x\
\xb3\xc2/[N\x84?\xbe}\xb1~+\x7f\x15\xb7\x0e\
zmL\xf2h\x83\xc1\x90\x5c\xa1\x01\x14J\x81Ba\
Y\xc9\xb0\xbfi\xe0\xab\xff\xee\x9f\xf7\x07\x01\xa6\x0cD\
'-;b\x00\x00\x00\x00IEND\xaeB`\x82\
\
\x00\x00\x04\x9e\
\x89\
PNG\x0d\x0a\x1a\x0a\x00\x00\x00\x0dIHDR\x00\
\x00\x00\x16\x00\x00\x00\x16\x08\x06\x00\x00\x00\xc4\xb4l;\
\x00\x00\x00\x04sBIT\x08\x08\x08\x08|\x08d\x88\
\x00\x00\x00\x19tEXtSoftware\
\x00www.inkscape.or\
g\x9b\xee<\x1a\x00\x00\x040IDAT8\x8d\xb5\
\xd5kLSg\x1c\xc7qM\xf6\xc27\xcb\xb2,q\
Y\xb2\x99\xec\xaa\x9bn\xd9&\x9b\xd3ev#\xce\xc4\
\x11\x02[\xdc\x0d\x01A)\x94r)\xf4\x02J\x16A\
:[.ce\xca\xc5\xd2\x96\x82\xedi\xc1Z.[\
\xa1\x1e@\x842\xc5E\x9c`\x80RV\x1c\x10\xa1\x14\
\x19\x882iK\xedoO\xbb\xadA\x11\xc5,k\xf2\
M\xfa\xa2\xe7s\x9e<\xf9\xe7\xdfU\x00V\xfd\x1f\xad\
\xe8G\xb1\xb1\xb1\xeb\x14\x0aeaFFF\xd3\x7f\x86\
\xd9l\xf6\x8brye\x91\xb4\xb4c\xe6G]\x05&\
\x06\xf6B&\xd3\x82\xbc\xe4\xb5G\x86\xe3\xe3\xe3\xd7\xcb\
\xe5\xaa\xb2\xfc\xfc\xbe\x99}L\x07\xb6|\xf0\x07\xd2\xd2\
\x0cX\x98\x08\x85\xdb\x1e\x82\x06\x83\x0fNX\x11\x9c\x94\
\x94\xb4Q&\xa3\x94\xb9\xb9\xfd7\xf7\xeew\xe0\x85\xd7\
\x9d\xd8\x18t\x1e\xcfo\x9bD\xc0\xcei\xe4Kt\xb0\
\x0dD\xf9`S[1\xe2\xe2\xe2jV\x04\x17H\x86\
\x1d\xcfmpa\xed+.\xbc\x1c8\x8c\x04\xd3&\x04\
\xe7\xe6`\xd3.\x17\xb6\xecv\x22R0\x08\x85\x86\x82\
\xe1\xf4\x0f\xf8\xbe\xf2,D\x22\xd1,9\xf5\xea\x87\xc3\
\xf2\x16k\x8cq;\xd8\x1do \xa6q\x07xW\xd6\
\x82\xdd\xfe.\xc2U||\xcc\x1bC\xb0\xe06\xa2\xc5\
\xe3`\x17\x8e \xa9x\x142M\x8b\xf7:\xde|(\
\xac\xa6\xf4\xc2\xd8\xd3;} \xe7\xc2K\x885\x86\x22\
\xa1\xfd}|-W\x22\xf8\x10\xf0\xa9\x08\xf8\xa2\xc0\x83\
=\xc7\xdc\x888\xee\x81\xa2\xc9\x86\x10fvO\x00S\
\xcd#\xbd\xba,LFh\x1d\xf7\x94\x14\xac\x96O\x90\
dd\x80\x99\xaa&\x98\x07\xfb\xaa\xcb\xb1\xe7\xf84\xc1\
\x80\xa8r F\x0d\x94\xb6;\xa16^F\x18+\x03\
\x04\xf5\xe6$\xb1\x97\x9d\x8a\xbc\x06\xfd\xc2\xee\xfc\x19$\
\xb4\x85B\xc8\xdc\x8a\xc8b\xc7\xdf\x18\xe5B\x5c5\x10\
\xaf\x07\xf8\x8d\x80k\xc1\x0dmU\x15D\xb9\x05\x04U\
\xfd\x8b{\xfb\xee\xbe\xb0\xb2\xb1\xbd?B\x0a\xb0\x1a\x8b\
\x91\x9e\x95\x03\x9e\xa4\xce\x87%\xd6\x03\xc9\x0d@\x0a\x0d\
p\x9b\x81!\xdb\x0c(\x8d\x16*\x83\x09\xdb\x99%\x8b\
\xe1;\xa4\xb7\x96\xc0jM\xf5\xc1d\x02\xb1\xf4.p\
\xaa'!<\x18\xee\xc7xg\xc8i\xcf\x02\x826`\
`\xec\x86\x0f\xd6vM\x22\x88)Z\x0c{3-\x81\
y<\xde\xd3\xc5\x9dn?&\xe6~\x04~\xb3\x03G\
/yP\xd2>\x0eA\xeb\x1d?|J_\x83\x06\x8b\
\x03\xe9\x99yw\xc1;Ru\x1e\xf3\xe0\xd5\xd4\xce\xce\
\xceo\x05\x02\xc13\xfe7\xd4u\x9a\x1d\xf23]\x10\
\xb7\xdaq$\xff\x1b\x5c\xb1\x8e\xa2Hk\xc4\xcc\x8d\x9b\
\x10\x95\xa8q\xa4\xf5:\x86\xae\xd9\xd1\xdb\xdb\x0b\x9d\x81\
\xc6\xec\xec,tuF\x04D\xcb\xf1e\xe6O\xe8\xe9\
\x1fB\xa60\xe7\x9c\xd5j\x1d\xe6\xf3\xf9\x8d~\xb8\xa9\
\xc5h\xb6\xd3\xc9\xf0v\xb1*\x11\x95G\x0f\xc0\xa4\x17\
\xc2>\xda\x0fJ]\x09\x1b\x9d\x82\x89\xb1\xab\xd0j\xb5\
\x90\x96\xab@\x9d\xac\xc7\xfc\xfc<\x18\xe1\x87q\xb2\xa5\
\x17E%R\x04\xc4TF\x10k5\x83\xc1x\xc2\x0f\
kT\x9a\x94\x91\xa6\x03>\xf8WE\x08\x8cy\x81\xf8\
\xbd\xdb\x88\xb9\xb9[P*\x95\x90)\x94\xe83[@\
Q\x14\xb62\x15\xf8*\xcb\x00\xef'\x8as\x18\xd7\xa7\
g\x91%.\xf4^\x09c\xc9\x12\xe2p8O\xf6\xb4\
\x95a\x9c\xe6\xe2\x17\xba\x14N\xa7\x03\xa9\x5c.\xcc\x96\
\xdfP*\x95\xe1=\x82]\xea\x1b\x06M\xd3\xd8\xbc_\
\x89\xf8\x82frb\x07\x02\xc3\xd2a\xea\xb2\xa0\xa3\xe3\
g|\xc6\x12\xae\xf7Z\xdd\xdd\xdd\x1b\xee\x9a\xbd\xba\xfa\
Z\xbb\xb4L\xea\x96H$\x17\xbc\xa7\xd1\xd5\xd3\x9e\xb9\
?o\x93{\xedCX\x9a\x0c\x97\xcd#\x98\x9a\x9a\x82\
 \x8f\x02}\xbe\x0f\xd9b2\xcf\xd12$J\x9aq\
kn\x0e6\x9b\xcdm\xb1X\x86\xc8b+\xb8w\xa1\
\xbfMz\xca\xfb\xbd\xb6\xb6\xf6s&_|\xf1CV\
\x19X\x87dx'B\x82])'\x10\x99\xa1\x04'\
[\x8am\xe1\xb9\xd8\x1cs\xc2?\x15!\x02uXE\
E\xc51\xb2\xfd\x92\xc9\x1d\xafy\xe0\x22!\x0f<N\
\xbav\xcf\xbc\xde\xaf\xfa\x15\xff\x83,\xc2\x9f%\x9d{\
\x00ZJZ\xf3\xc8\xf0?\xf8c\xa4DR\x0di\x82\
4H*'\x05-\xf7\xcc_C\xbe6\xc7\xc8\xef6\
\x84\x00\x00\x00\x00IEND\xaeB`\x82\
\x00\x00\x03\x82\
\x89\
PNG\x0d\x0a\x1a\x0a\x00\x00\x00\x0dIHDR\x00\
\x00\x00\x16\x00\x00\x00\x16\x08\x06\x00\x00\x00\xc4\xb4l;\
\x00\x00\x00\x04sBIT\x08\x08\x08\x08|\x08d\x88\
\x00\x00\x00\x09pHYs\x00\x00\x03b\x00\x00\x03b\
\x01\xcb<\x15\x14\x00\x00\x00\x19tEXtSof\
tware\x00www.inksca\
pe.org\x9b\xee<\x1a\x00\x00\x02\xffID\
AT8\x8d\xa5\xd4[H\xd3Q\x1c\xc0\xf1\x9f\xa93\
2C\x0d\xab\x07)3\xc2\xa2dF)\x99\x14\xf6\x92\
\x12\xd2Ez)z\xd8\x1e\x8a\x22\x84h\xd3\xa1\x18\x9a\
\xb5\x04E1}\xb1Ps\xb1\xe6e$$dY\xc3\
\x1efV\xf3R\xd1\xe6\x96\x97\x9aNm\xee\xe2\x98N\
q\xe9\xfe\xbf\xce\x7fm\xf2\xd7m\xeal\xf0egg\
\xe7|\xfeg\xe7a\x80\x88\xe0\x8a\x85\x86[\x89d\x18\
\xc0\x98\xf3\x9d\x0a\xb6`\x17\x84\xb8?\x97\xcb1\xfe\xb9\
\x5co~\xd5k\xec\xfb\xa0\x99f\x03\x8e\x1dJCS\
\xe19\xb4\xf7\xdft\x8c%\x8a\xc9\x9aM\xeb\x81\x17u\
\xbcd\xd4\xde{\x8dm\xc0\xaa\xfd\xf8\xfb\xe8\xd7~\x85\
M\x22\x9f\xc0OCs\xa8\xd6Sr\xc0!\xd8\x81\xb6\
GJ\xb4W+\xd1v\xb1\x15u\x99\x11\xeb:u\x0f\
\x04\xe1\xe4\xcb\xa19\x8dPfQU-P:\x09\xb6\
\xf5\x99\xb0\xb5\xdb\x88\xb2\xef\xd6A\xe7\x22\x87.\xb4\x00\
Q\xa0E\xc7\x05\x95cf\x7f\xcd\xfc\x08\xc4:7\xcf\
?\xde\xe7\x15\x1d\x04\x16*\xa2\xaf.\x8e\xb7\x8c\xda\x7f\
T;P\x99\x87\x9f5z\xacy;\x82\x02\x91\xca\xc0\
\xad\xfa\x12\x0f\x8bj\xc8\xc0I(AkL\xa9\xc3\xb6\
\xf3!\x162\xaeb\xfcz\x1dy\x0f\x5c\x09S\xbdP\
=\xdb\x11\xd5n~\x9f\xb1\x80=\xd7pN\x91\x85}\
\xef\x1e`\x8eH\xe9D\xe95\xb0t\xa7=\x10\x8cv\
\xb8\xf4o3\x99\xb3\xf0\xf6\xa0\xee\xbc\x06\x87\x0f\xdc\xc1\
~\xb8\xcb\x84o\xdc\xceM\xe9\xfcE\xd9\xa8\x89:\xb4\
\xc8\xce`K\xfbk\x145=\xb16\xd4\xf2\xd3\xdck\
\xbc\xdd_$N?\xed\xa4\xcc%:'\xacfu\xe3\
0\x5cq\x7f\x9f\x9a\x9a\x1a/n\x90NS\x14\x85J\
\xe5\x1bT\xb4\xe7\x90\x93\xaa\x96N\xba\x1a\xec<\xbd}\
\x9c]\x8c\xea\xb0nTC\xd7\x9f\x9f\x90\xe5F+*\
*\xa6\xa4R)v\xc8\x15\xf8\xa2s\x00\xef?\x93Y\
W\xa2\xbea\xd2\xdc0\x94\xcfk\xa1rF\x0b\x99\xb3\
Z\x90\xd6T\xc6d\x94\x95\x959Q\x0e\x87\x83\x09\x09\
\x09x\xe4x\xeaT\x0c\xfbt\x8a\xb7\xfd>\xe1\xd9Q\
\xc8\xd3\xeb!\x94\x1e\xa7\xa7\x9fd\x97\x96\x14\x9b\x99h\
DD\x84\x01\x00<N\xba&\xcc\xbcS\xa1P\xe8\x17\
\xba&L\xa3EEE\xa6\xe6\xe6f\xbf\xd0Ua\x1a\
-((0555\xf9\x8d\xfa\x84i4??\xdf\
\xd8\xd8\xd8\xb8!\xd4+L\xa3\xb9\xb9\xb9F\x89D\xb2\
a\xd4\x03\xa6Q\x81@`\x14\x8b\xc5\xff\x85.\x83i\
4;;\xdb \x12\x89|\xa2\xe4\x15\xc0\xcc=\xe7\x13\
\xa6Q>\x9fo\xa8\xaf\xaf\xf7@I\x81\xa4 R0\
)\x84\xb4\x99\x14F\xda\xea\x1a\xd3\xf3\x1e\xff\xe1@\x90\
d\x1e\x8f\xe7\x0d=\xe6\x02\xb6\x93\xa2H\xbbI\xd1\xae\
\xf16\xd7C|\x9e\x1a\xb8\x5cn\xff\x0a\xd4D\x16\x9e\
%\x1d$%\x90\x0e\x93\xf6\x92v\xb9\x1e\xb4\xea\x15,\
\xc1\xe4^\xbf1P\x0b\xd9\xc0!\x9d \xb1I\xb1\xa4\
\xc8\xf5b\xcb\xe0\xa4\xa4\xa4Sqqq\xaa\xf0\xf0\xf0\
\x01\xb2\xf12)\xce\xf5s\xfd\xc6\x98\xfd\x05Y\x95\x85\
\x0e\xb7\xb0\xc7\xfa\x00\x00\x00\x00IEND\xaeB`\
\x82\
\x00\x00\x02\xa5\
\x89\
PNG\x0d\x0a\x1a\x0a\x00\x00\x00\x0dIHDR\x00\
\x00\x00\x16\x00\x00\x00\x16\x08\x03\x00\x00\x00\xf3j\x9c\x09\
\x00\x00\x01DPLTE\xff\xff\xff\x00\x00\x00\x00\x00\
\x00\x00\x00\x00\x00\x00\x00\x00\x00\x00\x00\x00\x00\x00\x00\x00\
\x00\x00\x00\x00\x00\x00\x00\x00\x00\x00\x00\x00\x00\x00\x00\x00\
\x00\x00\x00\x00\x00Sv\x8c\x06\x08\x0a\xc3\xd8\xe2f\x87\
\x98AT\x5c\x00\x00\x00\xaf\xc7\xd49c{\x02\x04\x04\
\x02\x06\x0aO{\x93\x08\x0a\x0a\xb7\xc7\xd04Znp\
\x96\xaa\x00\x00\x00\x00\x00\x00\xab\xc2\xd0\x00\x00\x00fu\
|>k\x84\x00\x00\x00\xa2\xb6\xc1\x00\x00\x00-Pd\
\x00\x00\x00\x00\x00\x00\x93\xa4\xad\x00\x00\x00+LZ@\
o\x86\x00\x00\x00JJJ---444LL\
LAAA`\x8c\xa4\x83\x83\x83j\x7f\x8a\xd9\xe6\xee\
\x9f\x9f\x9fp\x92\xa4\x96\xb7\xc8\xa5\xa5\xa5\x0d\x10\x10\xaa\
\xaa\xaa\xb3\xb3\xb3UUU\xc8\xdb\xe43^t\x98\x98\
\x98XXXuuu\xd7\xe4\xecSSSN}\x96\
YYY\x8d\xa1\xaaaaagggmmmV\
{\x8f}\xa3\xb8\x93\xac\xbarrr`x\x87\x91\xaf\
\xbf\xb5\xce\xdaxxx~~~\x0d\x12\x13\xa3\xa3\xa3\
[\x87\x9e\xc6\xd8\xe2\x8a\x8a\x8a\xc3\xd4\xddCs\x8cM\
MM\x92\x92\x92:j\x84\xcf\xde\xe6Aex||\
|>k\x83M\x88\xa1\x12 %6661IV\
333???EEE\x83\xa4\xb7hT\x8c\x81\
\x00\x00\x00.tRNS\x00\x0d\x0b\x08\x04M\x19D\
\x01\x223W:(?\xed\x9f\xfe\xe0\xba{\xf6\xe2t\
~\xfdu\xf9\xf8\xf6\x0e=\xfe>\x9d\xf97\xf9n\xf8\
\x5c9\xdcF\xd9\xfc_\xaal\x97\x00\x00\x00\xe2ID\
ATx^\xad\x90E{\x83@\x14Ea\x86@\x5c\
\xeb\xee\xdeC\xbc\xee\xee\xee\xee\xf6\xff\xf7\xcd\x17\x0aa\
\xf6=\xcb\xb3\xb8\xf7\xbd\xab\x05\x0d)t\x17!\x8d\xa0\
V\xc5\xd0Mr\xb6K~\xc1p\xb44\xc3\xac\xac>\
\x97\xae\xef\x97'g\xe6\xe6\xf3\xd2\xd1\x22dQ\xb8[\
\xdf\xdc\xde\xd9=<=\xbb\xc8\x89\x9a\xf6#\xbc\x10\x8b\
\x87\x04$3\xa4&0\xa5W\x19\xaa\xe3\xe52\x0d\xb3\
\xdc\xa0;\x95\xd5\x03\xe3M<\x15\x7f\xca@\xd49\xd0\
!\x0605]O$\xa6\xf9\xa0\x01\x1a\xa1k\x91\x88\
\xa2\x97\x9a!\xdaB\xeb\x1a~m\xd1\xb6\xd1\x0e\xb0\xa5\
\xe8\x8eN>\xf6\xf6\x0f\x00\xdd\xaf\xbb\x01\x8e\x8eO\xe8\
\x89\xfb5\xbd\x9c\xf7A\xff\x15\x03\x8a\x1e\xbc\x85\xa1a\
F\x1eq\x84\xf3\xce(c\xe3\xaf\x00o({\x17\xde\
\xb3\xd9\xcf/\xdb\xfe\xfe\xff\xbd\x03.V\xf8o\xef_\
E\x9e2\xb0b\x8f\x5c6\x00\x00\x00\x00IEND\
\xaeB`\x82\
\x00\x00\x05I\
\x89\
PNG\x0d\x0a\x1a\x0a\x00\x00\x00\x0dIHDR\x00\
\x00\x00\x16\x00\x00\x00\x16\x08\x06\x00\x00\x00\xc4\xb4l;\
\x00\x00\x00\x04sBIT\x08\x08\x08\x08|\x08d\x88\
\x00\x00\x00\x09pHYs\x00\x00\x0d\xd7\x00\x00\x0d\xd7\
\x01B(\x9bx\x00\x00\x00\x19tEXtSof\
tware\x00www.inksca\
pe.org\x9b\xee<\x1a\x00\x00\x04\xc6ID\
AT8\x8d\xb5\x94\xdfoTE\x14\xc7?w\xee\xdc\
n\xbbl\x8b\xdd\x02\xd5Z\x84\x16Z\x82T\xb0\xb6\x1a\
\x1f\xfc\x01\x1a\x0c\x0f>h\xd4X\x89Q\xa3\xff\x80\x11\
\xa21\xd1\xa0\xd1\x17\x8d?\x88\x89\xfa\xa01\xfeH\x84\
\xf8#&\x86\x07\xa3\x89`\x22JL\xf0GKZl\
\x15]l\xcb\x8f\xb5-tw\xef\xdd{\xef\xcc\x19\x1f\
\xb6\xac\xa8\xd57O\xf2}8\xe7\xcc|\xe6\xe4\xcc\x99\
\xf1\x9cs\xfc\x1f\xa6\xff-\xb1\xe5\xc9\x03\xfa\x92\x0bZ\
\xb6\xe9@_}A\x93\xde\x9c\xcd\xf8}\x00al\x8f\
\x9c\x89\x92/L*_\x1f?3\xff\xc9\xfe]\x9b\xcd\
b\xfb\xbd\xc5*\x1e\xda\xfd\xed\xfa\xb6\xac\xffaw{\
n}6\xe335\x1bQ\x98\x09\x01X\xd5\x96\xe5\xe2\
|\x13al9v\xaa<6\x13\xda\xdb\xf6>x\xc5\
\xd8\x7f\x82=\xf0\xb6\xef>\xfcHg\xbe\xe9\xa9\x5c\x93\
\xaf\xbf\x18\xf9\x95\xae\xec\x1c\xeb\x96{,k\xb4\x00\xcc\
T5G\x8b\xc2/a+\xd7_\xb6\x9ard\xcd\xe4\
l\xf4\xf8\xbb\x0f\x0e<\xe3\xc0-\x0a\xbe\xfd\xd9ov\
\xf4t\xe4\x9e\x9b\x9c\x8d\x08\xa2cl\xed\x12\x06\xfb\xfb\
\xc9\xb7\xb5Q\xfc\xbd\xc8\xf4\x89i\xfa7\xf5S\x9a\x9f\
g\xf8\xc8\x08\x1f\x8dTI\x9a\xba\xe8\xcc711]\
\xde\xf9\xc1\xc3W=\xff\x0f\xf0\xcdO\x1fZ\xbf\xa25\
3\x5c\x8e\xad\xde\xd00\xc6\x96M\xab\xe8\xef\xbf\x9c\x86\
\x86\x0c\x00\xfb\xf7\xef\xe7\xf0\xb7\x87\xd9\xb9c'\x00\xc6\
\x18\x8e\x1d\xfb\x99\x8f\x0f\x8e\xf2Ce-\xb9\x8coN\
\xcf\xc5\x1b\xf7=v\xf5\x18\x80:wQZ\xf3^\xa6\
A\xe9%q\x81\xcd\x1bW288\x80\xefk\xc4Z\
\xc4Z\x9c\x13\xc2J\x05\x91\x9a\xaf<\x8f5k\xd6r\
\xeb\xb5\x97\xd1l&\xc94(\xad5\xefmy\xf2\x80\
\xae\x83Ao\x0b\x02\xd5w\xb4p\x8a\x1bW\xc7\xf4\xf5\
\xf5!\x22\x88X\xacX\xac\xb3\xa46%1i\xdd\xb7\
b\x11\xb1t\xae\xecd\xfbU-\x1c-\x9c\x22\x08T\
\x1f\xe8mu\xb012\xe8\x9ccmn\x8eK\xd7\xf5\
\xa0\x03]\xabL\x04\xe7\x04'\x8e$1T\xab\x09N\
\x5cMN\x10\x11\xc0\xd1\xdd\xb5\x8a\xf5\xf9\x10\xe7\x1c\xc6\
0\xf0'\xd8\xba\x81R,t\xe4\x0c:\xa3\x09\xc3J\
\x1d*\xe2\x10'\xa4IB\x5c\x8dk\xb1\x85\xb8sB\
\x14\x85\x88X\xd6,o\xa0\x14\x0b\xc6\xdaAXx \
\x89u\x03\xb3\xe5\x94\xe5\xed\x09a%b*\x9e\xa2\xa3\
\xe3\x22|\x1d\xe0{\x0a\xe5\xfbT\xca\x15\xba\xbbVc\
\xac\xc5\x89`E\xb0\xd60==\x8ds\x8e\xee\x15\x01\
\xb3\xa3)\x22\xee\xcf\x8aSk\x89SA)(W*\
T\xca\x15\xf0<\xdcB\x8f\xd34\xe1\xa7\x9f\xc79\xf4\
\xcd!~\x18\x1e\xc6X\x83s\x82\xe7Aea}\xa0\
5q*\xa4\xb66\xef\x0a@\x9c\xf7\xbd8\x98M\x96\
\xb0\xb2\xb3\x93\xdeu\xbd(\xa5P\xcaG)\x85\xef\xfb\
\xecxh\x07Cw\xde\xc9\x0b\xbb_b|b\xa2\x9e\
\xef]\xd7KOo\x0f\x85\x19\x0fq5V\x1dl\xad\
\x19IR\xc3\xe9(C\x14F5\xd89\xa8\xf2\xf1\x95\
\x8f\x0e\x02\xb6n\xdd\xca=wo\xe7\x95\x97_\xe5\xc4\
\x89\x93\xf5\xbc\xb5\x96\xc2\x9c\x90\xa4\x06kd\xa4\xdec\
\x11\x195\xe28|z\x09[~\x9b\xa4\xfd\xc2v\xb4\
\xaf\xf1\x94\xe2\xf7\xf9\x22g\xa3\x12\xbe\xaf0\xd6\xb0\xe9\
\xca\x8dD\x12\xd2\x96\xcf\xa3\x94\x8f\x13\xa18s\x86\xaf\
\x0a\x0e#\x16O\xb9\xd1z\xc5\xe3m\xa5=J\xccD\
a\xce\xf2\xd9x\xc0\xd4\xe4\x14\x9eR(\xa5h\xcad\
\xc9f\x1aiij!\xd0\x01\xbe\xefs\xdd5\xd7\xd2\
\xdc\xdc\x82R\x8a0\x8ax\xe7\xe0<\xbf\xce\x1a\x94\x98\
\x89\xf1\xb6\xd2\x9e:\xd8\xed\xba#I\xd2\xf4~\xcf\xc6\
\xc9\xc7\x13>\x07G\x8bLMN\x82\x83\xd6\x5c+]\
\xed\xdd\xb8\x08\x9a]3\x1d\xf9\x0eV,mG)E\
\x14F|\xfe\xdd4\xef\x0fGx6N\x924\xbd\xdf\
\xed\xba#9\xef\xe5\xc1\xf1\xd7n\xf92M\xe2\xb7\x93\
j\x99g\x0ej^?0\xc3\x91\xb1\x1f\xa9\x94k3\
m\x8d\xc1\x18\x8b\xf2\x14i\x9a\xf2\xdb\xd4I^\xdcW\
\xe0\xd1}gI\xaae\xd2$~\xfb\xf8k\xb7|\xb9\
\xf8\xb7\xe9=\xa1\xf2w\xf5\xbe\xe9!\xdb\xa5\xa1\xd9\xdf\
\xd0\xd1\xc2\x0d=\x9a\xb5+\x1aY\xd3\x9e\xc1\xf75\xbf\
\x14\x13~*&|6Vedr\x0e\x95\x94\xacC\
\xbd;\xbbg\xfc>\xe7\x9e\x90E\xc1\xe7l\xc9\xd0[\
7\xa94\xdd\xeb<\xdd\xea\xfc\x80 \x93%\xd3\x98\x05\
 \xae\x86\xa4q\x88gS<g\xe6$\x08\x86*{\
\xef\xfd\xf4\xef\x0c\xcf9\x87\xe7y\x01\xb0\xf4<\xb5\xd0\
\xb0t\x99?\xf0\xc0\x10\xd9e\x1b\x08\x1a;@\xe5\x00\
pR&\x09O\x12\x16\x7f\xb4\xdf\xbd\xf1\x11Ii\x06\
\x98_\xd0\xd9\x05\xcd\x9d\x03{@\x06\xc8\x9d\xa7\x96\xbf\
\x1cT\x8b) \x02\xca@\xe9<`i!6\x0fT\
\x9cs\xe6\x0fq\x7f\xae?\x9bM\xe1\x81\x00\x00\x00\x00\
IEND\xaeB`\x82\
\x00\x00\x04\x8f\
\x89\
PNG\x0d\x0a\x1a\x0a\x00\x00\x00\x0dIHDR\x00\
\x00\x00\x16\x00\x00\x00\x16\x08\x06\x00\x00\x00\xc4\xb4l;\
\x00\x00\x04VIDATx^\x95UMH\x5cW\
\x14\xfe\xde\x9b\xfb\xde\xbc\xf1w\xc6\x19\x1d\xff \x9a1\
\x0cq4F\xadmGM\xd3\x18LL\x5c\x14\x82Z\
h\x17.\x13\xbah1]u'\xb8q\xd3\x95\x95l\
J\x09(\x12\x88\x83\x98j\x90Z\xa4B\x12\xaaMb\
\x92\xd6t%Fc\xa1\xe2\xa8\x13t\xfc\x19\xe7\xa7\xe7\
\x5c\xde[\x0c\xd5E>8\xbc7\xef^\xbe\xf3\x9ds\
\xbe{G\x01\xa0\xf4\xf6\xf6\xd6\x18\x86\xf1C8\x1cn\
\xda\xd9\xd9\xc1\xfbbss\x13\x0b\x0b\x0bsKKK\
\xdf\x01X\xa0\xd8cb\xd1\xdf\xdf\xff[0\x18l\xaa\
\xae\xaeF*\x95\xc2I\xe05EQ\xac=i\xefC\
CC\xe8\xe9\xe9a\xd2.\x8a\xb0`bVZUU\
\x85X,\x86d2y\x22)\x81\xd6S\xf4\x9e4\x89\
U\xa8\xaa\x02\x06\x8b\x22\xd4RxX1\x13\xdb\xb8\xfc\
x<\x8e\xa3\xa3\xa3\x13I\xf7\xf7\xf7111\x81\xbe\
\xbe>tu}\x8e\x8e\x8e\x0e\x94\x96\x96B\xd7u\x08\
a\xa3\xf5\x03\x98\xc8\xa10\x98X\xa6L$\x122\x8e\
\xc3\xf2\xf22\xa6\xa6\xa6\xb0\xbe\xbe\x8e\xbbw\x871;\
;\x83\x81\x81\x01\x5c\xba\xd4\x82\x0b\x17\x9a\x91\x99\x99!\
\x85\x99\xd0X\xacE\xcc-`\xe2c\xd5r%\xd1\xe8\
\x1eZZ\xda\xe0\xf7W\xa2\xb8\xf8\x14\x9e=\xfb\x03\xf7\
\xef\x8f\xc8\xb5\xc6\xc6F\x1c\x1eJ\xc5PU\xd5F\x5c\
\x8a\x80\x09\xca\xc8q\x1c1\x11\x15\xa3\xbd\xbd\x1d\xc3\xc3\
#\xb2\xe4\xfa\xfa\x06\xd4\xd6~\x80\xd5\xd5\x15\x8c\x8f\x8f\
\xc3\xeb\xf5\xd2|\x0e\xc1\xb0\x84\xaa0Aj9{Z\
\xd00\xcd\x84\x098\x9d\xb9\xb8z\xf5\x0a\x1e<\x08a\
~~\x8e\x95\xd1\xc0j$\xc5\xdc\xdc<\xb6\xb7# \
p\xcf\x85\xaa\x0aKqz\x8f\x99lqq\x11\x86\xe1\
@yy\x19,\x07\x16\x15\x15\xa1\xb9\xb9\x99\xac\xf5#\
}/\x87\xdb\xed\x96\xb1\xb2\xb2\x02\x97\xcbi\xb6B\xd8\
\x84H\xa6\x133!\x97\xbe\xb5\xb5E\x03\x9a%\xd5q\
\xb4\xb6\xb6\xa2\xa4\xa4\x046\x9b\x0d\x9a&\xe0\xf3\xf9\xd8\
f\xf4[!uv\xeam\xcc\x9cA\x14\x0c\x1b\xd3&\
\xe3\xb4\xc3\x04\x93r\xe9\x1c\xdc7\x9a\x01\xd9\xeaK\x8c\
\x8d\x8d\xe1\xd5\xab?\xf1\xee]\x84H\x0e\xb1\xb6\xb6\x0a\
!\x0422\x0cIL !\x1b\xd8\xdd5\x89\x09\xd4\
&%\xad\xc7\x96\x97\x07\x07\x07\xd1\xd9\xf9\x05\xa9;\x83\
\xb6\xb6\xcf099\x89\xd7\xaf\xff\xc6\x8b\x17/1=\
\xfd+n\xdd\xfa\x8aJw\xcb\xde\x9f?_\x87\xbd\xbd\
}\xb2\xe2\xbf&\xb1\xa6k\x9a!\xfe\xd7\x0a~vw\
w\xe3\xde\xbda\xdc\xbc\xf9\x0dM\xbf\x0ev\xbb\x9d|\
\xfb=\x18\xb7o\x7f+\x87\xb6\xb1\x11\x96\x84\xc1`#\
Uy\x80\x87\x0f\x7f\x06\x81\xf6\xea\xd9\xa4Y\xb7\x14[\
j\xe5\xf3\xe2\xc5O\xf1\xf6\xed\x0a\x1e?\x9e\x95\xdf\x02\
\x81*\xdc\xb9\xf3\x93<\x1c\xe7\xce\xd5\xd2\xa5\xb3%]\
`\x9d\xd8\xa6\xa6O\xc8\x82\x1f\x9a\xc4F\x9e\xd3\xe9\xca\
\xb1\x14[\x07D>\xb3\xb22QWW\x8f\xd1\xd1\x11\
\xe9\xd5\x86\x86\x8f\xe9[\x164M\x97\xea\x0f\x0e\x0ed\
\x18\x86\x8e\xb2\xb2S\xd4\xe3\x88\xf4:#77\xc7+\
\x84\xee\x12\xe9\x8a\xe3\x00R\x10B#\x95\x01\xa9vf\
f\x1aO\x9e<\xe2d\xd2v\xa7OW\x90\x9f\xaf\xf3\
\x00\xa9\xbf5\xf0x\xdc\xd4\x8a#\x1a\xf0K\x14\x16\x16\
\x22/\xcf\xed&\xe2\x5c\x95\x99\xf8>e\x12\xbe\xb5\xf8\
\xf6R\x14He\x95\x95\x01\xdc\xb8\xd1\x89\x8a\x0a\x1f\xbb\
\x84\xca\xdf\xa6D\xbf \x14\x1a\xe5\xfdT\xcd\x9a|\xea\
\xba\x86k\xd7\xaeSR\x1f\xfb\xda\xa0d\x0e\xc1\xc4|\
I\x87B\xa1\x8f\xd8\xa3\xbc\xd1\xba\x1e\xb9\x0a\xbe\x03\xbc\
\xde\x02\xd9\x8a\x82\x02/\x22\x91m<\x7f\xfe;\x1d\xed\
]Jx\x86\xee\x8c\xa7L*+8{6pH\x1e\
Oq\xc5\x0a\x00\x83\x22H\xc1c\xaf\xc5\xfb\x81\x92\x15\
\xe0\xf2\xe5+d\xc1\xafST\xcd\x9bHd\xeb\x11\xb5\
b\x86\x89Yu\x16\x85\xc7\x8c\x1c\xf3\xeaS\x09\xbc\xae\
\x98\xe7\x9f\xacOZ4\x8d~\xda3\xe9\xb8{\xb2\xb3\
s\xf2\xf3\xf3=\x8c\x8c\xe2\xe2\x22\xcd0\x8c\xedD\x22\
\xf9\x17Y\xee)\x93&(\xf6(\xc2\xfc4+\xb01\
\xa1\xf5o\x12\x8b\xc5\x15>\xff|T\xe9\xc8s\x02;\
-e\xd3\x1c\x9c\x86aw\x91B\x07\x11\xaa\x8a\xa2D\
\x1d\x0e\xc7?\xe4\x8c7\xbc\x11\x0a\xc1$\x13\x16\xa9\x8c\
\xe3\xa1\x98\xd5h.\x97K\xf7\xfb\xfd\x06YM\xa3\xa1\
\xa9\x14q\xaah\x87\xda\x13\xfd\x0f\x13\x80!\xb9Y\x84\
.%\x00\x00\x00\x00IEND\xaeB`\x82\
\x00\x00\x01\x98\
\x89\
PNG\x0d\x0a\x1a\x0a\x00\x00\x00\x0dIHDR\x00\
\x00\x00\x16\x00\x00\x00\x16\x08\x04\x00\x00\x00n\xbd\xa4\xb0\
\x00\x00\x00\x04gAMA\x00\x00\xd6\xd8\xd4OX2\
\x00\x00\x00\x19tEXtSoftware\
\x00Adobe ImageRead\
yq\xc9e<\x00\x00\x01*IDAT(\xcf\x95\
\x92\xb1n\xc20\x14EO\x92'\x10\x03\x1b\x03\x0bR\
\x99\x98\x99\x182\xf4+*\xf5\x1b\x98\xfa\x1b\xfd\x0av\
\xe6\xee,,H\x1d\x10R\x902u`A\x82\x05\x11\
\x82\xc0v\xdc!.\x85\x88\x84\xf6-\xb6\xae\x8e\x8f\xae\
l\x0b\xfe\xfbk6\xdc\x86\x09e\xb3c1[\x8e\x18\
\x93\x0aA6|\x09\xbbT\xcdt\xf0\x5cc\xc2F\x08\
\xb6\xe1\x13\xa6\x12n@\x9f\x16\x07!H\xd0\xd8J\xf8\
\x0c\xd0\xa4.x\x90=0\x1b\x00!\x10<0\x0f\xe0\
\x0c\xc0\xc7\x93\xfc\xa4~l\x06n\xe06\x00k\xa0\xcd\
\xda%\xeb\x22\xacQ@\x87\x95\x03VpI\x94\xdb_\
\xc1\xb9\xf9\xa7\x8c\x06:\xc0\x97K\x0a\xe6\xf3\xef\x15\xb9\
5\x06\xba\xc47\x92\xab\xce\x11=\x00\x22\xb4\x03\x22z\
DE\xb3r\xad\xe6\xe0\x1a\xce/\x89\xbao.\x9f\x02\
\xac\xfes\xcf\xe6\x8f\xb0\xdd\xa1+\xe1\x13I\xfe\xe6V\
\xb0\x8b\xd9t\xd0\xa8\xc0\x8f|B\x8c\xc6\x08f9z\
\xab\xd1\xaf\xec\x11\xf3\xc1\x9e\x93`\x183\xa1E\x13\xc1\
/\xf9t\x9a=[R\xc1\x90\xb2\xe1@\x9d\x00\xef.\
l1\x9cHI\xc5f\x9e\x22\xe1H\x80W\x0a[\x0c\
\x06\xf3\x0d\xc5[\x86\xab0\x5c\xf4\x11\x00\x00\x00\x00I\
END\xaeB`\x82\
\x00\x00\x00\xa4\
\x89\
PNG\x0d\x0a\x1a\x0a\x00\x00\x00\x0dIHDR\x00\
\x00\x00\x19\x00\x00\x00\x19\x02\x03\x00\x00\x00\xb9\x87m\xf0\
\x00\x00\x00\x09PLTE\xff\xff\xff\x00\x00\x00\xff\xff\
\xff~\xef\x8fO\x00\x00\x00\x01tRNS\x00@\xe6\
\xd8f\x00\x00\x00IIDAT\x08[c`@\x80\
\x06\x08\xc5\x94\x00\xa19# \xb4j\x18\x84\x9e\x1a\x0a\
Q\xa0\x95\x05U\xef\x00\x22\xb8V\xad\xcaZ\xb5\x02\xa8\
*\x14\x08\xc2\x104:@\x97\x87\xe9\x83\x99\x83\xa0a\
\xe6\xc3\xec\x83\xd9\x0fs\x0f\xcc}0\xf7\x82\x01\x00\xa7\
v\x15\xa9\x14\x8aw\x81\x00\x00\x00\x00IEND\xae\
B`\x82\
\x00\x00\x01\xb7\
\x89\
PNG\x0d\x0a\x1a\x0a\x00\x00\x00\x0dIHDR\x00\
\x00\x00\x16\x00\x00\x00\x16\x08\x04\x00\x00\x00n\xbd\xa4\xb0\
\x00\x00\x00\x04gAMA\x00\x00\xd6\xd8\xd4OX2\
\x00\x00\x00\x19tEXtSoftware\
\x00Adobe ImageRead\
yq\xc9e<\x00\x00\x01IIDAT(\xcf\xcd\
\xd3?N\x02A\x14\xc7\xf1\xef\xfc\x01\x0c\x88\x85\xc1\x98\
X\x1b{l\xb6\xe0\x22\x9e\x81\xc6\x13x\x08/ \xd6\
\xd6\xb64\xc6\x86\x98P\xd1\x90\x10\x1a-L\xd4\xc4\xb0\
\xc2faf\x9e\xc5n\x14X\xc1\xc4\xca\xdfT3\xf3\
\xc9\xe4\xcd\x9b\x8c\x12\x00\x94\xc2`1h\x96\x13\xf08\
\xbcd\x08\x9b/\x9b\x8b\xc5\x84\xf5\x0c\xe8\x1e\xf1A\x82\
\xfb\xc2Jc\xa8M\xb8,\xe0\x08\x8ey\xe6]%\x08\
\x1eo\x95\xbe>\x93\xf6[\xeb\x91\x9f\xd2\xbe\xdb\xa3\xc6\
\x9cQo\xdc\xe9\xdd@\xa9s\xff$\xb1\x9c\x0b\x85\x11\
IW\xc6\x12\x8b\x97\x079\xedsb1q\xeb\x90)\
\x03\xa2\xc2\xb9\x0b,\xe0q\x08i\x93\x86\xc5\xccp\x04\
\xaexaB\xba\x82+\xd40\x04\x1c)\x0e\xea\x16\x05\
\x0e(\xb3O\x95\xb0\x825;\x94\x01\x87\x07\xb0\x16\x05\
\x1e\x9fo\xacc\x8d\xc6\x13\xb2\xdei\x0b\xe0p\x80\xc2\
`\x0au\x07\x02\xe4\x8d\xb6\xd9E\xe6l\xcf\xe2\x1b\xbb\
|\xb29\xee\x8f\xf8?\x94!\xd3_\xf1\x9c\x98\x00\xc1\
\x22\xa3^?\x0a\xd9\x1bmH\xc2\x80d\x88\xb3\xf8q\
gXN\x9bn\x0b\x0e$\xc3\xe4\x96XQb\x97\x03\
\x1a\xd4\xb1k\x9fjY;b^\x15\x9a\x12U\xaaT\
0\xa8\x0dX\xf0\xa4\xcc\x94d\xdf\xca`P[\xb0\xe0\
\xf1\x9f\xe4\x0e\x9a\x91\xbd\x00\x0b\xaa\x00\x00\x00\x00IE\
ND\xaeB`\x82\
\x00\x00\x02\x06\
\x89\
PNG\x0d\x0a\x1a\x0a\x00\x00\x00\x0dIHDR\x00\
\x00\x00\x16\x00\x00\x00\x16\x08\x06\x00\x00\x00\xc4\xb4l;\
\x00\x00\x00\x04gAMA\x00\x00\xd6\xd8\xd4OX2\
\x00\x00\x00\x19tEXtSoftware\
\x00Adobe ImageRead\
yq\xc9e<\x00\x00\x01\x98IDAT8\x8d\xc5\
\x95\xbfj\xc2P\x18\xc5?m\x9aP\xb4\x85\x82R\xc5\
\xc5w\xc8\xa2\xb8\xbb\x15|\x08\x9d\xdd}\x80>\x82K\
_\xc2\xc5?\xb8\x89\x8bo\xe0 \x82\x8b\x8bT\x10!\
\xfeILn\xef\xb17!\xea\xd56\x09\xd2\x03G\xbc\
G\xf2\xcb\xf13|\xc6\x18ct\x0f\xc5\x84\x1f\xb8\x1f\
\xb9\xe3\xc2Q\xe4\xc0\x0a\xa0\xadV\xcbj\xb7\xdb4\x1e\
\x8f\xc9\xb6\xedP4\x5c\x97N\xa7\xa9\x5c.S\xbd^\
\xcf!{\xaa\xd5jl0\x180\xfea$w\xbb]\
V*\x950[\x1d\x8d\xe3hZ(\x14\xa8\xd9l\xd2\
|>\xf7Z\xe4r\xc7\x1b\x9fd\xd7rd\x95J\x85\
\xa6\xd3)\x8e\xafxy.\x16\x8b\xcc0\x0cV\xadV\
\x99_\x9dN\x87M&\x13v.Y\x8ek\x97\xcb%\
\xcbd2h\xfc\xee\xfdP\x87\xc3\xe1bn\xfb\xfd^\
:sY\x9eJ\xa5HQ\x14\xef\xec\x81-\xcb\xba\x00\
\xecv;\xe9\x0d\xaf\xe5~\xc6M\xf0v\xbb\x95\x02\xae\
\xe5R\xb0i\x9a\x91\xc1~\xc6\xaf\x8d\x83\xe4\xff?\x0a\
d\xb2\xa7\xe2V\xfe\xa7\xc6\xc8\x1c\xc7\x09\x94_\x80\xc3\
\xee\x08W\x9a\xa6\x9d\x80\x15?\x14K\x84\xef\x8d\xe3\xc3\
\xee\xaa\xdf\xef\x1f}.\x7f\x0eh>\x9f\xa7\xf5z\xed\
}\x13\x80\x19\x80\xc3\xe1\x90t]\xa7d2I\xaa\xaa\
\x06n\xbc\xd9l\xa8\xd7\xebQ6\x9b\xa5\xc5ba\x03\
l\x8fF\xa3\xc6j\xb5\xfa\x10\x0b$\x94\xd0\x14\xd0\xd9\
l\xf6\xc9\x8f\x06\x96<\xea\xbdp\xbfqc\x06\x09\xfa\
Y\xfca\x84\x99\x1a\xdc_\xee\xbf\x87*\x80\x09\xf1>\
\x16\x12\x8c\xcdf\xba\x8dI\xc0\xfd\x8e\x02\xb6\x85\xef\xa3\
o}\xec\x80\xf5\xb5H,\x7f\x00\x00\x00\x00IEN\
D\xaeB`\x82\
\x00\x00\x03\xd2\
\x89\
PNG\x0d\x0a\x1a\x0a\x00\x00\x00\x0dIHDR\x00\
\x00\x00\x16\x00\x00\x00\x16\x08\x03\x00\x00\x00\xf3j\x9c\x09\
\x00\x00\x01\xc8PLTE\xff\xff\xff\x00\x00\x00\x00\x00\
\x00\x00\x00\x00\x00\x00\x00\x00\x00\x00\x00\x00\x00\x00\x00\x00\
\x00\x00\x00\x00\x00\x00\x00\x00\x00\x00\x00\x00\x00\x00\x00\x00\
\x00\x00\x00\x00\x00\x00\x00\x00\x00\x00\x00\x00\x00\x00\x00\x00\
\x00\x00\x00\x00\x00\x00\x00\x00\x00\x00\x90\xa0p\x00\x00\x00\
\x00\x00\x00l}EWf9\x00\x00\x00\x00\x00\x00\x00\
\x00\x00&*\x1e\x04\x04\x04{\x8fRz\x89\x5c\x00\x00\
\x00\x00\x00\x00\x02\x02\x02\x00\x00\x0017&/3\x22\
\x00\x00\x00:E#\x7f\x90\x5c\x7f\x8e^w\x89OX\
i6DO-29%}\x8b\x5ch}:,3\
\x1e+1\x1dat4^r3/4!l~E\
q\x80N08\x1e*0\x1cl\x856\x1e&\x0f\x22\
+\x0fDW\x1d`p;u\x89Lu\x89N\xa8\xd4\
D6C\x16+6\x10\xaa\xd5G\xff\xff\xffCT\x1c\
CV\x1cGZ\x1dz\x9b2~\x9d:\x8d\xb29\x95\
\xad`\x96\xbf>\x9f\xc8A\xa1\xc2W\xa7\xd4D1>\
\x13\x1d%\x0d\xaa\xd5K\xac\xd7O\xb1\xd9Z\xb2\xd5h\
\xb3\xd9`\xb6\xd7n\xb6\xdbg\xb7\xdch7E\x16\x94\
\xad^\x94\xba;_w&\x95\xbc<\x96\xbd<k\x87\
+\x97\xbcFl\x88,\xa0\xcaAn\x8b,\xa1\xcbA\
\xa1\xccB\xa1\xcdB\xa2\xb8t\xa3\xceB\xa4\xcfC\xa4\
\xd0C\xa4\xd0D\xa5\xbaxq\x8e-r\x91/\xa8\xd4\
E\xa9\xc6i\xa9\xd5F6D\x16{\x9a4Ma \
\xaf\xd8V\xb0\xc1\x8a\xb0\xd8W\xb0\xd9W\x85\xa5:\x89\
\xa8F\x8b\xb09[l7\x8f\xb5:\x90\xb6:\xba\xda\
u\xbb\xder\xbe\xcd\x9e\xbe\xdfw\xc0\xce\xa2\x90\xb6<\
\xaa\xd2O\x84\xa1C\x8d\xa7Sz\x9a3\x86\xa2Ez\
\x9a2\x8a\xa6P\x93\xba;\x93\xba<\xc5\xd3\xaa\xc8\xd5\
\xaf\xe7\xed\xdc\xed\xf1\xe4\xef\xf3\xe8\xf8\xfa\xf5\xaa\xd0T\
ZTT\xd3\x00\x00\x00BtRNS\x00\x01\x04\x06\
\x09\x0a\x0f\x11\x12\x14\x19\x1c\x1f \x22$*,89\
=@@BFQWinu|\x85\x86\x8f\x91\x97\
\xa3\xa6\xa6\xac\xbb\xbe\xd0\xd1\xd2\xd8\xdb\xdf\xe0\xe5\xe5\xe7\
\xe7\xea\xeb\xf4\xf4\xf7\xf8\xfd\xfe\xfe\xfe\xfe\xfe\xfe\x19$\
s\x05\x00\x00\x01wIDAT\x18Wm\xd0\xcdJ\
\xc3@\x14\x05\xe0I&\x8d\x16\xa3\xa94\x91\xda\xa0\xa4\
\xb5\x85\xe8B\xd0\x85\x88\x0a>\x82>\xaf\x0bw\x82\x0b\
\xe9\xae\xe0O\xad\xb8\xd04\xca41f\xa6M2w\
\xc6\xa4*\x8axV\xc3\xc7a\xb8\xf7b\xf4o\xf0\xaf\
\xb7\xcd\xfe\xf2b\xae\xaa\xb8\xceTe\x1e\xc3\x0f+N\
m\xb5\xdd:\xa5fu9\xf9a\xc56\x1do\x13\xbd\
V\x8f\x89\x96\xa5\xdf\xac\xd8M\xf7\xd0z\x90\xd2s\xb2\
\x1d_\xa6r\xc6\x8b\x8e\xe9\xee_\xfb\x10\xb6\xea9^\
QC\xc5Hd\xc1y\xadyt\xbd6\xa4\xce\x93c\
\xce\xc57\x18\x02Y\xb2\xba\xeaY\xfe\xb0=\xb5\x0f\xce\
\x1a\xac\xd7u\x87\x14D\xc9\xed\xcd\x07\xd0\x9a;\x977\
'\xe7\xba\xa1\xf5\xc5\x18\xa0`\xdcB2\x9c,\xd4\xb6\
n\xd5\xdd\x8b\x06#\x22\xe2\x05\xdb\xf5\xd3W\xd9\x1d\x8d\
3s\xeb\xaa\x8f\xa6zl\x85\x15\x8a\x11c\xb4\xea\x09\
\x1f\xbdiK\x82\xa0\xbd;c\x14$\xbc\xfc\xdb<\x16\
\xf7\x13\x84\xc8\x80\xa0\x0dZ!Q\x92\x95\xacT\xc9\xf6\
\xb3>[n\xc3\xebu\x1e\xdf\x92\xbc\xe4yS_\xd7\
Tp\x1b\xd3=\xda\xb3\x071\x97t6\x09\xcd|+\
\xe8jL\xbf\xabt\x06\xf1K\x98\xa6\xe5\xdc\x00\xa9\x0c\
\xb1\xdb'\xb1A\x1e\xdf_\x18\x9f@\xb9e\x91T\x81\
\xa1\x10\xd6(\x8ax\xc8\xa7 \xbf\xee-\x8d\x80\x8e\xa3\
0H\xa8\xcc\x19\x88oF\x89\x04\xe0\x95$\xcbi\xd1\
\xfd<\xec\xac.\x05\x00\xe5\x9c\x97\xd5\x22\x1f\x9f~\xd0\
\xc3\xac\xbbuj\x00\x00\x00\x00IEND\xaeB`\
\x82\
\x00\x00\x04\xb8\
\x89\
PNG\x0d\x0a\x1a\x0a\x00\x00\x00\x0dIHDR\x00\
\x00\x00\x16\x00\x00\x00\x16\x08\x06\x00\x00\x00\xc4\xb4l;\
\x00\x00\x00\x04sBIT\x08\x08\x08\x08|\x08d\x88\
\x00\x00\x00\x09pHYs\x00\x00\x03b\x00\x00\x03b\
\x01\xcb<\x15\x14\x00\x00\x00\x19tEXtSof\
tware\x00www.inksca\
pe.org\x9b\xee<\x1a\x00\x00\x045ID\
AT8\x8d\x95\x95\x0fL\x94e\x1c\xc7\xe1}\xee\x80\
;\xc6\x89\xc0\x06cQ\x04c\xc1Q\xe3\x06\x9d\x1c[\
\x11m\xcd\xb1Yr\x94\x1as\xb55JX\x88\xbdI\
wC\x14\xc6_\x8b\xd0W\xb40\xa6k*\xe6\xbaU\
g\xcd\x11\xff$\x07S\xd1N\x93ttp\x22\xc8_\
\x93?R\x8dVk\x19}{~/\xef1\x10.\xea\
\xd9~{\xb7\xbb\xe7\xfd\xbc\xcf\xf3\xfc\xbe\xdf\xef\xe3\x05\
\xc0k\xb5R\x867/Ay\xae\xfe\x8e\xa7?\xd2\xd2\
\xd2T&\x93i\xa3\xd1h\xacHJJjMLL\
\x9c2\x18\x0c\xd3\xf1\xf1\xf1\x1dqqq\xd5z\xbd\xde\
\x1c\x13\x13\xe3\xfb\xbf\xc0\xc9\xc9\xc9z\x0e\xed\xcex\xf9\
q\xe4\x16=\x84\xdd\x87\x83 \x9d\xf6C\xcd\xe7~(\
\xd8\xb7\x06\xaf\xe4\x87\x22u}$\xa2\xa3\xa3\xfb#\x22\
\x22\x8c\xb4\x8b\x7f\x05\xd3\x84\x94\x94\x14K\xea\xb3\xc6?\
v\xd5\x86\xe2\xf4\xb5\x04\x5c\x1d*\xc3\xad\xbb6\x8c\xcf\
tb\xec^'\x5c\xe36t\xf5\x96\xe1\xf8\xd9\x04d\
[\x03\x11\xab\x8f\xfc3<<\xbc\x9a\xbf\xab\xf2\x08&\
h\xe6\xd6'\xf0QK\x00.\x0d\x88\x18\x9c\xb2cp\
\xd2\x8e\x81\x09;\x87\xdb\xd1\x7f\xc7\x8e\x9b\xe3v\xb8\xc6\
\xec\xe8\x1b\xb5\xa3\xed\xaa\x88\xa2\xc3Z<\xf9T\x18B\
BB\xea9\x9c-\x03\xd3\xf6i\xa5u\xcd\x1a\xb4\xf4\
\xa4\xe3\xc6\xa8\x84\xeb\xc3\x12\xbe\x1f\x92p\xed\xb6\x84\x8b\
7$\x5c\xb8.\xe1\xcaM\x09\x8e>\x09\xdf\xf6J\xb8\
\xec\x94p\xb2-\x1d\x05\x92\x1a\x0fG\x86\xde\xd7\xe9t\
\x1b\xdc\xc7\xb2\xb8Q\xdd\xb4\xfd\x8f\xcf3\x9c\xfda3\
.\xb8D\x9c\xef\x15\xd1\xe9\x14\xd1\xd4%b\xf2\xde\x08\
n\x8f\xf6\xc0\xd6hE\xeb\x15\x11-\x0e\x11\xcd\x97E\
\xd8\xda7aw\xbd\x80\x97\xb6i\x11\x1c\x1c<\xc2\xc1\
A\x0b`\x0e}\x81\x1aE\xd0#\x1d\x0c\xb6.=\x9a\
\xba\xcdh\xfc\xce\x8c3\x0e3N4fb\xf6\xd7\x19\
\xd0\x18\x1es\xe2\x83\x86,|\xdan\xc6\xa9\xb6\x0c\x1c\
\xb0\xc5\xa1\xb0N\x80\xe5\xa0\x80\xd8\x845\xd0j\xb5\xe5\
\xb2,\x95c\xa8\xa0\xee\x13\xb4\xbe\x9d\xa1\xaeU\x85c\
\xe7\x22\xf1I\x87\x01\x0d\xe7\x0c\xbcQ\x06\x1c<n\xc6\
/\xb3\xd32\xbc\x7f\xb0\x1b{\xf6\xa5\xe0\xfd\x93\x8f`\
W\x1d\x93\xa1\x05\x92\x80g\x9e\xd7\x12\xb8\x99\x1a)+\
\x9ftJ\x92\x9a\x872\x94\x9f`\xb0\xf2\xc9\x96Z5\
\xac\xb5\xfe\xb0\x1e\xd0\xe1\x9d\xfd\x81\xb0T\xae\xc3O?\
O\xc8\xf0\x1e\xe7E\xbc\xf8z\x00\x9f3\x0f\x15k\x04\
df\xfb\xc0\xdf\xdf\xbf\x8f#\x03e\x89\x91\xf8I\xa7\
\x04\xdd\xc9'}\xd5r\x08\x93\xd3\xc3\x98\x98Z^\xd3\
3w07\xf7\x97\x0c\xff\xed\xf7Y\xac\xdf\xe2-C\
w\xbc+\xe0\xb5B\x06\x8dF3\xcb\x99\x8f\xc9`r\
\x14\x89\xffP\x13Cn\xa9\x00\xd7\x80\x03\xffe\xcc\xfd\
=\x874\xb3\xb7\x0c\xcd\xab\x14\xf0\xaa\x85\xc1\xd7\xd7\x97\
\xc0&\x19L6%G\xd5\x9ea\xa8\xfe\x8c\xe1\xcd2\
-v\xee\x8d\xc2\xdb\x95Q\x10\xcb\xa3\xb0\xa34\x0ay\
%\x8f\xe2\xad\xe2u\x18\x19s\xc9\xd0\xbb\x93\xc3\xd8\x9a\
\x13\x87\x9c\x92yhn\x99\x80\xf4,\x06\xb5Z\xedr\
\xaf\xd8\x8b\xbcO6\xdd\xff%C\xcd\x17\x0c\xef\xd9\x18\
\xaaN1T40\x94\x1ec(>*`{I$\
\xc6~\xbc%C\x07\x87z\x90\x95\x1b.\x03\xdd\xd0m\
\xc5\x02\x92RU`\x8c}#\x9f1\xa9\x82\x07J\x06\
y\xdf\x134\x7f\xafj\x01\xeat9\xb0%'\x18\xdb\
\xab\x96B\xb3\x8b\x04\x84E0\x08\x82pDV\x05\x81\
\xf9Q\xf8P\xa0\x90\xf7\x1f\x84\x92\xf8\xf3\xab\xfc\xd0\xd3\
{\x09]\x8e\xaf\xb1)'\x80\x7fh9\xf4\xe9\x0d2\
t\x9cC7.\xe8\x98\x8aR\x8a\x02\xa5\xf0C\x9f%\
P\xb7\xf8\xdf\xd8C\xcd\xe1\xdd_\x01\xba9O\x80\x9f\
F\xb8\xcf\x81U\xbctK\xb2\x82\x9aH)E\x81B\
\xde_\x0cu\xeb\xd4\xdd\xfd\x07\xa1a\x11\x02\x01\x9ax\
\xc5.\xc9\x8aEp\x15\xa5\x14\x05\x0ay\x7f5(m\
_Y)A\x9f[1\xdd\x16\xc1\x19\xa5\x14\x05\x0ay\
\x9flJ\x8e\x22\xf1\x93NIR\xd4}\xa5Q\xe3\xca\
\xf6c\x17C=\xde \xca\xbd\x16D\x81B\xde'\x9b\
\x92\xa3H\xfc\xa4S\x92\x94\xd2}j\x94n\xd5\x1bd\
\xa5\xd5\xf3R\xf3Z\xab\x88\xde\xa4<\xd7*\xbf3O\
\xef\xfe\x03\xf7c\xffy\x87\xd7Qf\x00\x00\x00\x00I\
END\xaeB`\x82\
\x00\x00\x03U\
\x89\
PNG\x0d\x0a\x1a\x0a\x00\x00\x00\x0dIHDR\x00\
\x00\x00\x16\x00\x00\x00\x16\x08\x06\x00\x00\x00\xc4\xb4l;\
\x00\x00\x00\x04sBIT\x08\x08\x08\x08|\x08d\x88\
\x00\x00\x00\x19tEXtSoftware\
\x00www.inkscape.or\
g\x9b\xee<\x1a\x00\x00\x02\xe7IDAT8\xcb\xa5\
UMO\x13Q\x14=\xd3\x99v\x0am\xd2\xd2\xa9-\
\x1f*\xa05\x10L\xdc@bb\xd2\x15\x1b\x82v\xe3\
\x9f\xc0\x84\xb0\xe47\x98\xe2\x82\x1f\xe0\x92\x18\x13#\x82\
\x0b\x16Ft\xe3F\xa3&JB\x83\xe2B\xb1`K\
[\x12k\x81\xce\xe7\xf3\xbd\xf9b\xca\x14M\xc3L^\
\xee\xbd\xaf\xef\x9ew\xde\xb9\xf7M\x85t:\xbd7:\
:\x1a\xc19\x1fB\x0cR\xa9T_\x17\x0a\x85\xbb,\
\x162\x99L\x9f \x08\xa8\xd5j\xe7\xc5\xc6\xe0\xe0\xe0\
m\xc7\x178\x8e\xc3\xe6\xe6&J\xa5\xd2\xb9\x81\xa7\xa6\
\xa68\x17\xb8\xd3dFdmm\x0d\xa2(\x9aq(\
\x14\xc2\xec\xec,666Z\xd6\x09\x84\x10\x08\x02\x8f\
`\xf0\xff{\xa8\xaa\x06\xb6~}}\x1d\xf9|\x1eL\
\xc2\xd5\xd5U\x1f\xa8\x09<0\xd0\xaf\xe7r\xd3|\xa3\
\xd18\xbb0\xf4\x95e\x05KK\x8fP.\x95\xb1\xb8\
\xb8\x88\xc9\xc9I\x8c\x8d\x8dann\xaem\x8e I\
\xd2\xef\x99\x99{\x09\xc6\xc4_i\x02\xc30\xccQ\xad\
V\xb0\xb3\xb3\x83\x95g\xcf)s\x15\xf3\xf3\xf3\xc8f\
\xb3(\x16\x8b\xed\x81\xcfn\x9f\x13P\xe6\xc7\xe3=\xc8\
\xe5\xee\xe0\xc3\xfb\x8f\xa8\xd7\xeb\xd8\xdf/cy\xf9)\
\x92I\xc9\xcd\xe1\xf9\x00\xf9'\xf0iP]\xd7\xa1i\
\x1a\xc6\xc7'\x90_\xb8\xef\xfe\xe6\x0c\xdd\xb6/_\xbc\
*\xfb\x80\x0f\x0ej&\x13\xa6\x08mv\xd7\x9a\x89:\
\xb3\xba\xe9K\x89$\x8d5\xba\x91\xee\xdaH$\xe2\x90\
8\xf4\x01o}\xd9\xc2\x937\x15\x84\xbb\xc4\x93\x92\x99\
\xe8\xd6\x09\x9c\x93\x10\xdb\xc2\xde\xbc;\xd0\xc0\xcd\xeb\xfd\
HDEx\xeb\xd4\x22\xc5!\x17C\xf2r\xa6\xa3\xbe\
>.~\xc6QSAT\xe4L2-\xc0l\xa7`\
0\x84^\xfe;\xb8\xbd\xaa\xb5\x80x\x9a\x8d\x9ch\x0f\
'\xdd\xf6\xc3z\x130RP\x14\x05\xde\xc6\x12X`\
\x18\x04II\xc2\xf4\xada\xb7`^\xeb\x16I\xd7}\
\xbe\xa6\xf3\x88\x849\x13\xd8\xd7n\x0c\xa0\xb8\xbb\x8b\x85\
\x95\x12R\xa9\x9e6,\x89]Lv\xdc\x00\xb5l\xf0\
\xe6|\x94\xd6k\xe2\x0a\x87X7\x07\xe2\x97\xc20\x17\
\xa5\xd3\x12\x86F\xaeu\xa4\xf1\xd1\xcfOP\xb5\x06e\
\xec\x95\xcf\x04\xb6\x8e\x1b\x8b\xc5q5Z@\xe0W\xb5\
\x0dS\xe7\x04\xc4\xf6\x89\xc9\x8eY\x91\xb6!G\x82\xf4\
\xca\xab\xad\xc5c\x09\xac\xf9\x15Y\xc6\xc8\xa5x[m\
\x0dGsC\xb7{\xda{1(0\xb52\xbd\xe6\xa4\
\x1d\xe3\xfa\x9f:\x1e\xbfS\xd1{\xb1\xaf\xa5\x03N\xdf\
\xc8\xd3q\xb0\xf1\x03\xfd]\x07\x08s\xb2\x9f1\xab0\
[\x14\x8b\x08H\xc4\xba;\xd2X\xd1\x04h\x94\xadL\
\xe4V\xc6\xecK\xc5\x80S\x17\xd2\xb8\xd1\xf7\x0d\xa4\xb9\
e\xb6\x9fu\xad\x1d\x09\xa8%\x8e\x04\xcc\xd7\xad9\x1a\
\x0bt\xc0\x90\xd1T\x9b\x9e^\xa2\xc0\xdb\xdb_\xdf\xe6\
\xf3\x0f\xb2\xf4\x9f\xc1p\x0bc\x17\xce\xda\xc0;<\xdf\
\x10g\xce\xb0\xe6\x8e\x8f\x8f044\xfc\xd0\x01\xfe\x0b\
)kP~\xb4/\xc7\xd4\x00\x00\x00\x00IEND\
\xaeB`\x82\
\x00\x00\x03\xc8\
\x89\
PNG\x0d\x0a\x1a\x0a\x00\x00\x00\x0dIHDR\x00\
\x00\x00\x16\x00\x00\x00\x16\x08\x06\x00\x00\x00\xc4\xb4l;\
\x00\x00\x00\x04sBIT\x08\x08\x08\x08|\x08d\x88\
\x00\x00\x00\x19tEXtSoftware\
\x00www.inkscape.or\
g\x9b\xee<\x1a\x00\x00\x03ZIDAT8\xcb\xa5\
\x95[k\x13A\x14\xc7\xff;\xbb\xc9\xe6\xd24I\xdb\
(\xad\x89\x15\xad\xd5V\xab\xa0\x88\xd7\xaa\xa8\xad\x82\xaf\
}\xf1\x8aw*\x88\xfa\x01\xbc=\xf8`\x05\xbf\x81\x97\
7\xf1\xc1 \x82\xa0\x14EE\x05-\x05\xab/Jm\
\xd1z\xc1VS\x13ls\xdf\xcd:g\xda\xddn\x93\
(\xa2\x07\x0e\x93\xcc\x9c\xfd\x9d\xff\x9c9;+\xd5\xce\
[\x9aR\x15\xe6n\x98\xdf\x08H\xf8/+\x14\x0aH\
\x8e\xa7\x1e>\x7ftg\x93\x12\x9c9\xd7\xe5\xf30\xac\
\xef8\x89\xb7C?\xf0\xbf\x96\x7fw{\x0d\x8d\x0a\x93\
\x19t\xdd@b<\x8b\xfe\xcf\xf1\x92\xc0\xe69U<\
a\x1c\x05\xc3\xb0\xe6*=N\xf8+T|\xfa6V\
\x12_o\x80\xd1\xc8\x98$A\xd3t\x11\x5c\xceNt\
,\xc3\xe2\xb95\xd3\xe6\xd6\xb6\xd4\xe1\xe0\xf6\xc5e\xe3\
yz\x01V8\x17y\xad\x80Joyp\xe7\xa5\xfb\
\xb0\x89\x15v\xf7\xc5\x07\xdc\xeb\xf9P\x1elL\x9c\x94\
R\xe5\xca\xe6tUV\x977\xd6\xe0\xe7x\xe4\xafk\
i\x14g\x9b\xb4\xc1gL\x13`\x9f*i\x81\x80O\
]X\xe7BK\xfd\xa2\xbf\x02\xfcn\x8e\xba\xe2\xfc+\
\x87\xde\xdb\xdb\xeb`\x8a\xa2\x18\xaa\xeaB<\x1e\xffg\
\xa54g\xba\xdf_\xc9\xba\xbb\xbb\xeb\x09\x0c\x87C)\
\x0b.\x86\xfc\x09Jji\x0c\x04\x02R*\x95\x9a#\
\x143\xc6J\xc0\x14\x94z\xff\x1e\x0f\x164\xe1]\xd7\
Ek>7:\x8a7\xa7N\xe3\xc9\xaa\xd5\xe8;t\
\x18\xb1G\x8f-(\x8d\x81@P\xcef\xb3\x11\xa1\xb8\
\x18,\xa0CC\xe8;|\x04\xb9X\x0c\x99\xe1\x11K\
\xed\xc7+W\xf1\xf1\xf2\x15\x84\xda\xdb\x91\xf9\xf2\x05/\
w\xef\xe1\xeb\xc3\x02J\x1e\x0c\xfa\xe5\x5c.\x17)Q\
,\xb6\xc6\x03\x9e\xacY\x07I\x96!{<\xc8\xdb\x92\
\x16\xb2YD\xf6\xefC\xe3\xb9\xb3X\xd8\xd5%\xfe\x7f\
\xbd\x19\x15PM\xd3\xe0\xf3\xf9\xf8\x0b\xa7\xcfV\x08,\
\xf1f&\xb0\xa9J\xe2\x89\x9a\xbb. \xbcs\x07\x1e\
\xafX\x09-1\x05n<}\xca\xdaz\xbc\xa7G\xcc\
\xa9\xe10\xc1\x84{HH>_\xc7\x15\xcb0\xc14\
\x9a\x16\xd9\xbd\x8bg\x90\xe0\x0c\x06\x90\x8b'J\x0ek\
\xf4\xe9S\xf4\x9f9\x8b\x8a\xe6&\x04\xdb\xb6\x08\xb5\x04\
v\xb9\x5c\xc8d23\xd8D\xb8$\x16\xec`S\xbd\
#Xe\x95\xc2<\xa0\xe4\xe0 ^\x1f8\x04g(\
\x84\xe6kWQ\xe0k\x04\xe5\xb5\x15\x0c\xfe\xdb\xcb\xac\
7\x9c\xf0\x12+i+\x07W\x9cO$,h~l\
\x0c}{\xf7A\xe2\x87\xbe\xe4\xc6u\xc855B\x14\
\xdf\xbe\xf0I\xb8\xac\xd8A\x94\xad\xb8WI\xb1\x9eL\
B\xe7\x0f\x80\x1f\xe6\xd7h\x14\xa9\x81\x01Q\xa6\xde\xcd\
m\x22^\x9d5\x0b\x0d\xb7\xa2\x02\xca[\x8d\x96\x94I\
0,p\xb1\x85\xda\xdb\xc0\xdc.h\xfc\x01\xd9\xed\x86\
\xc2\x13\x85\x8fvZ\xed%\x0e\xd2\xe9\xb4\xa0\xbc\xbeD\
\x9a\x00\x9bV\x0e\x5c\xbdq\x03\x82\xeb[\xadRTo\
\xdb\x0a\xff\x96\xcd\xa2\xa6\xe6\xd6\xc9\x09H\x9e\xce\xa4'\
\xeey{\x8d\xa9\x9f\x8b?5\xf6W\x96\xdcl+\xb3\
\xaev\xa5\x04M\xf2\xb2\xf1x\x85\x0d\x0c\x0c\x8e|\xff\
\x1e\x83\x93o\x87\x02\x8a\xa1\xf6\xd1l)\xb3\x03\xecj\
M(9_Wh\xef\x15\xad\xad\xeb\x8e\xb9\xdd\x9e\xe3\
^\xafwfmm\xad4u\x80\x86\xed\x927o\xb0\
\xe9\xb7\x99a\xd0Nxb\x1a\xf5\x82\xc1\xa1\x99t:\
=\xfc\x0b6\x14K{\xaa\x10\x83\x9c\x00\x00\x00\x00I\
END\xaeB`\x82\
\x00\x00\x03'\
\x89\
PNG\x0d\x0a\x1a\x0a\x00\x00\x00\x0dIHDR\x00\
\x00\x00\x16\x00\x00\x00\x16\x08\x06\x00\x00\x00\xc4\xb4l;\
\x00\x00\x00\x04sBIT\x08\x08\x08\x08|\x08d\x88\
\x00\x00\x00\x09pHYs\x00\x00\x0d\xd7\x00\x00\x0d\xd7\
\x01B(\x9bx\x00\x00\x00\x19tEXtSof\
tware\x00www.inksca\
pe.org\x9b\xee<\x1a\x00\x00\x02\xa4ID\
AT8\x8d\xb5\x95;H+A\x14\x86\xbfM\x82H\
vc!\xb6V\xc1&\xad\x90\x8b\x12\xb1\x14K_`\
g!\xd8X(\xd8k-\x92\xc2\xda\x07\x8a\x8d\x82\x85\
\x88\xda-6\xb1H\x88ZX(6Z\x04\xb12\x18\
\xb3\x09&;3\xb7\xda\xbd;\xeeFo\xe3\xc22g\
\xce\x1c\xfe9\xe7?\x8f1\x94R\xfc\xc6\x97\x00X_\
_\xcfI)\xf3B\x88\xac\x94\x12)%B\x08<\xf9\
\xa7}@.)\xa5V\xf6\xf7\xf7\x0b\x09\x00)e~\
ll,\x9b\xc9dB7\x7f\x17\xd1\xd7\xb3b\xb1\x98\
\xdd\xde\xde\xce\x03\x7fb\x00B\x88l&\x93\xa1\xbb\xbb\
\xdb\xff\xbb\xba\xba\x88\xc7\xe3\xc4b1\x0c\xc3@J\x89\
\xeb\xba|~~\xd2l6\xa9\xd7\xeb|||P\xab\
\xd5\xa8V\xabT\xabU\x06\x07\x07\x91Rf}*\xa4\
\x94\xda\xcd\x9dB\xfd\xba\x06e\xa5\x94/\x03\xc4\xbe\x02\
{\xc6\xcdf\x93\xf9\xf9\xf9H\xd0\xa9\xa9)FFF\
\xd8\xd9\xd9axx\x98\xd9\xd9Y?\x22!\xc4\xbf\xe4\
y\x9b \x80m\xdb\x94\xcbe\xde\xde\xdeH\xa5R\xda\
\xd9\xd1\xd1\x11B\x08\xd2\xe94\x0f\x0f\x0f\xbe\xf7\xae\xeb\
F{\x1c\x0c\xf1\xec\xec\x0c\xcb\xb28<<\xec\x18\xbe\
i\x9a\x1ahG`\xcf\xa8\xd5jQ\xab\xd5\x18\x1d\x1d\
\xe5\xe4\xe4\xa4#\xdf\x96ei\xba \x15\x1a\xb0\x97\x80\
B\xa1@.\x97czz\x9a\x97\x97\x17\x9e\x9f\x9f#\
\x93g\x9a\xa6\xa6\x0by\xec\xdd\xe2\x19\x9d\x9f\x9f3>\
>N:\x9d\xc64M\x0e\x0e\x0e\x22+\xc2\xa3\x22\xe8\
qG*\x5c\xd7\xe5\xe9\xe9\x89J\xa5\xc2\xdd\xdd\x1d\x03\
\x03\x03\x5c\x5c\x5cD\xf2\xec8\x8e\xa6\x8b\x04\xf6h\xb8\
\xbe\xbe\xc6\xb2,l\xdb\xc6\xb6m\xfa\xfb\xfby\x7f\x7f\
\xe7\xe6\xe6&\xc4\xb3\xe38\x9a.TnA\x8f\x8f\x8f\
\x8fY[[\xa3\xb7\xb7\xd7\x078==eoo\x8f\
\x8d\x8d\x0d\x8d\x92z\xbd\xee\xcb^{Gr\xdch4\
x||\xd4@\x85\x10\x0c\x0d\x0dqyyI\xa3\xd1\
\x08y\xfcm\xf2\xbc\xcd\xc2\xc2\x02\xf7\xf7\xf7\x5c]]\
\xf9\xc6\xaf\xaf\xafT*\x15\x1c\xc7auu\x15!\x04\
\x8b\x8b\x8b\xcc\xcc\xcc\xb0\xb4\xb4\xc4\xe4\xe4$\xcb\xcb\xcb\
!\x8e5*vwwi\xb7\xdb\x9aW}}}l\
mmi\xba\xcd\xcdM_\x9e\x98\x98\x08\x95b\xa8\xa5\
\xbf\x1b2?\x0d%\xa5T\xe7\xaa\xf0\x9a$8\x90\x94\
R\xfe\x1a\x94\xa3\xd6(\xe0R\xb1X$\x95J\xd1\xd3\
\xd3\x83eY$\x93I\x92\xc9\xa46\x9f\x13\x89\x04\xf1\
x\x1c\xc30\xb4\xa1\xd5n\xb7i\xb5Z\xdc\xde\xde\x22\
\x84(\x01\x18J)\xe6\xe6\xe6r\xae\xeb\xe6\xa5\x94\xd9\
o\x9e\x9d\xffy\xa2J\xc0J\xb9\x5c.\x18\xbf\xf5\x98\
\xfe\x05G\xbe\xa6\xd9]'\x05\xf3\x00\x00\x00\x00IE\
ND\xaeB`\x82\
\x00\x00\x03<\
\x89\
PNG\x0d\x0a\x1a\x0a\x00\x00\x00\x0dIHDR\x00\
\x00\x00\x16\x00\x00\x00\x16\x08\x06\x00\x00\x00\xc4\xb4l;\
\x00\x00\x00\x04gAMA\x00\x00\xd6\xd8\xd4OX2\
\x00\x00\x00\x19tEXtSoftware\
\x00Adobe ImageRead\
yq\xc9e<\x00\x00\x02\xceIDAT8\x8d\xad\
\x95KKUQ\x14\xc7\x7fk\x9f\x93\xaf^h)B\
_ j\x12\x05\x09\x168\xed\x0b4\x11\x22\x88\xe2\x12\
M\xa2Y\x83(G\x05A\x8e\x9a\x95\x1f \xc7\x11\x95\
\xa1i\x22J\x0f\xbc\xe65\x8d\xde\x10t\xd5\xea\xdc\xae\
\xaf{\x1e\xbb\xc1\xd9\xfb<\xd0\xd4A\x0b\x16\x9b\xbb\xce\
\xb9\xbf\xf5_k\xaf{\x97h\xad\x11\x11\x17P\xc6\x85\
\xcdM\x03\x91\xf1Pk\xad7zIz{{O\xaf\
\xac\xac\x5c^\x5c\x5c\xec\xacV\xab\x9b\x12=\xcf\xa3X\
,\x8e\x97J\xa5>\xe0\x01\xb0\x02\xf8&Y\x9c\xd5$\
rk\xb5\xda\xa5\x03\x07\x7fv\xb6\xd7}f-\xa8 \
\xcaH\x16P\x0aD\x88c\x0a\xb4\xae\xb1w\xec]G\
\xe9\x06\xf5\xc0\x08\xb0`\xe0\xa1\xe5\x8aH\x04Dn\xb9\
\x5c\xeej=\xfc\x99o\x0bC\xf8\xe1/$\x03T*\
\x85*\x05J\xa0a'\x00G\x0a\x85Bi\xb3j\xdc\
j\xb5\xcaZP\xc1\x0f\x7f\xa5\x0a3\xd0\xe44\xcam\
\xd1\x1f\xea\xaf\xe4\xdaTk\x86R\xe3h\x07\x9c\xab\x07\
\x86\x5c\xc8\x03z\xfa\xa3\xb8\x17\x19\xbf\xd5\xad\x12\xe5\xa2\
b\xd0\xfe\xf2u&f\xe1\xa3>\x09-\x9dq\xd0i\
\x008\x02\xb4\xb9\xd8\xef\x1bU\xaf\xfa\x5c\xc4\xce\x85\xc4\
\xcf\x9e\x0cE\x88c\xdaa\xc0=\xcd\xdf\x19U\xc3\x9c\
\xfb\xfa\x03\x9a;\xe2`\xe8\xdb\x02v\xa7\x8aM\xa9\xc7\
\xce\x07\xeb\x14\xdf>\xa3\x92w\xec0.\xcd\x0e\xd3\xe0\
\x00\xf3\x83\xa0\x93\xbb\xb3`\xd7\x85|?_\xdfw\x13\
\xa5\xf6\x1cx\x11\xa1\x04\x94\x03\xe2\x18q\x1a\xfc\x84\x17\
\xe6O\x90X\xb1\xa4e\x1e\xbd\x90Q\x0c\xa0\xe0\xceY\
\x95N\x88\xa4\xe0tx\x83\xfc\x09\xc4`\xc7\xa8\x11x\
s/Ul!\x83cQ\xae*\x0b\x0e-9\xb2\xe0\
0\x0fV\xa4=~:\x1c\xe5\xe66\x99\x18\xc7|6\
\xc9\x02\x1d{\x1e\x18\xa5`\xcf\xf3\x88\xa8\xe5~\x08\xc9\
ef&A\x04\xc2\x00\xfc5\x03\x8e2\x8a\xb5\xbf\xbe\
\x15SSS\xcf\x9b\xc7g\xba\xea\x9b\x00\x9d\xf6q\xdd\
)1t\xe6%\x9c\xd8\x17C\x13}Vq\x94i\xc5\
\xf4\xf4\xf4\xdd\xe9k\xb4\x02\x87\xd8\x86u\xb6\xc0\xa9v\
\xf0s\xad\x08 \xf2!\x5cJR\xb9Z\xeb~\x11\xf9\
\x04\xec)\x14\x0a\xcf\xba\xf9\x80W\x1c\xd82A\xa8!\
\xb4\x92\xab\xb3\x10\xacBe\x12`\x0e\x08\x5c\xf3\xe8\x0b\
\xb0\xcb\xf3<\x82\xc6Z\xaad\x13\xf3#X\xb2\x95\xbf\
\xbdj\xc3s\xc0#\xe0\x8f\x05\xff\x06\xd6\x8a\xc5\xe2\xc4\
\x08\xa5\xe3\x8d*{\xbf\x1b\xdbj\x00\x93\x15\x00\xde\x03\
7\x81*\xb0\x0cx@Y\xcc\x06\x11\xa0\x0e8\x0b\x5c\
$\xfe#\xd9\x8e\xcd\x01\x8f\x81\x87\xc0<P1\xf0e\
\xb1\x9b\xc5\xac\xa7]@\x9b\xf1\xdd\xc4s\xfe\xafU\xa5\
\x81\xc0(]0\xbelba\x16,\xc0\x0e\xa0\xc9x\
\x1d\xe0l\x01\x0e\x81\x9a\x01&kJk\xad%\xbb\x0b\
\x0d\xdc\xe1?,\xd6\xbf\x0e\x96A6~\xea\x8ah\x00\
\x00\x00\x00IEND\xaeB`\x82\
\x00\x00\x02\xae\
\x89\
PNG\x0d\x0a\x1a\x0a\x00\x00\x00\x0dIHDR\x00\
\x00\x00\x16\x00\x00\x00\x16\x08\x03\x00\x00\x00\xf3j\x9c\x09\
\x00\x00\x01DPLTE\xff\xff\xff\x00\x00\x00\x00\x00\
\x00\x00\x00\x00\x00\x00\x00\x00\x00\x00\x00\x00\x00\x00\x00\x00\
\x00\x00\x00\x00\x00\x00\x00\x00\x00\x00\x00\x00\x00\x00\x00\x00\
\x00\x00\x00\x00\x00\x93\xa4\xad\x00\x00\x00\xaf\xc7\xd4\x08\x0a\
\x0a\xc3\xd8\xe2\xab\xc2\xd0\xa2\xb6\xc1\xb7\xc7\xd0\x00\x00\x00\
\x00\x00\x00\x02\x04\x04p\x96\xaa\x06\x08\x0a\x00\x00\x00f\
u|f\x87\x98@o\x86Sv\x8cO{\x93+L\
Z\x02\x06\x0a9c{\x00\x00\x00>k\x84-Pd\
4ZnAT\x5c\x00\x00\x00\x00\x00\x00\x00\x00\x00\x00\
\x00\x00\x00\x00\x00JJJ444LLL--\
-AAA\x12 %\xc8\xdb\xe4\x0d\x10\x10???\
\xa3\xa3\xa3\xb5\xce\xda~~~\x83\xa4\xb7p\x92\xa4Y\
YY\xc6\xd8\xe2\x83\x83\x83333\x93\xac\xba\xcf\xde\
\xe6\x92\x92\x92`\x8c\xa4\xb3\xb3\xb3\xc3\xd4\xddrrr\
MMMM\x88\xa1}\xa3\xb8j\x7f\x8a\xd9\xe6\xee[\
\x87\x9eAex|||mmm\x0d\x12\x13\xa5\xa5\
\xa5EEEV{\x8fxxx>k\x83\x98\x98\x98\
`x\x87Cs\x8c\xaa\xaa\xaa666N}\x961\
IV:j\x84XXX\x96\xb7\xc83^taa\
aggg\x9f\x9f\x9f\x8a\x8a\x8auuuSSS\
UUU\x8d\xa1\xaa\xd7\xe4\xec\x91\xaf\xbf\xa6\xd0;\xc2\
\x00\x00\x00.tRNS\x00\x0d\x08\x0b\x04M\x19D\
\x01\x223W?(:\xdcn\xf6u\xfe\xfe\xf9\xf9\x5c\
9t\xf6\x9f7\x9d\xe0\xfc\xed\xfd\xd9~\xe2=\xf9\xf8\
\xf8\xba{\x0e>F\x9b\xd9,\xf6\x00\x00\x00\xebID\
ATx^\xc5\xd0\xb5n\xc4@\x18E\xe1\xf1\xd8\xb1\
\xd7^\x0a33\x9e\xe50333\xe3\xfb\xf7\xf9G\
\x1a)J\x91:\xb7\xfbNy\xd5?,\xe6i\xd7\xd5\
^\xec\xb7\x95\xf7\x9e\xcb\xe2;\x9e\xad\xd6J\xe7V\xc6\
\x81T2\x0eN\xa2\x1c\x8c#\xe5f.'\xd9^%\
\xce\xe7\x07-,\x16\x8f\xc4\x81r2\x87'T\x01\xa5\
Z`6\x8dq\x99\xe4\xe75\x18\xa5\xa2\x1a\x98\xa8\x01\
c\x93\xcf\xf6\x19`\xeb\x9eJ\x16\xbe\xa8gLl\xf2\
\xd2\x13MLM\x93b\xf3\x9c:\xe6\xc5&\xbf<B\
\xeb2\x0d4\x1e\xd3\xccF^l\xf2\xdc\x0c\xec\xec\x02\
\xd77\x1c\xd0\x96\x17\x9b\xbc\xf7F\xfb)\xd0\xd1\x0f\x5c\
t^\x89M~]\xe7\x96.\xba\x1f\xe8\xa1\xb7\x8f\x82\
Xr\xf6\xae\x00\x83\x89$\x04C\xc30\x22\x96\xec\x82\
\x84\xd0\xb5\x97X+\xedGA\x10\xf9\xdaVk\xe59\
~\x18\xfe<h\xfd\xc7\xdf\xdfE\xca3i\xb1\x85,\
\xad\x00\x00\x00\x00IEND\xaeB`\x82\
\x00\x00\x02\xd6\
\x89\
PNG\x0d\x0a\x1a\x0a\x00\x00\x00\x0dIHDR\x00\
\x00\x00\x16\x00\x00\x00\x16\x08\x06\x00\x00\x00\xc4\xb4l;\
\x00\x00\x00\x09pHYs\x00\x00\x0b\x13\x00\x00\x0b\x13\
\x01\x00\x9a\x9c\x18\x00\x00\x00\x07tIME\x07\xd5\x03\
\x0f\x0c\x1c\x16\x8a]\x5c\xd2\x00\x00\x00\x06bKGD\
\x00\xff\x00\xff\x00\xff\xa0\xbd\xa7\x93\x00\x00\x02cID\
AT8\xcb\xed\x95\xd1K\x93a\x14\xc6\x7fLf\xe9\
\xe6\x8d\xa4 \x08]\xc8\x1ax\xe7\x84]\x14\x04\x15\xa9\
[x\xd1w!\x9b\x0b\xcc\xa0\xdaL\xb0M\x89EH\
\x98T\x18\x83\x12\x93B\xc8\x18\x99\x98\x0d3%\xa9@\
H\x8aJ\x08+\x18\xa2\x06zeua\xfd\x0bO\x17\
\xbe\x83eh\x0b\xbd\xec\xe2\xe1\xbd\xf8\xce\xf9\xbd\xe7{\
8\xe7=Hb3\x01y\x80\x1d\xd8e\xce\xbc\xad\xe2\
\x7f\xcb\xfd\x0b\xb4\x10\xd8\x03$\x00\x01Ws\x85o\x05\
\xce\x07J\x80J\xaf\xd7\xabh4*\x03\xcf\xcf\x19\x0c\
\xd8\xcc\xaf\xee\x06\x1c\x80\x13(\x05*\x81\xbaH$\xa2\
\x81\x81\x81\x0c\xb8\x14(21\x0e\x93c\x07l\x1b\x0a\
\xc3f>\x16\x03a\xb7\xdb=\xeb\xf3\xf9dYVN\
\x0a\x85B\x8aD\x22oZ[[\x1b\xb3\xe1\x98\xdb\x8a\
\x017\xb0\xd2|\x11\xf5\x8f{54mi\xf8\x95\xa5\
G\xaf-=~gil\xd6\xd2\xd39K\x93\x9f-\
=K[z>o\xe9\xe5\xa2\xa5\x99\xe5&\x8d\xbf=\
\xa7p8\xbc\x00\xd8\xb3\xc1\x05@9p\x00\xd0\xd9+\
\xe8r\x12\xf5Oxtg\xca\xa35-iMK\xfa\
\xa1%\xfd\xccR\xea\x93GO\xd2\xd5z\xb1\xe8\xd3\xcc\
JH\x81@@@A6\xd8\x01T\x00u\x80B1\
t>\x81\xba\x87\xd1\xb5Q\xd4\xd8\x8bN\xf4\xa3\x93w\
\xd1\xa9{\xe8t\x12\x9d\x19B\xf7\xdf\xa3\xe4\x0741\
\xef\xd1\xf4\xf2\xba-\x80#\x1b\xec\x04\x5c\xc01@\x81\
\xb6\xf5\xaac\xb7P\xc7m\xb4\xaa\xb4\xbe*\xadoF\
\xdf\x8dn\x8c\xa1\xc4\x04z0\x87&\x17\xbd\xf2\xfb\xfd\
\x02\x9c\x9bU\xbcz\xe88\x0aFQS\x1c5_B\
\x87#\xe8H+:\xda\x86jb\xc8\xd7\x81\xfc\x17P\
\xacw\xfd\xe2\xeb\xa3\xeb\xd6\xb9\x5c\xae/\x1b+\xce\xf6\
8\x01,\x98\xb6\xfa\x17}\x04\xc2\x1b=\xce\xee\x8a\xfd\
@\xad\xb1\xa5\xc1\x04w\x07\x83Auvvf \x0d\
@\xbd\x89\xa959n\xc3\xb0o\xd6\xc7\xe5\xc6\x16\x17\
P\x05\xd4\x00\xe1\x96\x96\x16\xf5\xf5\xf5e\xc0U\xc0>\
\x13Sar\x8a\x0d\xc3\x96\xcb\xe4\x95\x19HC{{\
\xbb\x92\xc9d\x06\x5c\x96\xd3\xe4m\xf1V\x14\x99\xca\xea\
\xe3\xf1\xb8FFF2\xe0\xa2\xed>B\xff\xc1\x7f\x82\
\xbb\xba\xba\x94J\xa5v\x0c\x9c\x19u\xff\xe0\xe0\xa0\xa6\
\xa6\xa62`\xe7v\xc1\x85\xc0^\xe0`OO\xcfC\
\xb3An\x02\x85;\xb6\x9a\x80js\x96\xe4\xba\x9a~\
\x01\xfc\x5c\x85\x9a#\x0f\x1c\xa6\x00\x00\x00\x00IEN\
D\xaeB`\x82\
\x00\x00\x01\x95\
\x89\
PNG\x0d\x0a\x1a\x0a\x00\x00\x00\x0dIHDR\x00\
\x00\x00\x16\x00\x00\x00\x16\x08\x04\x00\x00\x00n\xbd\xa4\xb0\
\x00\x00\x00\x04gAMA\x00\x00\xd6\xd8\xd4OX2\
\x00\x00\x00\x19tEXtSoftware\
\x00Adobe ImageRead\
yq\xc9e<\x00\x00\x01'IDAT(\xcf\xe5\
\x92=K\xc3P\x18F\x0f)\xfd\x08M\x86\x0c\x9d:\
\x08\x85d\x10\xff\x80]\x1c\x0b\xd6\xee\x82\xab\x90\xa1\x7f\
\xa2?@A\x14\x07\xa1\x9b\x93\x93\x93\x8b\x93\x0e\xa2S\
A\xc8\x90!Nvi\x07ihA\x17y\x5cnK\
\x0aIu\x97\xc3s9\x17\x1e.\xbc\x97\x17\xf1w\xf8\
\x07eJT\xb0qp\x0bq\xb0\xa9P\x82\xd2\xe9\xf9\
`\xd6WX\xc8\xb1vS\x864\xb0\xa12\x98-\xf4\
\xbd\x91\x89\x98\xb3C\x03\xec\xbe\xbe\xf4\x99\x0b&OB\
\xec\xb1\x05N\xa8\xb9R3C\xba\xb2\xa5\xa7J\xf5 \
\xc4>>\xb8\xa1>\x84\xa6\x9aj*L\xd6\xfd^\x88\
\x03\x02pCM2\xff3\xce\xd8\xd8\x9cwB\xf4L\
\xf9](Q\xa2D\x98\xac\xfbm\xb6\xfc&\x14)R\
$\x14\xad^^\xde#\xddd\xcb\xb1F\xb9`r\xbd\
*;\x87z\xd5\xf3\x06\x1eu)D\x17\x1f\xea\xdb/\
\x17\x1a\xea\xaa\x903\x1d\x89\x98\x0e-\xa8\x112\xfae\
\x83bNh\xd3\x842\x1e\x01m:t\xe9\xe5\xd2\xa5\
C\x9b\x00\x0f,\xaax4i\xe1\x13\xe4\xe2\xd3\xa2\x89\
G\x15\x81E\x99\x1a\xf5\xc2%u\xa8S\xa3\x8c\xf5\x03\
8\x07\xed\x15\xc0\xe7\xab\xec\x00\x00\x00\x00IEND\
\xaeB`\x82\
\x00\x00\x03\xc6\
\x89\
PNG\x0d\x0a\x1a\x0a\x00\x00\x00\x0dIHDR\x00\
\x00\x00\x16\x00\x00\x00\x16\x08\x06\x00\x00\x00\xc4\xb4l;\
\x00\x00\x03\x8dIDATx^\xa5\x94Mh\x5cU\
\x14\xc7\x7f\xefc>Z\xe3\xc44uQ\x89m\xadB\
\x9c\x89\xe9BG\x82\x12,\x1d\x04\x17R\x1a\x84\xa2\xb4\
U\x11\xab\x16w\xddYA\xe8\xa2\x82\xe82\x0b#R\
\x0b\xae\x8a\xe9JB@\x1a:P\x90N\xdaE\x08)\
\xd4\xb4\xc6\xc4\xa9\x9d\xa4\x93\xe8L23\xef\xcd\xfb\xba\
\xd7\xe7\xa53\x9311H\xfb\x87;\xe7r\x06~\xf7\
\xf0?\xe7<\xad\xb7\xb7\xb7200\x10\xe1!$\xa5\
\x04\xa0P(LMLL\xbc\x04`\xa6\xd3\xe9\x8eL\
&\x83eY<\xac&'s/\xa0\x04&\xa0\xa0\x0f\
\x0c\xf6<\xa4a\xa0\xe9:\xa0\xd1\x02?\x80z\x12\x09\
\xdc\x0b\x17\xa8,,\x10\xcb\xe7q\x80\xd9C\x87 \xcc\
7\xa4\xab\x1f]\xff_\x07@_^\xa6z\xea\x14\xf3\
\xd9,\x97R)\x96O\x9c\xe0w\xe0\xd6\xda\x1a\xebe\
n\xdb\xbe\xcd\xeb\xdf\x9f\x8a\xb8\x9e\xfb\x1f\x8dA\xc9\xf7\
]\xe6\xc6/\xa1}=\xc2b\xbd\xce\x8d\xa1!\x8e\x1f\
;F>\x9f'q\xe6\x0c\xaf\xc6\xe3\xcc\xcc\xcc\xb4\xc0\
\x11\xd3\xac\xa4\x92};\xa4\x22\xb4K\x08A\x98W\xb1\
Z.\xb3p\xfe<\x9em3\xde\xd3\xc3\x9b\x07\x0e\xb0\
\xb2\xb2\xa2\xfe\x8b\x87\xd0\x7f\xcb\xdcb\x84\xd4i\xc0\xe7\
\xbf\xf8\x92X\xa9\xcc/\xa6I\xe6\xddw0M\x03\xdf\
\xf7Bh\x8c\xa64\xc4V\xe0\x06\xb0\x09\xb5\x0a\x05~\
\x1b\x1d\xc5\x06f_L\xf3\xd9\xe1\xd7\x09\x02\x81\x08\x02\
\x84\x08\xd4=\x08c.\x97[\xda\x00.\x16\x8b\x94\xca\
%\x05j\x1c\xe7\xd6m*W\xaeP\x9b\xbc\xc6\xf6j\
\x95\x8a\xa1s\xe4\x99\xa7Y)\xae \xa4\x0c\x81\x81:\
\x89G\x13\xaa\x00\xdf\x0f\xec\x0d\xe0_\xe7ncD\x0c\
@k6\xac|o\x91\xeb\xa3\x17y\xb6Z\xc3\x02\xa6\
\xcd\x08\xf5\x1f\xc7H\xf7\xf7\xd1\x9bJ\xa1\x19:Ve\
\x153\xcc\x1b\xba\xae\xe0\x9bZ\x111\xa2X\xb5:\x0d\
u\xa4\xf6\xf3\xfcs\xfd\x90\xcb1\x1d\x8drpd\x84\
\xee\xeen\x94\x04h\x80\xa6\x9bx\xbe\x8f\x8f\x04\xda\xc1\
\xea\xa5x,\xce\x1fw\xef\xb4{\xbd\xba\x8635\x85\
\x05\xdc\xe8K\x91\xd6|\x96\xff\xbc\xa7\x00HTt=\
\x8f\xa8i\x12\xa8~\xd0\x02K\x09BH\x12\x9d\x9d\xec\
t\xea\xea.\xa5j\x1a\x95\xef\xbe\xc7p\x1c\xa6cQ\
\x8e\x9e\xfcP=\xdeh\xaa\xf2W\x04h\x9a\x86\xe7{\
\x84\xfe\x02l\xacxqq\x91\x8e\xc4#\x88\xe0\xfe\x98\
\xd5j,]\xbbN\x19(d\x0er\xf8\xa9\xbd*\x0f\
2\x8c4\xef\xa5R\x09\xd7\xf3\xf1=\x0f\xb9\xd1\x0a\x01\
H\x84/\xb1-\x07\x80\xda7\xe7\x88X\x16W\xbb\xba\
x\xfb\xfd\x0fp\xeb>\x9bI\x08\x89\xef\xfb\xb8\xae\x0b\
\xeb\xad\x005\xb3t\x85\x80\xfc\x9d\xbczDT-\xec\
\xece\xeej\x1a\xbb\xde:B\xd5*#k\xad\xa5\xe1\
\x9f\xa8*\xa79\xc3\x8e\xe3\x00\xb2\xcdc\xf5\xa2m[\
\xc4\xa21$\x92zX-u\x87\xcb\xfb\xf6qr\xf0\
\xe5\xfb\x8b\xd2Zo\xa1\xfcU^+\x7fE B\xb0\
\x8b\xdc\xac\xe2\xb5\x9b\xb3t\xf6%\xb1\xe7\x16\xa8\xfd|\
\x95l4\xca{\x9f~B\xd7c\xddl\xb5\xf6\xe5\xd5\
\xbfX*.o^\xf1\xcd\xb3g)}{\x8e\xf97\
\x86x|l\x9c\xac\x10$O\x9f\x0e\xa1;p\xea.\
[HM\x83\xef\xb9\x0a\xdcVqh\x83\xdcy\xfc(\
?\xfdp\x11+\xdc\xaa\xf1'v\xf1\xda\xc7\x1f\xb1{\
\xf7\x93\xd8N\x15!\x02\xb5\xbeR\xc8\xc6\xbd1r\xcd\
\x5c\xadZ\xc3\xb6\xed\xb6\xcd\xd3\x06\x07\x07\xc7\x92\xc9\xe4\
+\x9a\xa6\x89\xf5\xdf\x09\x94E\xea\xde:\xcagT\x14\
\x8d\x9c\xf2\x1f\xd5\xa3={\xf6~><<\xfc\x15\xc0\
\xdfJus\xdc\xb2\xbdu\xcb\x00\x00\x00\x00IEN\
D\xaeB`\x82\
\x00\x00\x031\
\x89\
PNG\x0d\x0a\x1a\x0a\x00\x00\x00\x0dIHDR\x00\
\x00\x00\x16\x00\x00\x00\x16\x08\x06\x00\x00\x00\xc4\xb4l;\
\x00\x00\x00\x04gAMA\x00\x00\xd6\xd8\xd4OX2\
\x00\x00\x00\x19tEXtSoftware\
\x00Adobe ImageRead\
yq\xc9e<\x00\x00\x02\xc3IDATH\xc7\xcd\
\xd5\xddKSq\x1c\xc7\xf1\x19K\x06\xba4\xbdi\x12\
\xa2^ht\x93\xba\xf2\xa2\x89\xc39o\xd4\xcd!\x08\
\xd1\x1f\x90\xbb\x88\xcd=4c\x93\xe6\xc3\xa6m\xea6\
\x1f&\xdbE\xedy\x16t\xd3uPt\x19\x04]\x94\
\xe2\x8d\xf8\xa7|\xfa\xfc\x8e\xe7\x94[\xa6S\x08\x1a\xbc\
a\xb2\xdf\xef\xb5\xb3\xc3\xf7wT\x01P\xfd\x8bT\xff\
-\xcc\xd7\x03\x96aAv\x8b]\xfb\x05\xf3U\xc7\xd4\
L\xc3\x1a\x98\xb6\xc6\x8c\xac\xb8;0\x80\xe7\xcd\xcd\x02\
z\xc5\xda%K\x86\xd5\xc1`\x10N\xa7\x13333\
55==\x8d\xce\xceN\xa4L&\x1c\x8d\x8e\xe2;\
\xaf\xf1)\xa3\x15\x95.N\x865\x02}\xb3\xb7\x87L\
\xe65\xb2\xd9,r\xb9\x1c\xf2\xacP\xc8\xa3X,\xa2\
T*\xa2\x5c.Ik\xa2\xd1(\xc6\xc7\xc7%\xf4x\
b\x02?\x08\xbec\xb3'\xf0{vS\x81\x1b\xc4U\
\x08tee\x05/WW\x11\x89D\x08D\xb0\xbe\xb6\
\x86\x8d\x8du\xc4c1$\x12q<\x9f\x9b\xc3\xf0\xf0\
p\x05\xfa\x96=9A?\xb2\xc7\xacE\x81\xb5\x02\xce\
f3g\xa0\x1b\xb5\xa2_\x98\x83u\xb0\xc6\x0aX\xfc\
|\x81.-.\xc2f\xb3\xc1h4\xc2\xeb\xf1 \x11\
\x8fa\xee|\x94\xb7X\xf5\x82\xddc\xcd\xec\xfa\x1f\xb0\
@M\xdc<\xdf\xdb\x8b-\x9d\x0eCCC\xf0x\xdc\
\xe7\xa1\xa2$\x1be\xb7%TL\xd9i8\x9f\xcf\xc1\
69)\xa1\xc7V+\x0e\xdb\xdb\x11\xe7\xc6\xb6\xb66\
\xa4\x08W\xa3wzz\x14\x98\x7f\xaa\xeeK\xf7\x96\xe8\
\xe99\x96\xe0B\xa1\x80\xc1\xc1A\xec\x12:\xec\xe8\xc0\
Ak+\xf6\xb5Z|\xd6\xebqd6W\xa0\xfd\xfd\
\xfd\x98\x9a\x9aR\xe0G\xec.\xbbQq\xf2\x14X\x8c\
\x95\xdb\xed\x86\xc1\xf0\x10\xdb\xfcH\xa0\x07MM8h\
i\xc1\xb7*\xd4n\xb7\xc3\xe5\x9aU`\x1b\xeb\x11\xce\
\x99p\x89p\x8cS\xe0v\xb9\xa0\xe3\xfd\xfd\xc4+\xdf\
\xaf\xaf\xc7\x07.\xcbU\xa1b\x04\xfd~\xbf\x02[Y\
\xf7_\xe1r\xa9\xc4\x09\x88K\xe3e\xb5X\x10hl\
\xc4W.)+h_\x9ft\xea\x04\x9aN\xa7\xb1\xb0\
\x10T`\xcb\xb9\xf0^\xb9\x8c\xcd\xcd\x04\xb6\xb66\x11\
\x0e\x8712b\x82S>Qz\xdeg\xbb]AS\
\x9c\xa0,B\xa1\xe5\xda`q\x5c\x05\xba\xb3\xb3\x8dd\
2\xc9S\x18\x86\x95\xd3a0\x18\xe0p8\xa4_\x92\
N\x11\xe5\x91/\x16\x0b\xfc\xf2\xd0\xc5\xf0\xd8\xd8\x18\xe2\
<\x08^\xaf\x17>\x9fO:\x10\xe2\xa4\x89\xf7>\xdf\
3\xa9@\xc0\x0f\xf1\xb0\x0a-/!\x1c\x0aa>\x10\
\xb8\x10nP\xfd\x1e\xf6\xabdf]\xc2\xa9\x86\xc5s\
X\xc7\xf4\xf2\x22\xcb%2\xcb\xfb\xc4~M5\xac\x96\
\x1f\xdc:\xf9\x9b\xbb/Q\x97\xbcO\xecWW\xc3W\
\xfd\x0f\xa2\x95\xd7k\xe4\xfdu\x0a\xfc\x13\xde\x0c6N\
\x07M\xc5\xde\x00\x00\x00\x00IEND\xaeB`\x82\
\
\x00\x00\x02\xcc\
\x89\
PNG\x0d\x0a\x1a\x0a\x00\x00\x00\x0dIHDR\x00\
\x00\x00\x16\x00\x00\x00\x16\x08\x06\x00\x00\x00\xc4\xb4l;\
\x00\x00\x00\x04sBIT\x08\x08\x08\x08|\x08d\x88\
\x00\x00\x00\x09pHYs\x00\x00\x0d\xd7\x00\x00\x0d\xd7\
\x01B(\x9bx\x00\x00\x00\x19tEXtSof\
tware\x00www.inksca\
pe.org\x9b\xee<\x1a\x00\x00\x02IID\
AT8\x8d\xd5\x95\xcdN\xdb@\x14\x85\xbfqpP\
\x12$\x12\xbcIb\x09\x9b8\x8b\xa2v\xc7\xaaK*\
\xfa@\xed\x83\xf4\x99*\x16\xed\x0bt\x81\xa8\x1d\x1c\x08\
\xa4\x8dP\x1c*\xdb\xa9l\xe1\xe9\xc2e\x92\xc1\xa4\xea\
\xa2,:\x92%\x9f{|\x8f\xaf\xee\xdf\x08)%\xcf\
q\x8cgQ\x05\xc4\xcbw\x9f\xfe\x18r!%RJ\
\xd6?\x12\x80\x10\x02C\x88\x8d~[\x00_>\xbc\xfe\
'Q>\x9cW\xef?\x97\xc2\x00\xa7\xa7\x1f\xc9\xb2\x1c\
\x00\xd349<|\x81i\x9a\x00\xe4y\xce\xd9\xd9\xd9\
F^J\xc9\xf9\xf9W\xe28\xe6\xe4\xe4-\xb0\x96\xe3\
\x07'\xc30\xf0\xbc\x81r*\x8a\x82 \x086\xf2\x00\
\x97\x97W\xc4q\xacE\xad\x15OJ\x89\xeb:\xb4Z\
-e\x1b\x8f\xc7$I\xaa\xf0c~6\x9bq{{\
[I\x87&l\xdb6\x9dNG\xe1\x9b\x9b)\xf3y\
\xa4p\xaf\xd7\xd3\xf8\xbb\xbb\x1f\x5c]M\x14n\xb7\xdb\
U\xe1\xbd\xbd\x0e\xbd^W\x11Q\x141\x9dNY\xe7\
\xfb\xfd\x9e\xc2\xcb\xe5OF\xa3\x91\xc2\x8dF\x03\xd7u\
\xaa\xc2\x8e\xb32&IB\x18\x8e\x15n\xb5\x9a\x1a\x7f\
\x7f\x7f\x8f\xef\xfb\x14E\x01\x94\xc5\x1c\x0e=j\xb5Z\
U\xd80\xca\xd7,\xcb\x08\x82\x91r\xaa\xd7M<\xcf\
S\xbc\x94\x12\xdf\xf7\xc9\xb2\x0c(\xfb\xd9\xf3\x06\xd4\xeb\
u\xd6\x8f\x96\xe32\x92\x80<_u\xc0p8\xd4:\
 \x0c\xc7\xc4q\xa2\xb0\xe3\xeck\xc5|R8\x0c\xc7\
,\x97K\x85\x07\x83\x03\x1a\x8d\x86\xc2\xd3\xe97\xe6\xf3\
\xb9\xc2\xddn\x17\xcb\xb24\xbe\x22<\x99LX,\x16\
\x8a\xb0\xed>\xbb\xbb\xbb\x0a/\x16\x0b\xae\xaf\xaf\x15\xee\
t\xda\xd8v_\xe1(\x8a4^\x09\x7f\xff>SF\
\xcb\xb2\xe8vW\x1d\x92\xa6)\x17\x17!\xe2\xf7nh\
6\x9b\xb8\xae\xbb\x91\xaf\xa4\x02`gg\x07\xc7\xd9W\
8\xcfs\x82 \xd0\x8a9\x1c\xae\x8a\xf9\xc0?^\xbf\
\x9a\xf0\xf6\xf66\x9e7P\x7f.\xc7y\xa4\xc6Y\x08\
\xa1\x15\xb3(\x0a|_\x1f\xf7\x8ap\xadV\xc3\xf3<\
\xb6\xb6\xd4^\x22\x0cC\x92\xa4\xec\x00)%\x07\x07\xae\
V\xcc0\x0cI\xd3T\xf1\xeb\x03\xa2T\x8e\x8f\xdf<\
\xce\x0aGGV\xc5\xf6\xb7\xfc\xc6E_HY>\x85\
D\x22)S(\x01\x81\x10 \x10\x18F\xb9\xec\x9fZ\
\xf8\xe2\xbf\xbb\xf3~\x01\x06\xd4\x0b\xfb\x82P\x04\x09\x00\
\x00\x00\x00IEND\xaeB`\x82\
\x00\x00\x04l\
\x89\
PNG\x0d\x0a\x1a\x0a\x00\x00\x00\x0dIHDR\x00\
\x00\x00\x16\x00\x00\x00\x16\x08\x06\x00\x00\x00\xc4\xb4l;\
\x00\x00\x00\x04sBIT\x08\x08\x08\x08|\x08d\x88\
\x00\x00\x00\x09pHYs\x00\x00\x0d\xd7\x00\x00\x0d\xd7\
\x01B(\x9bx\x00\x00\x00\x19tEXtSof\
tware\x00www.inksca\
pe.org\x9b\xee<\x1a\x00\x00\x03\xe9ID\
AT8\x8d\xad\x94OlTE\x1c\xc7?3\xf3\xde\
nw[w\xa5%B\x9b\x1aZ(H\x5c\x0e@\x03\
\x18\x8d\x09j\x08\xad\x22\x91\x12\x13\x95\x8b\xca\x11\x15\xbd\
\xc0\xc1\x0b\x07I \xf1HBL\x0c\xa1\x07\xbd\xd1\xa4\
\x09\x07\x0d\x17<\x88\xd4P\xa0-\xff\xa5-\x05\xfa\xcf\
\xb0m\xdf.\xed\xdb\xb7\xf3\xe6\x8d\x87mK!\x1b\x96\
\x83\xdfd2\xf9\xcd\xfc\xe6\x9b\xcf\xfc\xf2\x9b\x11\xd6Z\
\x96\xea\xf8\xf1\xe3\xbf\xa5\xd3\xe9\x9d\x00\x9e\xe7\xfd~\xf8\
\xf0\xe16\xca\xa8R\x9e,sfg&\x93!\x93\xc9\
\x00\xec,g\xfa\x22y\x0e\x80\xf8\xa5n\x11\xfb\x18\x87\
\x16\x92\xb9p\xe1\xc2S{K\xf5\xbc<\xbb/+\x84\
\xb5\x16q\xba\xce~\xdf\xf2%R\x08nML0=\
7\x87\x92\x92\xfaT\x8a\xadM\xcd()\x91\xa2t9\
k-\xc6F\xf4\x0c\x0f1\x9e\xcb\x11Y\xcb\xb2d\x82\
\xf5+Vb\xac\xe5\xe8\xddS\xd8\xcf\xb3\xc2\x01@[\
\x86\xbdA\xee\xe7\x87H\xba1\x92i\x97\x84\x1b\xc3\xba\
3\xf4e\xc7\x899\x0aG*\x00\x8c\x8d(\x86\x06\x91\
\xd4\xd4\xba\x1a_k<]\xe4\xfc\xc3\x01\x1ak\x9aA\
\xdb'\xa5X0\x8e)\x85\x94\x12G*\x1c%q\x95\
\xc2u\x14q\xc7%\xa6\x1c\x10\x10\x1a\x03@d#\xc2\
\xc8\xe0\x18\x89\x92\xa5q\xcf\x1b|\xd6\x18n>\x82\xda\
\x84%]\xa5I\xc5\x0d5a\x81\xc0\x95T9\x82\x98\
\x02G\x0a\xa4\x98\xaf\xa1\x05\x13Y\x88@\x0a\x8b\x14\x16\
\x90\x04\x91\x0bz\xa1\xd0\xd6\xd2\xd9\xd9i\xff/\xcd{\
\xcdw\x85(\xa1tuu=\xa7\xbb\xc0X\xc1H\xa1\
\x96P\xa5\xc1M\x94\x16\xb5\x8fc<VUM\xf1\xf1\
\xde=\x8b^\x12@\xca'\xed\xdc\xd1\xd1Qv^\xbf\
e\x07}~\x0b\xb7\xf3)z\xeeNrg\xf0\x06w\
\x06o\xd0sw\x92\xdb\xf9\x14\xfd\xfeZn<\xc8/\
z=E\xbc\x94z\xe9\xfc\xaf\x1f\xe7\x8fs\xf7\xb8u\
\x7f\x8c}\x99\x02[\xb6\xafCI\x81\xe7\xcdP\xb7\xfc\
\x15.\xf6\xdd\xa4\xf3\xaaC^[\x9a\xa9~1\xe2\xf7\
?\xfc\x88\xcb\xde\x0a\xae\x0d\x8f\xf2\xcd\xb6\x88\xbd\x1f\xbc\
Gss\x13^>\xc7\xd5\xfe\x01\x1a\x1a\xea\xd9\xd3\xf6\
\x0eG\xda\xd3\x0c\x0c\x8dr\xddo\xa4\xfd\xe8_\xd5\xb2\
\x12\xf1\x0f\xa7\xce1\x9e\xd3t\xac\xcb\xf3\xd6\x9bo\x94\
\x1e\x88\x091\xa1!\xf0}\x8c1D\x91aC\xe6u\
\xf6ou\x18\xcf\x85\x04::P\x918H4b\x02\
\x8f\x8dkW\x02\x16\x13\x19\x8c\x89(\x14\x03f\xfd\xc2\
b\x1cE\x86m\x1bVa\x82\x1c\xc0\x8e\x8a\xc4W\x86\
\x1f\xb1<\x16 \x91d\xa7\x1eQ\x0c\x0a\xe8P\xa3\x03\
\x8d\x94\x8aP\x87\x04\xc5\x80\xa9\xe9,\xbe\xefS_\x13\
Q\x0c\xcd\xa6\x8a\xc4\x16\x05B\x10\x86\x1ac\x22Bc\
\x08C\x8d\x90\x96\xde+\xbd\x8cO\x8c\x11E\x06\x13F\
\xe8\xa2F\x08\xc5\xe3B\xa8+\x12\xa7d\x9e\xb1\xc7U\
$k\xaaI\xa5R(\xe5\xa0\x94\xc3\xe6M\x9b\xf9\xee\
\xe0\xd7\x9c<\xf9\x13\xb9\x5c\x9eT:M}C=#\
3\x92 4\x97*\x12\xbf\xbdq\x0d\xc3\x9e\xe0\xd2\xad\
\x89\xd2?\xa2\x14\x93\xde\x04\x03\xa3\xd7(&4\xed\x1d\
m$\x13\x09\x1c\xa5\xb8<8\xc5\xd0t\x841\xa6_\
\x00\xa2\xbb\xbb;\xda\xbd{w\xd9\x97\xe7\x87p\xec\xcf\
\x18\xe9\xea\x18?v\xd4\xf2\xda\xda\xd5(\xa9\x08\x8a\x01\
\x02A\xbc*\x0e\x16r\xb3\x05>=q\x9d\xe9\xdc,\
\xb9\xc7\xb3\xb5\x0e\xe0.\x10/P>\xab\xaaW\xef\xf3\
\xd5\xcfW8tf\x86\x83\xef\xdea{k\x0b\xfe\x5c\
\x01)\x0455/q\xf1\xe6\x18G\xce<\xe0\x9f\xb1\
\x1c\xfb[\xe1\xe8\x81Of\x05P{\xf6\xec\xd9lY\
\xc7%:?X\xe4\xd7^\x1f\xeb\xbeL\xa6!I\xa6\
!\x8e\x90\x92\xebcE\xae=\xcc#\xf4\x0c\x9f\xb5&\
\xd8\xbe&\xc6\xae]\xbb\xea\x04\x10\x03\xea\x81e@r\
>\x16\xe5\xcc\xc5\xb2\xd5Mj\xd3\x17\xdf\x8aXu\x13\
N\xbc\x1a\x10h\x7f\xce\x06\xf9Qs\xf5\xf4\x09;3\
\xf270\x09\x8c\xff\x07\xd4\x89>\xc8\xe0k\x91\xba\x00\
\x00\x00\x00IEND\xaeB`\x82\
\x00\x00\x02\xed\
\x89\
PNG\x0d\x0a\x1a\x0a\x00\x00\x00\x0dIHDR\x00\
\x00\x00\x16\x00\x00\x00\x16\x08\x06\x00\x00\x00\xc4\xb4l;\
\x00\x00\x00\x04sBIT\x08\x08\x08\x08|\x08d\x88\
\x00\x00\x00\x09pHYs\x00\x00\x0d\xd7\x00\x00\x0d\xd7\
\x01B(\x9bx\x00\x00\x00\x19tEXtSof\
tware\x00www.inksca\
pe.org\x9b\xee<\x1a\x00\x00\x02jID\
AT8\x8d\xb5\x95\xb1J3A\x14\x85\xbfI\x82h\
0\xfb\x08>@\x0a\x1b!6\x82\x95h%\xbe\x81\x8d\
\x82\x88\x01!*(\xa4\x10$(\x1a\xb0\xd7\xc6\x17\xb0\
J\xa3\xb6Zd\x11\xc5NA\xc1\x17X\xb2\xa8 \xba\
{\xef\xfc\xcd\x9fe\xe3\xee&6.,w\x86\x9d=\
\xf7\xdc3\xe7\xce\x18k-\x7f\xf1\x14\x00\x0e\x0e\x0e\xa6\
T\xb5)\x22\x15UEU\x11\x11\xba\xe3A\xf3\xd8\xd8\
\xb5\xd6\xd6\xce\xce\xce\xae\x0b\x00\xaa\xda\x9c\x9d\x9d\xad\x94\
\xcb\xe5D\xe6~\x15\xfd\xfc\xd6n\xb7+\xa7\xa7\xa7M\
`2\x07 \x22\x95r\xb9\xcc\xf0\xf0p\xf4\x0e\x0d\x0d\
\x91\xcf\xe7\xc9\xe5r\x18cPU\xc20\xe4\xeb\xeb\x8b\
\xcf\xcfO>>>x\x7f\x7f\xe7\xed\xed\x8dN\xa7C\
\xa7\xd3abb\x02U\xad\x00\xe4\xfe3\xee\xc9\xfc\xb3\
\xd40\x0c\x11\x91D\xf4}\x9f\xed\xedm|\xdf'\x08\
\x82\xe8\x9fH\xe38p\x96~?c\x10\x04lmm\
\xe1\xba.\x9e\xe7\xd1l6\xa3\x84\x11\xe3\xee\xe4\xb7\xa0\
\xaa\xca\xee\xee.\x97\x97\x97\xf8\xbe\xcf\xd5\xd5\x15\x8dF\
\x830\x0c\xd3\x19\xff\x16TD\xa8\xd7\xeb\xec\xec\xec\xf4\
8%\x0e\xdc\xa3\xb1\xaa\xf2\xfa\xfa\xca\xf1\xf1q\x02\xf4\
\xe4\xe4\x84\xfd\xfd}\x9e\x9f\x9f3+KH\xd1\x05\xb6\
\xd6\xd2j\xb5\xb8\xb9\xb9I0]XX`ii\x89\
\xa3\xa3\xa3\xcc\xca\x12\x8c\xbbYD\x84\xe5\xe5e\x1c\xc7\
I\xb0r\x1c\x87R\xa9\x84\xb56S\xaeL\x8d\xbb\x8b\
\xac\xb5\xa9\xac...\x98\x99\x99I\x05\xb5\xd6\xa6k\
\x1c\x07Kc\xf5\xf4\xf4\xc4\xe3\xe3#sss\x99\x1b\
\x9a\xa9\xb1\xaa\xd2h4\xb8\xbb\xbb\xa3^\xaf#\x22\x8c\
\x8d\x8d!\x22\xac\xad\xad\xe1y\x1e{{{\x03m\x19\
I\x11\xd7xss\x93Z\xad\x16-zyyAU\
i\xb5Z\x99L\xe3\x96\xcb\xd4\xb8\x9fw\xe3\xf1\xf0\xf0\
\x90\xf3\xf3\xf3\xa8c\xe7\xe7\xe7\xa9V\xab\xe9\xc0q\x9d\
\xfb\x81\xaa*\xd5j\x15\xcf\xf3xxx`||\x9c\
\x95\x95\x95\xec\x96\xfe-\xa8\x88`\x8cacc\x83\xe9\
\xe9i\xd6\xd7\xd71\xc6\xa4\xdb\xad{\xb6\xc6\xcf\xd8\xb8\
C\xac\xb5=cUedd\x84\xd5\xd5\xd5\xbe-\xed\
\xb6\xdbmJ\xa5\x12\x8e\xe30::J\xb1X\xa4X\
,\xf6\x9c\xcf\x85B\x81|>\x8f1\xa6\xc7\xf7A\x10\
\xf0\xfd\xfd\xcd\xfd\xfd=\x22\xe2\x02\x18k-\x8b\x8b\x8b\
Sa\x186U\xb52h\xd7\x07\x5cQ.P\xbb\xbd\
\xbd\xbd6\x7fu\x99\xfe\x03\xdb\xea\xb9db\x8f[\xc9\
\x00\x00\x00\x00IEND\xaeB`\x82\
\x00\x00\x02\xa8\
\x89\
PNG\x0d\x0a\x1a\x0a\x00\x00\x00\x0dIHDR\x00\
\x00\x00\x16\x00\x00\x00\x16\x08\x06\x00\x00\x00\xc4\xb4l;\
\x00\x00\x00\x04sBIT\x08\x08\x08\x08|\x08d\x88\
\x00\x00\x00\x09pHYs\x00\x00\x0d\xd7\x00\x00\x0d\xd7\
\x01B(\x9bx\x00\x00\x00\x19tEXtSof\
tware\x00www.inksca\
pe.org\x9b\xee<\x1a\x00\x00\x02%ID\
AT8\x8d\xb5U\xbd\xaa\xf2@\x14\x9cU\x11\x15\xb5\
\xb1\xf6\x05R\xd8(\xf9\x9a\x0b\x96v>\x82\x82X\x88\
\x10\x10\xae\x18\x15,l\x04\x91T\x1666\xbe\x80\x0f\
\xa0\xedm\x0c\x82\xf8 b\xf0\x07\xd1d\xcf\xde\xe6K\
\x88?\xd147\x10v7\xd9\x9d3g\xce\xec.\x13\
B\xe0/\x9e\x10\x00\x0c\x87\xc3/\x22\xd28\xe72\x11\
\x81\x88\xc09\x87\xdd\xff4v\xf5u!\xc4\xf7l6\
\xfb\x09\x01\x00\x11i\x85BA\x96$\xe9)\xf2\xbb\x8c\
\x1e\xff\xadV+y:\x9dj\x00\xfe\x05\x00\x80s.\
K\x92\x84H$\xe2\xbc\xe1p\x18\xc1`\x10\x81@\x00\
\x8c1\x10\x11,\xcb\xc2\xf5z\xc5\xe5r\xc1\xe9t\xc2\
\xf1x\xc4\xe1p\xc0~\xbf\xc7~\xbfG6\x9b\x05\x11\
\xc9\x00\x10\xf8\xcf\xf8.\xf2c\xaa\x96e\x81s\xfe\xd4\
\x1a\x86\x81N\xa7\x03\xc30`\x9a\xa6\xb3\xc6\xd1\xd8\x0d\
\xec\xa5\xdfck\x9a&Z\xad\x16t]\xc7n\xb7\x83\
\xa6iN@\x87\xb1=\xf0\x0bJD\xe8\xf7\xfbX,\
\x160\x0c\x03\xcb\xe5\x12\x83\xc1\x00\x96e\xbdf\xec^\
\xb8\xd9l\xa0\xaa*\xd2\xe94\xc6\xe3\xf1S\xc0^\xaf\
\x87n\xb7{\xe7\x147\xf0\x9d\xc6\xee\x85\xe7\xf3\x19\xed\
v\x1bB\x88\xb7Y\xb8\xfbOR\xd8\xc0n\x90\x5c.\
\x87T*\x05!\x84/P\xbb\xa8wR\xd8Q^i\
j\x03\x7f\x02\x15Bxk\xfcj\xb2;\x8bw\x92x\
\x02{\x01<2\xf6b\xef6\xc0\xcb\xe2\xd9\x93'\x93\
\x09TU\xc5z\xbdF\xa9T\xf2\xad\xf3[\x8d\x89\x08\
\xd5j\x15\x95J\xc5\xb7#\x1e\x99?i\xec\x97\xd5h\
4\xc2|>wvl\xb1X\x84\xa2(\xaf\x81\xfd\x16\
\x8a\x88\xa0(\x0av\xbb\x1d\xb6\xdb-2\x99\x0cj\xb5\
\x9a\xf7\x96\xf6\x0b\xca9\x07c\x0c\xcdf\x13\xf9|\x1e\
\x8dF\x03\x8c1oW\xd8\xac\xdd\x07\x92\xed\x0a\xdbz\
\xeeo\xd1h\x14\xf5z\xfd\xed\x96\xd6W\xab\x15\x12\x89\
\x04\x92\xc9$\xe2\xf18b\xb1\x18b\xb1\xd8\xdd\xf9\x1c\
\x0a\x85\x10\x0c\x06\xc1\x18\xbbs\x91i\x9a\xb8\xddn\xd8\
l6\xe0\x9c\xeb\x00\xc0\x84\x10(\x97\xcb_\x96ei\
D$\x7f\xaa\xfa\x87+J\x07\xf0\xbd^\xaf\x7f\xd8_\
]\xa6\xbfh7\xca9'a\xf7\x86\x00\x00\x00\x00I\
END\xaeB`\x82\
\x00\x00\x02<\
\x89\
PNG\x0d\x0a\x1a\x0a\x00\x00\x00\x0dIHDR\x00\
\x00\x00\x16\x00\x00\x00\x16\x08\x06\x00\x00\x00\xc4\xb4l;\
\x00\x00\x00\x04gAMA\x00\x00\xd6\xd8\xd4OX2\
\x00\x00\x00\x19tEXtSoftware\
\x00Adobe ImageRead\
yq\xc9e<\x00\x00\x01\xceIDATH\xc7\xd5\
\x95\xbdn\xd4@\x10\x80\xbf\x19\xef\xe9r\x09\xd6\x91D\
\x22\x11\x12\xdd\xb9;\x9e\x80\x16J\xa4t \x1e!%\
\x0d\x12\xbcH\x0a\xde\x22EZZ\xa8\x10\x12\x1d\xa4\x02\
\x9dR8\x16\xe0\xe0;\xff-\x85\xd7\xbe5\x17\x09q\
G\x0aF\x1a\xcdx\xbc\xfby<\xb3\x1e\x8b\xb5\x96\x9b\
\x10\xe5\x86\xe4\xff\x03\x8b\xd3\x000\xce\xfa\x0f\xab\x81\x0a\
(\x9dm\xf7\xa8\xb7\xd7\x17\xeb\xb46@0\x9dN\x8b\
<\xcf\xf1\x1b\x99\xa6)\xb3\xd9\x8c\xc9d\x82\xb5\x16\x11\
ADz\xf7\xa2(ZY\x0f\x84@n\x00\x93\xe79\
\x8f\x8f\xaf\xa8\xea\x05\x08\xa8\xc2\xcfy\xcc\xc9\x0bH\x9e\
\xbc\xa6\x0e\x0f\x91\xed\xdb\xc8`\x08@\x9c\xd5\xf0|\x9f\
w\x97\x97\xcbW\x8bc\xf6\x1b7\x04~\x18 \xb0\xd6\
R\xd5\x0b\xae\xe61\xaa \x0a_?7\xab\xbe}\xf9\
D\x19\xa60\xda\x85\xc1V\x13\xfcp\x0a\xc0y\x1cw\
\xe0\xd3e9\xc6@a\xba\x9a\xbaLE\x1b{\xe7\x1e\
\xdc\x7f\x00\x17g/\x19\x8f\xc7\xab\xdd\x89\x22\x9ez\x97\
i\x9aBS\x8a= 3\xdd\xf1\xf0\xa0\xa2\xb0\x1d\xc2\
\xc3g\x03\xb6\x86\x0b\x8cIP\x05\x0d\xe8l\x10\xb8\xf5\
A\xa3\xf3\x22\xe6\xd5\x11\x00\x07@\xd2\x81}h\xbb\x19\
)\xc9\xcb\xef\x94\xd6\x01j\x07\xb5\xa0m\x8c\xc6\x7f\xff\
\xa6K~\x07\x18\xeau\x19\xb7Y\x5c\xe7\x07\x81\x17\xf3\
\xe2\x22\xfdo\xa3\x03\x8b\xac\x0fm\x93r\x92\x01E/\
\xe3M\xa0\x1e\xb8\x00\xaae\xf3\xda\x1a\xae\x01\xfd\xad\x14\
\x15Pk\x0f\xbc&T\xb5\x07\xee\x0f!\xd9\x04\xaa\xab\
S\xc3\xb4\x87{\x9e\xc7||\xeb5\xd1e\xd1\xd6O\
[\xdf\x8b\x89\xb8L\x05\x92\x8b\xd5\xe9\xb6\x03\xa4\xffp\
b>\x02\xce\x8d+\xf6]\xa7\xbb\xc0h\x03h\x06$\
@&\xae\x1c#\xe0\x96\xb3f\x03p\xe9\xe0\xe9\x9f\x06\
\xfd\xdfJ\xf7c\xf8\x05\xcf\xaa\x90/\xd4\xc0\xa1\x02\x00\
\x00\x00\x00IEND\xaeB`\x82\
\x00\x00\x01\x9f\
\x89\
PNG\x0d\x0a\x1a\x0a\x00\x00\x00\x0dIHDR\x00\
\x00\x00\x16\x00\x00\x00\x16\x08\x06\x00\x00\x00\xc4\xb4l;\
\x00\x00\x00\x09pHYs\x00\x00\x0b\x13\x00\x00\x0b\x13\
\x01\x00\x9a\x9c\x18\x00\x00\x00\x07tIME\x07\xd5\x03\
\x0f\x0c\x17.A\xab=\x87\x00\x00\x00\x06bKGD\
\x00\xff\x00\xff\x00\xff\xa0\xbd\xa7\x93\x00\x00\x01,ID\
AT8\xcbc````\x02b\x0e \x16\x02\xe2\
\x0c >\x09\xc4\xff\xb1\xe0#@\x1c\x05R\xff\xff\xff\
\x7f\x06B\x18\x04X\xa1\x86\xaa\x03\xf1\xfd\xe5\xcb\x97\xff\
\xbfr\xe5\x0a\x18\xcf\x9c9\x13\xce\x06\x89\x03\xe5o\x80\
\xd4\x13k0'\x10\xcb\x00\xb15\xc8e\xc8\x86\x82\xf8\
\xc8\x86C]\xceI\xac\xc1\xdc@\xac\x0c\xc4\x1e0\x83\
a\x86\xc20\xccp(\x9f\x9bX\x83y\x80X\x15\x88\
}`\x06c\x0bc$q\x1eb\x0d\xe6\x05b5 \
\xf6E\x0e\x0al\x18j0/\xd9\x06G\x970\xfc\x8f\
\xaf`\x00\xd3\xc1Y\x0c\xff=\xa3\x19\xa8cp\xf1$\
\x86\xff\xe5\xd3\x19\xc0tZ#\xc4p\xaa\x18\xdc\xba\x82\
\xe1\x7f\xe7:\x060\x0d2\x1c\xe4r\xaa\x18\xdc\xbf\x95\
\xe1\xff\xb4\xbd\x0c`\xbaf.\xc3\xff\xa4j*\x19<\
u\x0f\xc3\xff\xd9G\x19\xc0t\xc3\x22\x86\xff\xa9\xf5#\
\xd6`\x9a\x851\xcdR\x05\xcdr\x1e\x81\xb2\x82|\x83\
\x09\x94n\xbcd\x97n\x04\xcac\x1er\xca\xe3\xa7\x04\
j\x90\xdb\xa4\x94\xc7\xc85H\x0f\xb4\xfa\xc1\x16\xce\xe7\
\xa1u\x22'9u\x9e\x15\x10\xbb\x03\xb174\xcc\xbd\
\xa1|+\xa8\xbc\x10\xb1u\x1e\x00:f\xebU\x9d\x96\
\xc8\x09\x00\x00\x00\x00IEND\xaeB`\x82\
\x00\x00\x03\x1d\
\x89\
PNG\x0d\x0a\x1a\x0a\x00\x00\x00\x0dIHDR\x00\
\x00\x00\x16\x00\x00\x00\x16\x08\x06\x00\x00\x00\xc4\xb4l;\
\x00\x00\x00\x04gAMA\x00\x00\xb1\x8f\x0b\xfca\x05\
\x00\x00\x00\x19tEXtSoftware\
\x00www.inkscape.or\
g\x9b\xee<\x1a\x00\x00\x02\xafIDAT8\xcb\xa5\
TmO\x13A\x10~z-\x16\xb1\xb4\x85\x12\xab\x1c\
\x14H\xc0\x84\xb6~\x17\x89\x1aI\xf0\xbf\x11\xff\x881\
\x1a\xfe\x07~\x11>\x10\x04$G[#\xb4\xe1\x9dB\
{\xd7\xbbug\xb6{\xbdm1\x12\xd9t3\xb3\xd7\
\xddg\x9f\x9dyfb\xf9|^,..\xe2\xff\x87\
\x80\x10\xca\xd6\xeb\x0dloo\xf3\xd7\xc4\xfc\xfc<\xd6\
\xd7\xbf\xca?Eo\xab\xf4\x83 \xe0I\xbe\xef\xfb\xe8\
t:h\xde4\x0d\xc8\xa3\xdfG\xa1\xefT\x1c|\xfe\
\xf4%\x5c'b\xb1\x18;\x97W\x978<tP.\
\xbdD\xa5RA\xa3\xd1`\x16\x04\xee\xfbt\x89\x1f\xfa\
\xbe\xdf\x91\x17\xf9l\x89\x8e=i\xc3~n\x1b\x97&\
\xb43\x94\x18B*\x95\xe6\xc3\xc9d\x12\xe9\xf4h\x08\
H\x8c\x15\xa0b\xae-M!\x02\xb6\xae\xeb\x9a\xc0:\
\x04\x17\x17\xe7\xd8\xda\xda\xc4\xf4\xd4\x14j\xb5*~\x1e\
\x1c\x84!\x89\x86F\xb1\xf6C?\x1e\x8f\xa3X\x1c\x81\
\xeb\xf5\x01\xdb\xf6$\x1f\x1c\x1f\xcfa\xe5\xfd\x0ao^\
Xx\x81Ba\xa6\xcb\xb4\xc7\x8e\xa6\xe7y<C\xbf\
\xe31\xdb\x01\xc6\xb9\x5cN\x82\x09\x9c\x9e\x9ebs\xeb\
;\xde\xbey\x87\xfd\xfd=T\xaaU#y\x9ai\xbf\
\x0f\x99\xa2\xd9\x99Y\xb4\xdd\xf6`\x8c\xe90\x05\xc4\xb2\
\xe2\xe1f\xcb\xb2@\x89\xa5\xb5N0\x0d\xed\xf2\x19\x0a\
\xa3\xfci\xc6\xf1\xb8\xd5\x0f\x1c`4\x95B\xb9\x5cf\
\xa0g\xf9Id3c\xec\xd3\x81^\x18\xc8v\x9f\xee\
)0\x0a\x87\x1e\xe9t\xc6\x04\xa6\xa7\x1d\xd7\x8f\xb1\xb1\
\xf1\x0d\x1fVW\xf1cw\x07\x8e\xe3\x0cH-\x0c\x01\
\xad\xbb*\xa1'\x94\x8a\xc5\xf0\x15\x060\xb1y2\x92\
B\xa9T\xe4\xcd\xf9\xa7y\x0cK\xc9\x91V\xa3\x89c\
\xb6\x948\x9d\xb4n\x12\xa3\x855\xc0\xd8\xf5\xdaRr\
\x17\x98\xc8M\xa0\xd9lJ\xff\xd2(\x84\xa8*\xd8v\
/\xeaH\xf6\xd1\xf26\x80\x89\xe5\xf5\xd55\xaaR\x09\
\x85\xe9\x02NNNP\xad\xd5\x22\xd5\xe6\xf7f\xe0\x1b\
k\xb3\x15\x18\x05\xa2\x80\xb3\xd9,\x96_/3\xa3\xb9\
\xb99\xd8\xb6\xcd\xccHF\x9c\xac\xb6\x1b\xfad\xdbm\
5[\xad\xd6\x9d\xad\x89\x19g2Y\xb9\xb9\x8e\xdd\xbd\
],\xbdZ\xe2\xe4\xd5j\xbfB\x0dG\xa7*qU\
\xc6B\xea?\xf9(\x19jX\xf4\x87\xa2_n\xc3\xc9\
\xc7r=\x8a\xfb\x8e\xb3\xf33\x05.\x0c\xc6b@n\
\xe4;\x87\xf7\x97[\xa10\xcda1\x92G1\xfe\x9b\
\xdcZ-\xf5\xc4\x7f\xc9M\xc7[\xdc\xc5\xf8!r\xa3\
\x5c\xdc\xc9\xf8\xa1r\xb3\xc6\xacA\xc6\xc4\xe0\xa1r\xd3\
\xd6\xa8\xbc=)\xb1\xb5\xb5\x8f\xdc\xc1t\xc7R\x1b\x04\
\xb7\xd3\xe87R\x0f74i\x03\xfd-P\xdfno\
o0#\xdb\xa7\x1e\x7f\x00~\xc9h\xb9x.<\xa9\
\x00\x00\x00\x00IEND\xaeB`\x82\
\x00\x00\x03\xb9\
\x89\
PNG\x0d\x0a\x1a\x0a\x00\x00\x00\x0dIHDR\x00\
\x00\x00\x16\x00\x00\x00\x16\x08\x06\x00\x00\x00\xc4\xb4l;\
\x00\x00\x00\x04gAMA\x00\x00\xd6\xd8\xd4OX2\
\x00\x00\x00\x19tEXtSoftware\
\x00Adobe ImageRead\
yq\xc9e<\x00\x00\x03KIDATH\xc7\xb5\
\x94mHSa\x14\xc7\x97\x99X\xcd\x0a\x872\x97\x89\
S\xb0Q\x8d\x8c\x04\xcb$\xa7k\x95a~\xc9\xb2\x08\
\xd2\xe9\xb2\x08\xf4\x8b\x04}\x88\x0aZ\xa4\x11DQi\
\x91\xa1)\xa1&j\xa1\x89\x0aB/\x90Qh\xf3-\
(**{[\xea\xdc\x96\xd3j\xdb\xbf\xf3l\xf7\xda\
6\xef\xac>t\xe0\xc7\x1e.w\xbf\x9d\x9ds\x9e#\
\x02 \xfa\x1f\xfc>\x88Dsrrr\xa0\xd5j\xa1\
\xd3\xe9\xbc`\xcfU*\x15\xe4r\xf9\x9e\xe0\xe0\xe0\xf9\
\xf4n\xc0\xbf\x88\xb35\x1a\x0d\xdaJw\xc3q\xff$\
\x1c\x0fNq\xe8\xe1\xe8,FwI*{\xa9\x9f\xc4\
\xc9\xf4\xf9G9\x8b,\x02\xbe8^\xb4\xe1g\xcbA\
7\x0d\xbb0U\xad\x86T*u(\x14\x8ag\xb1\xb1\
\xb1{\xc5b\xf1\x92\xd9\xe4\x22N\xc4\xe4\x0b\x93\x92\x92\
0u\xa7\x00\xf6\xa1f\xb4\x96\x1d\xc1\xe4\x8d\xb4i\xa6\
j3a\xba{\x04]z5(kc@@@6\
}g\x011\xd7o\xc6\xdc!\x84\x89'\x9a\xf7\xe3[\
\xddNX+S\x7fS\xb5\x09C-\xe7\xf1\xe6a\x1d\
,U\x9b\x11\x1a\x1a\xea\xa4zw\xcbd\xb2M\xfe\xca\
2Cli\xc8\x83\xf9\xe6\x0e\x8c]S\xc1T\xe1\xa6\
\xbf\xe9\x0czzz0<\xfc\x1e\xc6\xc1{0u\x9c\
@\x93>\x8b5s\x5c\x22\x91\xe4q\xf2\xb9~\xc5J\
\xa5\x12#U\x99\xf8Z\xa1\xc1\xa7\xf2\x8d0^M\x81\
\xa1\xb1\x14\x06\x83\x01\x16\x8b\x05\x0e\x87\x03\x93\x93\x930\
\xbf\xea\xc6h}>\xda\x8f%\xb3\xec{\xc3\xc3\xc3g\
4\xd4K\xcc\xea]\x9c\x11\x85\xe1\xcb\xc9.z\x9b\xce\
NK\xf9`r\xeb\xf8(>?i\xc4\xa7\xba|\x5c\
)\xdc\x80\x98\x98\x98\xe7\xc4\x01\xcf\x86\xf2S\xb1\x965\
\x8fXI8\x1f\xeb\x131PU\x84\x81\x81\x01X\xad\
V\xf8\x86\xddn\x87\xd9l\x86\xf1\xe5S|\xbcU\x88\
;\x87\xe3A\xcd|\x1f\x18\x18\x98\xce\x97\x85O{-\
\xf7`9QQ\x98\xbe\x0c\xbd\x0d%\xf811\x0e\x7f\
\xe1t:\xa9,6|xz\x1b\x83\xe7R\x10\x16\x16\
f\x8f\x8b\x8b{L5\xdf\xe3\x9a\x16N\xbc\x85\x98G\
H\x08\x0d\xd1\x1c\x14\x14d\xeb\xb8x\x08\x96w}p\
\xd2\xdf\x17\x0a\x969cj\xec\x03\xfaJ\x13q\xa5@\
\xc1d&B\xca\x8b\xe3\x09\x197\x97\x91D\x22QF\
\xd8\x1e]\xd6\xc26:\x8c\xd9\xe2\xf5\x93\xbb8\xbc=\
\x0a\x091!Lv\x9cPx\x8e\x07\x93\x07\x12\x8b\x08\
9\x97y\xabV-G\xd7\xf5\xa3\xf8\xf6\xe5\x8d\xa0\xf4\
YG\x0d\x0a\xd4\x91X\x1d%f\x92\x0bD&\xb1\xc6\
w\xa8e\x5cI\x16sr\x15\xab91\xd2V\xb2\x03\
\xa6\xb7\xfd^\xd2\xde\x8ej\xe4\xa7\xca\xa0tK\xcb\x89\
\x5cb+\xb1\xc2W\x1c\xc1\xb6\x1c'\xe73_O\xd4\
\xeb\xd2\x22\xd1Y^\x8c\xef\x13f\x97\xb4\xa7\xbd\x1ay\
*\x19V-\x9b\x96\xe6q\xd9\xb2AX\xea+\x8e\xf7\
8\xf3\xf2hb;QKX\x1bO\xef\x83\xa1\xb3\x06\
\xb9\xaa\x08!i\x02\xd7\xa3\x85B\xcb#\x82\xdf\xcf>\
r\x96y%\xf1\xa3\x88\xc6q\xe5lR~\x8e\x85\xc4\
\x02\x99\xb3\xb2d\xb0\x86r\x1b\xf1\x12\xa1\x15\x92z-\
z\x7fr\x8f\xcc\xf9\x86\xae\xe3J\xc3n\xec6\xae\xa6\
^R\xbfb\x81\x1f\xf2\x94G\xbb\xc6\xc9=\xebJW\
\xa3|\xa4\x7f-\xf6\x91\xb3e\x15\xe6\xba]\xee\x9b*\
\xb8\xec\x7f\x01\xc8\xec\xb4\x80\x13'G\xab\x00\x00\x00\x00\
IEND\xaeB`\x82\
\x00\x00\x01\x1f\
\x89\
PNG\x0d\x0a\x1a\x0a\x00\x00\x00\x0dIHDR\x00\
\x00\x00\x16\x00\x00\x00\x16\x08\x04\x00\x00\x00n\xbd\xa4\xb0\
\x00\x00\x00\x04gAMA\x00\x00\xd6\xd8\xd4OX2\
\x00\x00\x00\x19tEXtSoftware\
\x00Adobe ImageRead\
yq\xc9e<\x00\x00\x00\xb1IDAT(\xcf\xb5\
\x93\xb1\x0a\x830\x14E\x8f\x98`0up\xb0\x90\xa5\
C\x0a\x1d\x14\x0b\xc5EJ\x07A\xd7\xd2\xff\xff\x9at\
\x8c\xd8\x18T(g=<\xee}y\xc1\xb1\x1d\x0e\xc8\
$\x08\x14\x9a\x22\x80F!H\xbc\x9c\x9ec#K\x14\
\xa9\x97\x05\x05\x06\xcb-\x80\xc5P \x0e\xca\xf2\xe9\xae\
+\xe0\xb0\x94H/g\xd15\xd4Tds\xb9\xa2\xa6\
g\x08\xd0/eI\x89\xa5\xa5\x0b\xd0.c\xc8\x8f\x1b\
\xdd\x10\xa0\x09dVwwZ\xcf\xdcaP^\xce\xa3\
\x05_\x5c\xc8g\x931tL\xbc\x03L\xcb\xc9\x7f,\
8\xba\xc7\xda\xfb\xfd\x14\xd4M\xac\xe0\x84E\xcfdv\
\xc8\xbb\xb6\xb1\xebD7}\xab/\x16:-\xfe\x87O\
\x5c\x7f\x00\x00\x00\x00IEND\xaeB`\x82\
\x00\x00\x01\x98\
\x89\
PNG\x0d\x0a\x1a\x0a\x00\x00\x00\x0dIHDR\x00\
\x00\x00\x16\x00\x00\x00\x16\x08\x06\x00\x00\x00\xc4\xb4l;\
\x00\x00\x00\x04gAMA\x00\x00\xd6\xd8\xd4OX2\
\x00\x00\x00\x19tEXtSoftware\
\x00Adobe ImageRead\
yq\xc9e<\x00\x00\x01*IDATH\xc7\xed\
\x941K\xc3`\x10\x86\x0fA\xb0\xd8.\x9d\xbbI\xf5\
?\xd8\x1fP\xc5:\xb9\xd9A\x10\x14q\xad\xa0\xa0\xa0\
\x0e\x0e\x82 \x08*A\x5c\x5c\xe2\xe4\xe6\xa6\x9b\x0eN\
.\x19\x0a\x0eN\xfe\x8e\xd7\xf7\x95\xfb\x92 VhM\
\x17i\xe0\x19\xeer\xf7p\x1c\x97\x18\x00\x1b\x066\x12\
\x8f\xc4\xffA\xccg\x8c\x8c\x93\x12\x99$eR\x19\x80\
\xb2\xf7\x97\xdcg\xcb\xa4KP\x00od\x83T%~\
\x8a\xe3\x18I\x92\xfc\x19y\xe8{%3\x12\xa7/\xa2\
(B\x88\xe7\xdb\x86\xa5MC{\xcb\xb0\xbakX\xdb\
\xcfP\xac\xbc\xeaT\xaf\xbe\xe0\xf0\xc9gSq\x90\x86\
X\xd2\xf5CC\xe7\xcc\xb0wm8\xb8\xc9P\xac|\
N\x94\xca=nZH\xe6w\xa5\x02M\xa4\xe6\xa3[\
\xc3\xe9\xbd\xe1\xfc!C\xb1\xf2y\xf17\xcfB\xcf\x89\
Wv\x0c\xdb\x97\x86\xe3;\xc3\xc5\xa3\xe1\xea9C\xb1\
\xf2\xbfL\xbc\xd8s\xc7\xfdL\xfc\xc3\x8e\xbf&~)\
\xf8*\xbaa\xc7\xba\xbb\xf7\x82\xee\xf8\x83\x9c\x84\xab\xa8\
\xfa\xdd5\xc8\x1ci\xf9\x8e\xfa\xa5\xe5\xfd\x8dp\xc7\x13\
.\xaf\x91)R'\xd3\x03P\xf7\xfeZ\xf8\xf2\x86\xf2\
\xaf\xf8\x04\x10O\xebU\xd2\x98\x8b#\x00\x00\x00\x00I\
END\xaeB`\x82\
\x00\x00\x02+\
\x89\
PNG\x0d\x0a\x1a\x0a\x00\x00\x00\x0dIHDR\x00\
\x00\x00\x16\x00\x00\x00\x16\x08\x03\x00\x00\x00\xf3j\x9c\x09\
\x00\x00\x00\xdePLTE\x00\x00\x00\x00\x00\x00\x00\x00\
\x00\x00\x00\x00\x00\x00\x00\x00\x00\x00\x00\x00\x00\x00\x00\x00\
\x00\x00\x00\x00\x00\x00\x00\x00\x00\x00\x00\x00\x00\x00\x00\x00\
\x00\x00\x00\x00\x00\x00\x00\x00\x00\x00\x00\x87\x87\x87**\
*\x00\x00\x00\x00\x00\x00\x89\x89\x89\x00\x00\x00\xff\xff\xff\
\x00D\x00\x00\x00\x00\xc1\xc1\xc1\xf0\xf0\xf0\xe8\xe8\xe8\xec\
\xec\xec\xe3\xe3\xe3\xc7\xc7\xc7\xdf\xdf\xdfggg\xc4\xc4\
\xc4\xd0\xd0\xd0XXX\xd9\xd9\xd9\xcc\xcc\xcc\xf3\xf3\xf3\
\x90\x90\x90sss\xd5\xd5\xd5\xbc\xbc\xbc\xe5\xe5\xe5\xb9\
\xb9\xb9\x96\x96\x96\xfa\xfa\xfa\xf6\xf6\xf6\xbf\xbf\xbf\xb4\xb4\
\xb4\xf8\xf8\xf8\xad\xad\xad\xb1\xb1\xb1\xfc\xfc\xfc\xaa\xaa\xaa\
\xca\xca\xca\xa6\xa6\xa6\xd6\xd6\xd6\xed\xed\xed\xa2\xa2\xa2\xd3\
\xd3\xd3\xe9\xe9\xe9\x9f\x9f\x9f\x9c\x9c\x9c\xba\xba\xba\xdc\xdc\
\xdc\x99\x99\x99\xe1\xe1\xe1\x8d\x8d\x8dYYY\xde\xde\xde\
\xfd\xfd\xfd\xf7\xf7\xf7\xe8\x1f\xd9\x83\x00\x00\x00\x18tR\
NS&M\x0d\x11%\x0c:K\x08\x0b\x1b\x05\x22G\
\x02\x07g\xc4\xc8\xce\xd8Z\x8c\x00\x9f\xedl\xa4\x00\x00\
\x00\xe4IDATx^U\xd0eo\x031\x0c\x80\
a\xb79\xc6\xd26\xe7\xf8\xca\x1d33\xef\xff\xff\xa1\
\xc5r\xa4k\x1e\xcb\x8e\xf4~\x0c$;\xc3M\xbbm\
>\x1a\x88\x14\xc2\xe1\xfb\xaf)\x1b\x83\x00os}b\
\xba\x95N\x00~{\xf1g\x9a\xca8\x02\xbb=]i\
\x88HO&]\x0b\xfa\xed*\xc7<\xa7\xd5\xf7L\xf6\
@\xe5\xbc\xc4\xb2\xa4\xd5\xf7\x80\xf3C\x81EA\xab\xef\
\x11\xe7\xe7\x0a\xab\x8aV\xdfs\xce\x87M\x83\x88\x0d_\
\xe5\x8a\xf3\xe7\x82\xa0\x1av\xc9\xf9g\x9f\xa0\x1av\xc3\
y1#\xa8\x86\xddq\xbe_\x12T\xc3\x1e9?\xd5\
\x1a\x22\xd6X\xd7/\x9cgS\xd3+e{\xbe\xcc\x0c\
ok\xfa\x13\x7f\xb4\xfe8\xde\xf6\xf5=\x89#\xf0\x06\
ci\x9a\xec:\x01\x84\x02\x9c\xd8\xedu\xdc\xd8\x01\x01\
I*\x82\xc8\x82\x8e\x15\x05\x22\x85\xbd$\xf4|\xbb\xdf\
\xb1}/L\xfe\x01Kp6\xc5\xd0\xbc;\xd3\x00\x00\
\x00\x00IEND\xaeB`\x82\
\x00\x00\x02\xf4\
\x89\
PNG\x0d\x0a\x1a\x0a\x00\x00\x00\x0dIHDR\x00\
\x00\x00\x16\x00\x00\x00\x16\x08\x06\x00\x00\x00\xc4\xb4l;\
\x00\x00\x00\x04gAMA\x00\x00\xd6\xd8\xd4OX2\
\x00\x00\x00\x19tEXtSoftware\
\x00Adobe ImageRead\
yq\xc9e<\x00\x00\x02\x86IDAT8\x8d\xb5\
\x94MH\x14q\x18\xc6\x7f\xba\xe3\xee\xb6\xee\xb4~\x80\
4\xe4\x96\x15EaHi``YX\xe9!\x0b\x85\
$\x0fv\xd8\x10\xbcD\xd4\x16\xf9\xb1Y,\x8b\x87\x0e\
\x9dZ\xfcH:\xf4q\xaeKt\xea\xa2H\xa7n\xa2\
7\x19\x94\x96\x0c\x04!E<\xf9t\xf0o\xe8\xa0[\
\xb94\xf0\xce0\xc3\xfc\x7f\xf3\xbc\xf3\x7f\x9e\x17I\xfc\
\x8fZ?A\x1e\xe0\x03,S\xf9\x7f\xb5x\xeb\xba\x02\
S>\xf3\x9c<\xe04\xf9$\x80A\xc0\x01\x22@h\
\xf3\x8b;@\xcfD\x22\x91'\xc1`\xf0\xb1eYI\
\xe0\x16P\x04\xec\x01\x08P\xc9\xd7\x91\xb1!\x15%K\
E%\xdf8\xcc\x07\xc2\xbc\x04\x8e\x03{\x01\xbf\x17\x0e\
\xf8\x1c\xc7\x19Z^^\x96$MNN*\x1a\x8d\x0a\
H\xac\x8bkC\x5cC\x5cD\x9d\x83\xadJ}J\xe9\
\xea\xbbV=\x98\x88\x8bz~\x00\x87L\x07\x96\x07\x5c\
`\xdb\xf6\x0b\x99cvvV---\xaa\xa8\xa8\x10\
p\x05j\x99\x18_\x1b\x933R$N\x22.\xa0\xce\
t\x9b\x92_\x92\x22\x86\x80Z`?\x10\xf4\x80\xfd\xa1\
P(\xbd\xb0\xb0\xa0\xd5\xd5U---I\x92\x06\x06\
\x06\x04\xdc\x07\xa8\xa1\x1fI\xd2hfT\xc4\x11\xd5\xe8\
\xf6\xdb\x9b\xa2\x895\xa0\x11\x10P\x08\xc8@\x05\x04B\
\xa1P\xdau]\xcd\xcf\xcfknnN\x92\x94H$\
\x04t\x03\x94\x00\xfdt\xa3\xd4\xe4S\xbd\xf9\xfeZ\x8d\
\x1f\x1b\xc5=D\x0d\x02\x9a\x81c@\xd8\xa38\x10\x0e\
\x87\xd3SSS\x9a\x99\x99\xd1\xf4\xf4\xb4\x16\x17\x17\x15\
\x8f\xc7\x05\xf4bv\xd0\x01n`\xf1\x99\x18\xba\xfc\xbe\
^\x07\x86\xcbE\xd9\x16\xb0\xbd\xa1x\x03\x5c^^\xfe\
\xcau]e2\x19\xb9\xae\xab\x95\x95\x15\xf5\xf6\xf6\x0a\
\xe8\xc7\xd8)d\xe0\x95@\x0c\x8bq\xea\x10\xf0\x13h\
0\x1bX\xe8\xfd\xc7\x96e\xa5c\xb1\x98:::\xd4\
\xde\xde\xae\xae\xae.UWW\x0b\xe8\xfbm\x1d\xa3\xbc\
\x048\x08T\x01\xe7\x80\xf3\xc0)\xf3\xd1\xa0Gq\x01\
P\x0a\x5c\x07\xee\x02\x0f\x8d\xd5z\x80K^\xc3[F\
}\x89qB\x14\xd8\x07\x84\xb7\xb1\x9b\x0f\xa8\xb3m\xfb\
\x99\xdf\xef\x7fnY\xd6 \xd0\x07\x9c\x05N\xec\x14S\
\x0b\x08\x98.\x82\xe6>\xcf\xa3\xd8\xe78\xce\xf06\x01\
I\x01Gw?d\xb2\x07\xa4\xe9_a\x9b}\x9c=\
 9(\xce\x1e\x90\x5c\xc0Y\x03\x92\x0b8k@r\
\x00\xff9 \xbbu\x85\xf1{3p\xc7L\xb4\x1e\xe0\
\x11\xd0\x90\x0b8\xdf\xf8\xbc\x0c8b\xc6A\x95\xb9\x1e\
\xda5\xd8\xc0}&@6Pl:(\x06\xec_4\
\xf2\x8f\x1fx\xc9\xf9^\x00\x00\x00\x00IEND\xae\
B`\x82\
\x00\x00\x037\
\x89\
PNG\x0d\x0a\x1a\x0a\x00\x00\x00\x0dIHDR\x00\
\x00\x00\x16\x00\x00\x00\x16\x08\x06\x00\x00\x00\xc4\xb4l;\
\x00\x00\x00\x04sBIT\x08\x08\x08\x08|\x08d\x88\
\x00\x00\x00\x09pHYs\x00\x00\x0d\xd7\x00\x00\x0d\xd7\
\x01B(\x9bx\x00\x00\x00\x19tEXtSof\
tware\x00www.inksca\
pe.org\x9b\xee<\x1a\x00\x00\x02\xb4ID\
AT8\x8d\xb5\x95AK\x1bA\x14\xc7\x7f\x9b\xa4\xa9\
\xddD\xad\x14<\x88\x15\x8a\xb7\x1cz\x88\x90\xd2\xa0\xa7\
\x82^\xbcDA\xbc\x09\xedA\xd0\x83\x88_@\xa4\xa5\
\x08\xe6\x10\x09\x82E\x0f\xb9\x08~\x00\xa9\x14J\xa1\xf5\
\x92(\x88\xcdE\x08\x9e\x04#\xd5\x10\x8cI%\xee\xce\
L\x0fe\xb7\xbb\xd9D{q`\x9873o\xfe\xf3\
\xde\xff\xbdy\xa3)\xa5x\x88\x16\x00X^^\x1e\x94\
R&\x85\x101)%RJ\x84\x10X\xf2}s\x87\
\x9cSJ-d2\x99\xbd\x00\x80\x942922\x12\
\x8bD\x22\x9e\x9b\xef\xf2\xa8q/\x9b\xcd\xc6666\
\x92\xc0+\x1f\x80\x10\x22\x16\x89Dhkk\xb3{0\
\x18\xc4\xef\xf7\xe3\xf3\xf9\xd04\x0d)%\xa6iR\xaf\
\xd7\xb9\xb9\xb9\xa1Z\xadr}}M\xa5R\xa1\x5c.\
S.\x97\x19\x18\x18@J\x19\xb3\xa9\x90R\xbann\
\xe5j\xe3\xe8\x94\x95R\xb6\x0c\xe0k\x04n<h\x98\
\x06\xf1\x8fq.\xae.\xec\xbd\xf1\xf1q\x86\x86\x86\xd8\
\xdc\xdc$\x1e\x8f399i{$\x84\xf8\x17<k\
\xd2\xcc\x9a\xb5\xcfk\xe4\x1f\xe5)\x9c\x15\x88\xbe\x88\x22\
\xa5d{{\x1b!\x04\xfd\xfd\xfd\x1c\x1f\x1f\xdb\xfa\xa6\
i6\xb7\xb8\x11\xf4\xa4xB\xa9R\x22\xe8\x0bR(\
\x16<\xee\x87B!\x17hK`\xe7A!\x04\xa9\x9d\
\x14\xf3\xa3\xf3ti]\xe4\x8by\x0f\xcf\xe1p\xd8\xb5\
\xe6\xa1\xc2\x02v\x06 \xf3-\xc3\xc4\xeb\x09\x02\xbe\x00\
=\xfe\x1e\xf2\xbf\xf2\x9e\xe0\x85B!\x97\x97N\x8b]\
\x1c[J\xa7\x17\xa7l\xfd\xd8b4:\xca~a\x1f\
\xe3\xca\xe0\xac~\xe6\x89\x81E\x85\x10\x02\xa5\x94\x17\xd8\
I\x85E\xc1\xea\xdbU4\xfe\xe6o\xe9w\x89t6\
\x8di\x9a(\xa5l\xbdZ\xad\xe6J\xb7\xa6\xc0\x16\x0d\
\xe9\xdd4\xc3/\x87\xe9{\xd6g\x03D\x9fG\x11\xdf\
\x05\xa7\xa5Sz\x9e\xf6\xd8`\xb5Z\xcd\xf5\xcc\x9d\xde\
\xbb\x82\x97\xdaI\xf1\xe1\xcb\x07\xf4\xc7\xba\x0dzY\xb9\
d\xf7\xe7.\xdc\xc0\xfa\xd7u\x17\xcf\xd5j\xb5\xe9\xc3\
\xf1p<3<\xc3\xf4\x9bi\x97R\xe7\x93N\x96\xc6\
\x97XL,z\x00\x9cT4Z\xee\xe2\xb8\xfb]7\
\xf7\xb5\xa3\xf7G\xcc\xce\xcer~~\xce\xdc\xdc\x1cc\
cc\xf4\xf6\xf6\xb2\xb2\xb2b\xf3\xef\x01.~*b\
\x18\xc6\xbd\xb5\x22\x95J\xd9r\x22\x91\xf0\xe8\xb4L\xb7\
\xbb@[\x15\xa5\xc6\xac\xb0\x83g\xd5Vg\x8d\xb5\xd6\
\xad\xd1)7\x1b\x9b\x01\xe7\xb2\xd9,\xed\xed\xedtt\
t\x10\x0e\x87\xd1u\x1d]\xd7]\xf59\x10\x08\xe0\xf7\
\xfb\xd14\xcd\x95\xf7\x86ap{{\xcb\xe1\xe1!B\
\x88\x1c\x80\xa6\x94bjjj\xd04\xcd\xa4\x942v\
\xc7\xb7\xf3?_T\x0eX888\xd8\xd3\x1e\xea3\
\xfd\x03Q\x07\x89\xadjf\x1f\x88\x00\x00\x00\x00IE\
ND\xaeB`\x82\
\x00\x00\x02\xa0\
\x89\
PNG\x0d\x0a\x1a\x0a\x00\x00\x00\x0dIHDR\x00\
\x00\x00\x16\x00\x00\x00\x16\x08\x06\x00\x00\x00\xc4\xb4l;\
\x00\x00\x00\x04sBIT\x08\x08\x08\x08|\x08d\x88\
\x00\x00\x00\x09pHYs\x00\x00\x0d\xd7\x00\x00\x0d\xd7\
\x01B(\x9bx\x00\x00\x00\x19tEXtSof\
tware\x00www.inksca\
pe.org\x9b\xee<\x1a\x00\x00\x02\x1dID\
AT8\x8d\xb5\x92OK[A\x14\xc5\x7fsg\xe6\
\xa9i0\xad.l\xa1\x0b\x85\x12\x84\xb8.\xfd\x06v\
\x15\x89\xcbt#\xfd\x08.\xea\xa2\xebB\xdd\xf8\x11J\
\xb2h\x96\x06\x03B\xbb\xeb*\xb4\xcbR\xa1\x22\xf5\x0f\
\xa5\xa0\x85J\x8d\xa5\xb6\xfa\xf2\xde\xed\x22y&)\xe2\
\x1f\x8c\x07\x86;\xdc\xb9s\xe6\xcc\xe1\x18U\xa5\x1b\x8b\
\x8b\x8bo2\x99\xcc4@\xa3\xd1x\xbb\xb0\xb0\xf0\x98\
3p\xd1\x9c\x9cqg:\x97\xcb\x91\xcb\xe5\x00\xa6\xcf\
\x22\xbd\xcc\x9c\x030\xafGOe\xbf\xe4Y2L\xbd\
^\xef9\xeb\xc6ys\xfad\xdf\x18U\xc5\x94F\xf5\
\xf9\x83\xa7\x881\xac\xef\xed\xf1\xf3\xe8\x08+\xc2\xbd\xe1\
a\x1e\x8eO`E\x10\xd3\xfa\x9c\xaa\x12i\xcc\x87\xed\
-v\x0f\x0f\x89U\xb9\x93\x1abr\xec.\x91*/\
\xbe\xbcB\xe7\xf6\x8d\x03 T\xb6\x1b\x9b|\xfd\xb5E\
\xca\x07\xa42\x9e!\x1f\xa0\xfe\x80\x8f\xfb\xbb\x04\xce\xe2\
\xc4\x02\x10i\xccI3\xc2\xa4BF|\xc8\x9f0\xa4\
\x11\x9e\xf0\xee\xdb'\xee\xa7' \xd4\x8e\x15\x09q`\
-\x22\x82\x13\x8b\xb3\x82\xb7\x16\xef,\x03\xce\x13X\x07\
\x06\x9aQ\x04@\xac1\xcd8\xc2E\x82\x95\xd6\xdai\
l\xfeO\x0c\x9f\x7f\xc0\xc8\x90\x92\x19\x0c\x19\x1e\x88H\
7\xffr\xec\x85Ag\x08,81\x88i{\xa8\x10\
\xc5\x0a1\x88Q\xc4( \x1c\xc7\x1e\xc2\xc4hU\xca\
\xe5\xb2\xf6\x0bm\xaev*LK\xca\xf2\xf2\xf29\xe9\
\xba\x18\xb3\xb3\xb3\xa7\x5c\x02 \x22=\x87\x97\xa9\x93\x8f\
:5\xd9ws\x19U\xa5R\xa9h\xb1X\xec\x8b\xe2\
J\xa5B\xb1X47\xa6\xb8\xc7c\xe8\xf8\xdc]k\
;YjKk@\x16\xda\xfd\xf5\xf7\xbd5\xc1\x95=\
.\xcdO\xf5_1d\x99[Z\xeb\xe9\xf7Eq~\
|\x83\xd2\xfc\x14\xf9\xf1\x8d\xab\xa5\xa2Z\xadj\xa1P\
\xe8K*\xaa\xd5*\x85B\xe1\xe6Ra\x00\xb3\xb2\xb2\
\x12\xe7\xf3\xf9\xbe(\xae\xd5j\xcc\xcc\xcc\x88\x03|\xf2\
J\xa2\xe6:hsy\x07\xa4\x8d1\xac\xae\xae^\x9b\
\x14NS\x916\x80\x07\xc6\x80\xdb\xc0- \xa0e\xd1\
U\xa0\xc0\x09\xf0\x1b8\x00\xbe\xff\x03\xa9\x0dUY\xe5\
\x89\xfa\xdf\x00\x00\x00\x00IEND\xaeB`\x82\
\x00\x00\x01\xe3\
\x89\
PNG\x0d\x0a\x1a\x0a\x00\x00\x00\x0dIHDR\x00\
\x00\x00\x16\x00\x00\x00\x16\x08\x04\x00\x00\x00n\xbd\xa4\xb0\
\x00\x00\x00\x04gAMA\x00\x00\xd6\xd8\xd4OX2\
\x00\x00\x00\x19tEXtSoftware\
\x00Adobe ImageRead\
yq\xc9e<\x00\x00\x01uIDAT(\x15\x05\
\xc1?K\x94\x01\x1c\x00\xe0\xe7\xbd\xfb\xe1!$\xb7(\
\xad\xe5&NN\x0e7\x84\x0e7D\x0d\x12E\x9f\xc1\
\xa9\xaf\xd1g\x88p\x8a\xe2\x1c\x8c\x94\x1a]$\x10\xa2\
?\x07\xa795T\x83x\x8bx\xdeq\xbd\xef\xef}\
{\x9e\xd0z\xf9\xbc\xde\x1d\xf7&\x00\x00\x00\xae\x0dO\
\xcf\xf6\x0cLC\xbb\xde}\xda\xbb\x0f\xb6u\x1d\x00\x80\
\x81g8\xd9|\xb0\xe0\xd8Uh\x8f{\xf7$\xe8Z\
\x97\x00 %\x16\xd9\xb0\xec6\xb4'\xdej@\xc7\x8a\
w\x00\xe0T\x8d_\xb0\xa4\x13\x0a\x9eHp\x88\x1d\x00\
\xd0\xd8\xc1W\x08\xedP\x90\x12@\x02\x80\x94\xa8\xa1\xa5\
\x08x\xa4\xab\x83\xbb:\xde8w\x09\x80O\x00\x08\xe8\
Z\xb7\x82\x8e;X\xb3\x0a\x00`\x1f\x04\xbc\xf2\x0f|\
\xc06\x008\xf4\x18?\x00\x01\x95\x0a\x9c[S\x01\x80\
T!\x01\x01\x07Jpi\xd5{\x00\xf0]\x85\xdf\x80\
\x80\x87f\xe03\xfa\x00 \xf51\x02\x04\x94J\x00%\
\x00H%*@\xc0\x919\x80\x8f\x00`(\xf1\x17\x10\
\xd07\x01\xdf\xb0\x05\x00\xd2\x16~\x02\x02R\x02H\x00\
PK$ 4\xd7*\x09 \x01@-\xcdM\xa0\xd6\
\x84fxz\xb2\xb9(\x01#\x00\xf0\xc7\xc8\xcc\x17.\
T2\xe4\xd9\xde\x8b\x05\x1b\xc0>\x00\x80\xd7p\xe1\xc8\
\x8dyH\x03\xc7\x96-\x09-\x00\x00P\xab\xdc\x18\x9b\
\x864u\xe5VG[\x01\x00\x00\x1ainj\x1aM\
]\x94&f\xda\x0a\x05\x00\x00h4R\xca\xff\xf8\x11\
\x91\x017\xfc\x06j\x00\x00\x00\x00IEND\xaeB\
`\x82\
\x00\x00\x00\x84\
\x89\
PNG\x0d\x0a\x1a\x0a\x00\x00\x00\x0dIHDR\x00\
\x00\x00\x19\x00\x00\x00\x19\x02\x03\x00\x00\x00\xb9\x87m\xf0\
\x00\x00\x00\x09PLTE\xff\xff\xff\x00\x00\x00\xff\xff\
\xff~\xef\x8fO\x00\x00\x00\x01tRNS\x00@\xe6\
\xd8f\x00\x00\x00)IDAT\x08[c`\xc0\x00\
L+ 4W\x14\x84\xd6\x0ck\x00\xd3KC\x17\x80\
\xe9\xa9\xa1\x09\x10\x89\x00\x86\x81\xa1\x170`\x02\x00\xad\
\xe7\x0aB7\xd2~2\x00\x00\x00\x00IEND\xae\
B`\x82\
\x00\x00\x00\xab\
\x89\
PNG\x0d\x0a\x1a\x0a\x00\x00\x00\x0dIHDR\x00\
\x00\x00\x19\x00\x00\x00\x19\x02\x03\x00\x00\x00\xb9\x87m\xf0\
\x00\x00\x00\x09PLTE\xff\xff\xff\xff\xff\xff\x00\x00\
\x00\x8e\xf4\xc3\xec\x00\x00\x00\x01tRNS\x00@\xe6\
\xd8f\x00\x00\x00PIDATx^=\xce\xb1\x0d\
\x800\x0c\x05\xd1\xa4\x80\x1d\xd8\xe6\x0fA\x229\xb5\xb3\
Oh\xd8\x81-\x89\x9c\x83k^cK?\xfdm\xb8\
\x0b\x07:\x1aV-\xcb@G\xc3\xaae\x19\xe8\xcb\xf6\
\x84\xd5\xce\xb0q\xdfo\x85\x17\xaa\xc7_N\xd3\xe8p\
\xc4oY\xd6\x84^]I\x11\xba\x0fuZ\x95\x00\x00\
\x00\x00IEND\xaeB`\x82\
\x00\x00\x00\xbf\
\x89\
PNG\x0d\x0a\x1a\x0a\x00\x00\x00\x0dIHDR\x00\
\x00\x00 \x00\x00\x00 \x02\x03\x00\x00\x00\x0e\x14\x92g\
\x00\x00\x00\x09PLTE\xff\xff\xff\xff\xff\xff\x00\x00\
\x00\x8e\xf4\xc3\xec\x00\x00\x00\x01tRNS\x00@\xe6\
\xd8f\x00\x00\x00dIDAT\x18Wch`\x80\
\x82\x05\x0c\x0c\xa1! \xc6\x0c\x06\xc6U+A\x8ci\
\x0clS\xb3\x1c\x80\x8c\xa9\x0dR\x13 \x8c\x04\x18#\
\x02\xc6\x08\x831B[\x1d\xc1\xba\xa6\x86&\xb0-\x01\
3\xa2VHM\x00\x9b\x13\xc1\x00a\xcc\x98\x06e,\
\x801\x1aT\x1bD\x03\xc0\xd6\xab6@D\x188\x13\
\xe0\x0c\xa8\x14S\x03\xc3\x80\x01\x00$\xf4\x1f\xddW\x8f\
/q\x00\x00\x00\x00IEND\xaeB`\x82\
\x00\x00\x00\x82\
\x89\
PNG\x0d\x0a\x1a\x0a\x00\x00\x00\x0dIHDR\x00\
\x00\x00\x19\x00\x00\x00\x19\x02\x03\x00\x00\x00\xb9\x87m\xf0\
\x00\x00\x00\x09PLTE\xff\xff\xff\xff\xff\xff\x00\x00\
\x00\x8e\xf4\xc3\xec\x00\x00\x00\x01tRNS\x00@\xe6\
\xd8f\x00\x00\x00'IDAT\x08\x99c`\xc0\x0d\
\x1c \x14\xe3\x04\xb2\xe8\xd0\x10\xd6P\xa0\x09\x8c\xabV\
p\xad\x9a\x80\xe0\x93m\x1e\xdc=X\x01\x00K\xf4\x0d\
\x8c\xd6 \x22\xab\x00\x00\x00\x00IEND\xaeB`\
\x82\
\x00\x00\x00|\
\x89\
PNG\x0d\x0a\x1a\x0a\x00\x00\x00\x0dIHDR\x00\
\x00\x00\x19\x00\x00\x00\x19\x02\x03\x00\x00\x00\xb9\x87m\xf0\
\x00\x00\x00\x09PLTE\xff\xff\xff\x00\x00\x00\xff\xff\
\xff~\xef\x8fO\x00\x00\x00\x01tRNS\x00@\xe6\
\xd8f\x00\x00\x00!IDAT\x08\x99c`\xc0\x00\
\x22\x8c\x0e`\x9a\x91\x05*\x10@\x1b\x9a3\x8c4\xf5\
0\xf7\xc0\xdc\x87\x02\x00^\x9d\x06\x14T\xdc\x17\x03\x00\
\x00\x00\x00IEND\xaeB`\x82\
\x00\x00\x00\xa1\
\x89\
PNG\x0d\x0a\x1a\x0a\x00\x00\x00\x0dIHDR\x00\
\x00\x00\x19\x00\x00\x00\x19\x02\x03\x00\x00\x00\xb9\x87m\xf0\
\x00\x00\x00\x09PLTE\xff\xff\xff\x00\x00\x00\xff\xff\
\xff~\xef\x8fO\x00\x00\x00\x01tRNS\x00@\xe6\
\xd8f\x00\x00\x00FIDAT\x08[c`\xc0\x0d\
\x14\xa0\xf4\x0c\x08\xc5\x14\x06\xa19C\x1b\xc0\xb4jh\
\x02\x98\xe6\x9a\x05\xe13\x08\x80\x08\xa6U\xabf\xadZ\
\x05R\x05\x02\x0dp\x1a\x1d`\x91\x07\xebG\x98\x073\
\x1ff\x1f\xcc~\x98{\xe0\xee\x03\x01\x00V\x07\x14\x05\
\x94\xb6\xb7O\x00\x00\x00\x00IEND\xaeB`\x82\
\
\x00\x00\x00\xa1\
\x89\
PNG\x0d\x0a\x1a\x0a\x00\x00\x00\x0dIHDR\x00\
\x00\x00\x19\x00\x00\x00\x19\x02\x03\x00\x00\x00\xb9\x87m\xf0\
\x00\x00\x00\x09PLTE\xff\xff\xff\x00\x00\x00\xff\xff\
\xff~\xef\x8fO\x00\x00\x00\x01tRNS\x00@\xe6\
\xd8f\x00\x00\x00FIDAT\x08\xd7c` \x04\
V\xadj\x00\xd3SC\xa1t\x18D|j\x04\x94\x0e\
\x80\xd2!\x10z\x9a(\x84\x9e\xc1\xea\x00\xa6\x170\x06\
0At\x86pBhQU\x08\xcd\x0a5\x91\x11J\
sBi\xd5PT\x1ba.\xc0\x07\x00$,\x12=\
\xcf\x02\x09'\x00\x00\x00\x00IEND\xaeB`\x82\
\
\x00\x00\x00\xac\
\x89\
PNG\x0d\x0a\x1a\x0a\x00\x00\x00\x0dIHDR\x00\
\x00\x00\x19\x00\x00\x00\x19\x02\x03\x00\x00\x00\xb9\x87m\xf0\
\x00\x00\x00\x09PLTE\xff\xff\xff\xff\xff\xff\x00\x00\
\x00\x8e\xf4\xc3\xec\x00\x00\x00\x01tRNS\x00@\xe6\
\xd8f\x00\x00\x00QIDAT\x08\x99c`@\x07\
R\xabV\xad\x04\xd3\xa1\xa1\x99\xc8|\xb6\xd0\xd0\x14\x14\
:r&\x84\x0eK\x85\xd0S\xa7.\x01\xd1\x8cK\xc3\
&\x80\x0d\xca\x9c\xe5\x0010\x13bpf\x94\x03D\
~\xda\x04\x88\xfa\xd0%\x10\xf3\xa6\xa2\x9a\x0337-\
-\x05\x9f{P\x01\x00\xa7\xcc\x1d\xf4\xafY\x0b\x18\x00\
\x00\x00\x00IEND\xaeB`\x82\
\x00\x00\x00\xae\
\x89\
PNG\x0d\x0a\x1a\x0a\x00\x00\x00\x0dIHDR\x00\
\x00\x00\x19\x00\x00\x00\x19\x02\x03\x00\x00\x00\xb9\x87m\xf0\
\x00\x00\x00\x09PLTE\xff\xff\xff\x00\x00\x00\xff\xff\
\xff~\xef\x8fO\x00\x00\x00\x01tRNS\x00@\xe6\
\xd8f\x00\x00\x00SIDAT\x08[c`\xc0\x00\
\x5c\x0b \xb4f\x06\x84^\x1a\x05\xa6\x98\xa6\x865\x80\
\xe9\xd0P0\xad\xc1\xe8\xa0\x01\xa2\x970:H\x81\x84\
\xa70:\x88\x01%\xb8B\x18\x1dD\x81&p\x86\x02\
A\x02\x82\x86\x89\xc3\xd4\xc1\xf4\xc1\xcd\x81\x99\x0b\xb3\x07\
f/\xdc\x1d0wa\x05\x00\xdbt\x15\xc3\xaa\xe7N\
X\x00\x00\x00\x00IEND\xaeB`\x82\
\x00\x00\x00\x93\
\x89\
PNG\x0d\x0a\x1a\x0a\x00\x00\x00\x0dIHDR\x00\
\x00\x00\x10\x00\x00\x00\x10\x08\x04\x00\x00\x00\xb5\xfa7\xea\
\x00\x00\x00\x09pHYs\x00\x00\x0b\x89\x00\x00\x0b\x89\
\x017\xc9\xcb\xad\x00\x00\x00EIDAT(\xcf\xad\
\xd1\xcb\x0a\x00 \x08D\xd1\xf9\xff\x9f\xbe-$pz\
S\x19\xba\xe9\x80\xa2B\xeb\xa7\x7f@\x08\xaf\x06\x04\x80\
\xd7@\x06r(2\xb7`\x84\x94'\x98\x83\xd1\xe7\x01\
\xd8\x0c\xd9\x80\x9e\xd4M\xd8\xce^\xc1\xe5\xb1\x0a\x94\x0c\
P\xbe\xf5\x9f\x96\xe7\x00\x00\x00\x00IEND\xaeB\
`\x82\
\x00\x00\x00\xa0\
\x89\
PNG\x0d\x0a\x1a\x0a\x00\x00\x00\x0dIHDR\x00\
\x00\x00\x10\x00\x00\x00\x10\x08\x04\x00\x00\x00\xb5\xfa7\xea\
\x00\x00\x00\x09pHYs\x00\x00\x0b\x89\x00\x00\x0b\x89\
\x017\xc9\xcb\xad\x00\x00\x00RIDAT(\xcf\x85\
\xd0\xe1\x0e\x00\x10\x08\x85\xd1\xef\xfd_\xfa\xfa\x81tW\
\x96&\x9b\x0e\x1aD\x0e\x84\xeaN\x14\x90t\xeb\x06^\
a\xaf'\xcf`O#9#\xe5V*\x88~\xae\xf5\
\x11\xc0\xdfWa`'\xca-$\xf2\x05\x7f2\x00d\
_=\x80J\xec\xab;\xd2\x80>\x16x0t\x9a\xaf\
\x1e\xaab\x00\x00\x00\x00IEND\xaeB`\x82\
\x00\x00\x00\x91\
\x89\
PNG\x0d\x0a\x1a\x0a\x00\x00\x00\x0dIHDR\x00\
\x00\x00\x19\x00\x00\x00\x19\x02\x03\x00\x00\x00\xb9\x87m\xf0\
\x00\x00\x00\x09PLTE\xff\xff\xff\x00\x00\x00\xff\xff\
\xff~\xef\x8fO\x00\x00\x00\x01tRNS\x00@\xe6\
\xd8f\x00\x00\x006IDAT\x08[c`\xa0\x14\
h00p\x81\xe8%\x0c\x0cl\x0d\x0c\x0cLS\x18\
\x18X\x17\x00\xc5B\x80t\x06\x03\x03g(\x10D \
h\x988L\x1dL\x1f\xdc\x1c\xf2\x00\x00\xd3#\x0a/\
\x9a\xc397\x00\x00\x00\x00IEND\xaeB`\x82\
\
\x00\x00\x00\x8d\
\x89\
PNG\x0d\x0a\x1a\x0a\x00\x00\x00\x0dIHDR\x00\
\x00\x00\x19\x00\x00\x00\x19\x02\x03\x00\x00\x00\xb9\x87m\xf0\
\x00\x00\x00\x09PLTE\xff\xff\xff\x00\x00\x00\xff\xff\
\xff~\xef\x8fO\x00\x00\x00\x01tRNS\x00@\xe6\
\xd8f\x00\x00\x002IDAT\x08[c`\xc0\x00\
L+ 4W\x14\x84\xd6\x0ck\x00\xd3KC\x17\x80\
\xe9\xa9\xa1\x09\x10\x89\x00\x08Em\x1af>\xcc>\x98\
\xfd0\xf7\xc0\xdc\x87\x02\x004\xf9\x0dSv\x91\x98\xee\
\x00\x00\x00\x00IEND\xaeB`\x82\
\x00\x00\x00\xa1\
\x89\
PNG\x0d\x0a\x1a\x0a\x00\x00\x00\x0dIHDR\x00\
\x00\x00\x19\x00\x00\x00\x19\x02\x03\x00\x00\x00\xb9\x87m\xf0\
\x00\x00\x00\x09PLTE\xff\xff\xff\x00\x00\x00\xff\xff\
\xff~\xef\x8fO\x00\x00\x00\x01tRNS\x00@\xe6\
\xd8f\x00\x00\x00FIDAT\x08\x99c` \x0c\
V\xadj\x00\xd3SC!\xb4*\x94\xe6\x84\xd2\x8cP\
\x9a\x15J\x8b\xaaB\xe8\x10N\x10\xbd\x801\x80\x09D\
\xcf`u\x00\x8bN\x13\x85\x98:5\x04J\x07@\xe9\
\x08(\x1d\xc6\x80b\x1b\xccv\xfc\x00\x00 l\x12=\
\x08\x0c\xcfj\x00\x00\x00\x00IEND\xaeB`\x82\
\
\x00\x00\x00\x9f\
\x89\
PNG\x0d\x0a\x1a\x0a\x00\x00\x00\x0dIHDR\x00\
\x00\x00\x19\x00\x00\x00\x19\x02\x03\x00\x00\x00\xb9\x87m\xf0\
\x00\x00\x00\x09PLTE\xff\xff\xff\xff\xff\xff\x00\x00\
\x00\x8e\xf4\xc3\xec\x00\x00\x00\x01tRNS\x00@\xe6\
\xd8f\x00\x00\x00DIDAT\x08[c``\x10\
a\x80\x80L(=\x8dXz\x01\x94\x8ej\x80\xd0\x91\
\x19 JcZd\x1a\x98\x0b\xa5\xa7N\x0d\x0d\x03\xd1\
\xaa\xa1\x10\x9a\x13\x8df\x0a\x0d\x8d@\xa6\x19\xa6\x86&\
\xa0\xd0\xabV-\xc0J\xa3\x00\x007\xd6\x1aU%\x9d\
\xd9\x18\x00\x00\x00\x00IEND\xaeB`\x82\
\x00\x00\x00\x9b\
\x89\
PNG\x0d\x0a\x1a\x0a\x00\x00\x00\x0dIHDR\x00\
\x00\x00\x19\x00\x00\x00\x19\x02\x03\x00\x00\x00\xb9\x87m\xf0\
\x00\x00\x00\x09PLTE\xff\xff\xff\x00\x00\x00\xff\xff\
\xff~\xef\x8fO\x00\x00\x00\x01tRNS\x00@\xe6\
\xd8f\x00\x00\x00@IDAT\x08\x99c`\x80\x03\
..\x08\xad\xca\xda@\x0a\xcd\xa1\xca\xda\x04\xa2\xd5T\
Y;A\x02\xd3\x80t\x02\x03\x03S\x18\x90\x8e``\
\xe0\x0c\x0de\x0d\x0dC\xf0a\xf2p\xf50\xfd\xa4\xda\
\x0bw/\x18\x00\x00\xacP\x13\xb6\xd7\xdc\xaa\xe9\x00\x00\
\x00\x00IEND\xaeB`\x82\
\x00\x00\x00\xc9\
\x89\
PNG\x0d\x0a\x1a\x0a\x00\x00\x00\x0dIHDR\x00\
\x00\x00 \x00\x00\x00 \x02\x03\x00\x00\x00\x0e\x14\x92g\
\x00\x00\x00\x09PLTE\xff\xff\xff\x00\x00\x00\xff\xff\
\xff~\xef\x8fO\x00\x00\x00\x01tRNS\x00@\xe6\
\xd8f\x00\x00\x00nIDATx^\xad\xcd\xb1\x0d\
\x850\x10\x03P\xa7\xb9\x0d~\x01\xd3\xdc\x08)~6\
\x88\x90\x8ei\xd2\xd2\x07\xa4dJ\xb0\x8e\xdb\x00WO\
.l(\xde\xe4@\x0dX`\xd7@\x0bt\xfcJ!\
\x06\xd69\x88\xa9l\x88&\xb3\x13\xe7\xdfa\x1d\xb2q\
\xb5\x1a\xd2\xc1\x89l\xc0\xc6Q]\x15\x0b\x98\x07~#\
-\xcd\xe6\x90\xab\x13I\xe5 \x00\xee8\xf8\xc5\xf8{\
4\xdf\xe7\x06\xac\xb8\x1e\xf1\xedu4\x8c\x00\x00\x00\x00\
IEND\xaeB`\x82\
\x00\x00\x00\xc7\
\x89\
PNG\x0d\x0a\x1a\x0a\x00\x00\x00\x0dIHDR\x00\
\x00\x00\x19\x00\x00\x00\x19\x02\x03\x00\x00\x00\xb9\x87m\xf0\
\x00\x00\x00\x09PLTE\xff\xff\xff\xff\xff\xff\x00\x00\
\x00\x8e\xf4\xc3\xec\x00\x00\x00\x01tRNS\x00@\xe6\
\xd8f\x00\x00\x00lIDATx^u\xce\xb1\x0d\
C1\x08\x04P\xbb \x1b\x84y\x9c\x0d\x5c\xe4\xa7`\
\x83\xcf4.\x9cL`\x22\xc1\x94\xf1E\xa2\x8aB\xf3\
\x0a\xd0\x1d\xe5\xff\x5c\x8f\x06\xaa\xc4\x1dR\x84A\xf6\x87\
c!O\xd2\xbeU+2\xf6\xd9\xe9\x8d\xe7\xd6\xb5_\
\xd6\xd6d\x12\x5cl\xf5+\xf9\x0dZ\xd5\x03z\x91\x17\
<\x1b\xbf'r:\xc5\xc8\xdc\xec\xc9\xde\xfc#\xff\xfa\
\x99\x0f\x857$\x14\xff/s\xcf\x00\x00\x00\x00IE\
ND\xaeB`\x82\
\x00\x00\x04\xbc\
\x89\
PNG\x0d\x0a\x1a\x0a\x00\x00\x00\x0dIHDR\x00\
\x00\x00\x18\x00\x00\x00\x18\x08\x06\x00\x00\x00\xe0w=\xf8\
\x00\x00\x04\x83IDATH\xc7\xe5U{L\xd3W\
\x14\xae.\xf31\xb7\xcc97\xa3\x928\x89\xce\x0cu\
\xa2\xf8\x02\x05ZQTT\x9c`\xe9\x03P\x0a\xb2\x09\
\x22t T\xa5\xd4_}\x14\xca@2\x5cT6*\
2\x10\x83U\x08\x08-*j\xb6\x10`0\x11\x8bi\
'\x0c\x85)\xc2\x14\xab\xa2\x22\xcf~;\xbf\xa5f[\
\xf7r\xf1?w\x93/\xa7\xc9\xef\xde\xf3\xdd\xef\x9c\xef\
\x9er8/\xcd\x9a\xceg\x86\xb9\x09\x18O\xaeP\xb9\
\x8b'f\xf6\xf3D\x8c\xca]\xa4\x94\xb8\xf2\x19\x87E\
\xdeqo\xbcPr;g\xfeH\xcf\xc0\xbd\x97bT\
\xc5\xcd\xe9Y\xc6\xce\x94\x8c\xe6\x07I\x87\xae\xdd\x93\xa7\
V\xdc\x0a\xda\x96e\xf2\x0aI\xbe\xfc\x22$C\x9c\xd7\
~\xba.0ZcL\xc9h4G)\xbbz\x84\x91\
=\xfd\x82-O\xfa$q\xb7\x1fE(\xea:6\xc7\
\x176{\x04\xec\xbdD\x0a}\xa6\xac\xdc:\xfc?e\
\x9f\xbc\xc0{\xdc\xea\x90\x94\xfa\xafO\xb6?\x92%\x01\
K\x83\x80\xb9\x02`A\x00\xc0\x0b\x05\xd6J\x01\x89\xdc\
b\x89N\xecx\x12\xc9\x9ck]\xb6AU\xc7\x12q\
8\xcc\xd0\xe7\xab\xfd\x22?^\xb0,\xdb\x94W\x04\x88\
\xe3\x80\x85\x12\xc09\x0cX\xbe\x1dX\xa7\x04\xd6\x13|\
\xe4\x14w\x00\xc1\x0c\x10\x9b|\xb7\x9bU\xb4\xc4\x7f\xcf\
%\x9e8\xc1\xe9_\x09\x1c\x97H6\xc9\xd4\xba\x1bG\
N\x01\x82xR\xb0\x8d\xe2g@\x5c.\x90|\x1aH\
)\x01\x14\xf9\xc0\xe6C\x80h\x1f T\x00\x9fP\xdc\
\x96\xd4h\xf6\x97f\x1a\xdd\x85\xca\xd0\xbf\xca\xcb\xfd\x88\
\x19\xfd\xeb\x0f\x07\x17\xdf\x80\xad\x8c\xb6)O\x0f|L\
\x89\x03\xf6\x03\xf2\x93\xc0\xfe\x82\xe6\xfb\xca\x8c\xf2\xd6\xbc\
\xf2F\xf3\x05S\xdf@~-\xa0\x22\x95\x9b3\x88\x84\
\x08\xfcI\x994\xb9\xbb/|\x97\xfe\x06W\xc4l_\
,f\xec\x9f%w\x13&\x88\xd7\x84\xa6\xd6\x93\x0bE\
\x1c\xfb\x19\xbcU\x1bb5F}\xa5\xc5\xa2\xc8\xa1\x12\
\x1c\x03RK\xeev\xaf\x0bK\xbb2\xd3U\x980o\
ex.?\x22\xdd\x90w\xce\xd8\xf9Mc\xff`v\
%\x10\xaf\x056\xa6\x93\xd2=D\x98\x08\xc4$\xd6\xff\
\xbcbcb\x9d\x9b\x98\xf1r\xf5\x93\xef\xe0\x8a\x955\
\xc5g\xcdO\xc9\xee\xa78\xa3\xde\xb2\x9b\xe9%Q_\
>\xaekyx\xf4<\xdd\xbc\x8c\x08\xb4\xc6{n\xeb\
w&\xd1e\xde!L\x9d\xf8\x81K\xa0\x93ghv\
\x8c\xfaD\xe3\x05\xc3\x9d'z\x13\xed;\x0b\x84\x1f\xa1\
\xbe\xa9\x81\x0dD\x14\xb1\xbb\xe5a\xa8\xbc\xe4:\x9b\xfc\
\xe8\x09\x0b\x0a\xf5=\xfd\xf4\x96\xce\xb3\x8a\xc6MuZ\
\x1e%\xdd\xa7m\xba\xd80`\xc9\xaf\x014gZ\x1e\
\xae\x90$\xd6q\xb9\xcc\x08\xfa>\x8c0\x96\xf0\xa1\x83\
\x8b\x0f\xe3\x1b\x9ev\xe5X\x99\xe1NU+\x90YE\
\xb7\xa7\xfe\x88\xd3\x08\xc9l\xd9,\x10\xc9\x06-!;\
\x01uFW/W\xcc\x9cf\x09^#\xcc\x98\xed\x19\
\xa2\xd1\x14\xd0\xc1\x1f\x81s\x0d\xdd\xfd\x81\xb1\x87\xaf\xba\
\xf8\xc4O\xb2\x96\x95\xb5\xe4(\xc2{\x13\xec\xe7\x8a\x1c\
=\x82\xb3R\xb2\xcb\x7f\xaa\xb990\x98\xfd=\x90P\
\x0a\x04i\x80U\xd4\x1bn4\xb0\x9a\xac\xbd\xeb\x0b\x22\
\x10)\x8b\x9f\x1d\x1e;q\xda<?\xb6T\xc5\x15\xb7\
\xba\x0cm\xc0Am\xe5m\x92\x18gc\x8eW\x09\xef\
RX0\x8b\x17t8\xe1@QsU\x9b\x05_\xd6\
\x91\xab\xc8m\xfe\x99\xc0J\x15\xe0K\x06\xd8}\xe47\
\x82g\x07\xed\xde\x9f\xbf:\x9a\xbf%\xddPV\xdd\xfe\
\xc8\xd4n\xb1\x04\xc4\x1cl\xe0\x09\x15\x1e6$\xaf\x10\
\xc6\x10\xe68zH\xbe\x8aT\x1d\xbfVH\xaa\xd3\xbe\
\x03d:\xb20\x99$2\x0b\xf8\xbc\xf0\x8f\x04\xecb\
\xeb=y\xda|\xefX\xbf\xa8\x03\x863\xb5\xed\x8fu\
\xd57\xbb\x96\xd2\x88p\xe2\xcb\xde\xb4!\x19\xba\xd0[\
\x1a\xc6\x15*\xaa\x9b\xcc\x03\x83U\x1d@\xf1u \xc7\
\x00dT\x03Y\x15\x80\xae\xf6q\x1f5\x5cg\xfb>\
F\x12\xec\xa7\xbb\xf0\xa3\xbdB\xd4\x97s\xf5\xc6\xce\xf4\
\xbc\x8a6\xf6\xd5\xda\x8c\x06\x9a\xbc\xf2\xd2r\xd3\x9d\x9e\
o\x9b\xee\xf7\x9d\xbff\xee-5\xde\xeb-\xba\xda\xd9\
[\xd4\xd0\xd9{\xc6\xf8\xa0\xaf\xb4\xbe\xe3)\xbd\x0f\xed\
\x9f\x06\x9fU\x89\xdd\x94\xd9\xcb\xbc\x97\xd3\xdc\xd9s\xa8\
\xac%L\x99\xf3\xc3bA\xc2\xac\xdf\xed{}\x8e\xe7\
\xa6\xd8\xc5\xfc\x1dg]\xf9\xf1\x17m\xe1.\x90_t\
\x17*\x0ah\xf4\x0b\xfen\x82\xb0=y{\xc4\xe8\xf1\
\x93\x9c\xd7HE\xce\xbe\xdbg\xdb|\x1ff\xed\xc3x\
\x1bL\xb0\xc61\xd6=\xff\xb8\xd8f\x0e\xb7n\x1c\xf2\
\xf2\xfc\xb5\xfe\xff\xd6/l\x95\x8bE\x0ff\xda\xe6\x00\
\x00\x00\x00IEND\xaeB`\x82\
\x00\x00\x02\xa5\
\x89\
PNG\x0d\x0a\x1a\x0a\x00\x00\x00\x0dIHDR\x00\
\x00\x00\x18\x00\x00\x00\x18\x08\x06\x00\x00\x00\xe0w=\xf8\
\x00\x00\x00\x04gAMA\x00\x00\xd6\xd8\xd4OX2\
\x00\x00\x00\x19tEXtSoftware\
\x00Adobe ImageRead\
yq\xc9e<\x00\x00\x027IDATH\xc7\xdd\
T]o\x12A\x14\xedO\xf3g\xf8S\xf6\xb1&\x1a\
\x13\x9f\x9a\x18\xfd\x01V_\xfah\x0d\xb5\x88Phi\
\x90]\x0a\xc6\x16X\xa0\xb0,l\xf9\xb0\x14\xac\x8d\x0f\
\xb03\xc7sg\xd5\xfa\x01\x8d&\xf0P\x1f&\xf7\xce\
\xb9w\xce\xd9\xbdw\xee\xac\xdd\xb9\xbbnq9+Z\
\xd6\x9a8\xfbm\x8d\xf5X\x88\x97\xc7S\xbc=\x05\x1e\
\xa5\x80XY\xe1uU\xe1~\x1c\xd8>\x9e\xd1\xd7\xb8\
\x17S\x88\x11{S\x07\x1e&\x80L\x1b&\xffA\x5c\
\x99\xfcD\xe3\xfa\xeca\x17\x10n#\x90\xf6\x14\xe25\
`\xa7\x12\x1d\x96D9(\xfbW'3\xec\xba\x1a\xc9\
f\x84'\x1a\x92\xab):E\xaa%d!\xf6h\xb7\
?L\x8d\xddeL8\xb2?\x09\xac\xb6D\x00V\xba\
\xfe\x00\x96\xfcG\xd6<\x01g\xb3\xa4\x91a=3\xac\
\xfbF\x8a5\xad\xce\x90\xac+<9\x00\xd2\xcd\x08\x7f\
\x9ae?\xdc\xd0\xec\x1f\xef\x03)\xf6F\xfc\x8d=m\
|\xa7\xf7\xad\x07\xf3\x04\x8a\x03!\x09\x91\xf3\xe5`\x88\
dm\x86,oL\xd6\x8b\xf6\x99\x966V\xb0\x03\xfa\
\xe9Smb\x99fd\xdf\x05@\xe1\x06\x01\xeb\xf65\
y\x85W\xd5\xfaQ\xf7\x18\x87\xc3\x09\x14J\xac\xdds\
[\xc3\xe6\xa0\xe4\xbc\x10\x9b\xb6\xc2\xd1\x99\xc4\x80\x17\x0e\
Pd<\xd7\x0a\xf1,\xcfF\x06\x1a\xa5~\x84\xdb\x1d\
\x85\xf7\xf4\xb7J0\xf9\xc5\x9e\xba\xee\x818\xee\x05\x03\
<\xe00\xf1\x88d\xa5\x9eF\xa1\xabI6C\xbe\x1d\
\x9a\x98\xed\x93\x84\x02\xb2$&\x1f#\xb8\xec\xc5\xff\x1e\
\x17\x8e\xfa\x18\xbf\x08X\xff\xcf$/\xf9\xdaZ\x7f#\
\xe0x\x9f\x80r\x9f\xaf(\x9f\xec\x06{U\x19(\x0e\
\x1a\xe0~\x8c\xf0\x9d\x93\x10\xee\x90\xbd\x09\xf8\xf2\xf2\xa9\
\xae\x0c4\x9a\x93\x05\x836O\xc0\xbf\x04\x9a$\xae\x91\
\xb0qN\x91\x91F\x95\x22\xe5^\x08\x8fDu\xc1\xce\
\x19\x1bQt\xa8M\x9e\xf7\x0f\x02\xd6\xedk\xf2\x12\xaf\
\xad\xb5\xb0\xee\xfd+\xc0g\x1dm\xbe\x98g\x9fY\xd3\
\x0b\x0eZ'\xc2Z#E\x5c\x1b+\xfb\x02\xa7>`\
\x9f\xba\xbc\x0c\xf9V\x84\x05\x97zq\x0f$\xd0\xbb\xd2\
\xf0\xc7\x0a\x9d\x89Fw\x22\x02\xcaX!i\xd3\xf7\xc7\
\x8cO\xa2%\xe4\xbf\xfb\xc3/\xb8Q`i%\xfa\x0a\
+\x855~\xfc~J\xed\x00\x00\x00\x00IEND\
\xaeB`\x82\
\x00\x00\x0a\x8b\
\x89\
PNG\x0d\x0a\x1a\x0a\x00\x00\x00\x0dIHDR\x00\
\x00\x00\x80\x00\x00\x00\x80\x08\x06\x00\x00\x00\xc3>a\xcb\
\x00\x00\x00\x04sBIT\x08\x08\x08\x08|\x08d\x88\
\x00\x00\x00\x09pHYs\x00\x00\x0b\x13\x00\x00\x0b\x13\
\x01\x00\x9a\x9c\x18\x00\x00\x0a-IDATx\x9c\xed\
\x9d]L\x1c\xd7\x15\xc7\xff\xf7\xee\x87\x17\x02KH\x00\
\xd7\xe04\xf5\x8215`bLT\xbb\xb1\xb5Rq\
\x0bU,\x1b\x13\x91\xf6\xa5\x8a\xa3\xc6\x0fU\xa5>\xd8\
\xfdL\x94\x08\xcbj\xf3\x92>4o\x95\x9f\xda>T\
\xb2\xe3Z\x08\xc7XN@\x228\x89\xedJ)\xc2n\
\xdd\xc4\xd88\xaa\x9b\x18c(\xb0\x0b\xce\xc2ro\x1f\
`\x17\xd8\xdd\x99\x9d\xd9\x9d\xef\xb9?i\xc503;\
\xf7\xec\xbd\xff9\xe7\xdc{\xe7\x03\x10\x08\x04\x02\x81@\
 \x10\x08\x04\xee\x82\xa8\xdd\x7f\xff\xfe\xfdu\x8c\xb1\x1a\
\x00%j\x0b\xa3\x9co\x8es\xfe\xb4\xda\xef\xb9\x09J\
\xe9]\x00\xff\xcd\xb4\x8ds\xbe\xc4\x18\xeb\x1b\x1c\x1c\x9c\
\xd6\xaa<E\x02\xe8\xea\xea\xf2LNN\x1e!\xc0\xaf\
\x01\xd4hU\xb8 7|\x0b\x0b\x15\x17/_\x9e\xd0\
\xe2XY\x05\x10\x0e\x87\x1f\xf7\x12r\x1a\x94~W\x8b\
\x02\x05\xf9\xc3\x81\x1b\xfe\x85\x85\xefh!\x02Y\x01t\
uu\xf9\xa7&&\xde\x07\xa5\xfb\x00 Z\x1c\xc2\x17\
\x9b\xbf\x8fh\xb0\x1aK\x9e\x80\xaa\x82\xfc_M\xa2\xe9\
\x93\xd7\x01\x00\xad\xad\xad\xe8\xec\xec\xcc\xd5f\xcd\xe0\x00\
\xc0\xf9\xea\xff\x9c'\xd7\xf1\x95\xf5\x89\xbf\x7fx\xfbm\
\x8c\xdd\xb9\x93w\x99\xc7\x8e\x1dCYyy\xda\xfa\xde\
\xde^|\xfc\xd1G\x00\x80\xe1]\xbf\xc5\xe2\x86\xd2u\
\xdb)[\xc0\xcek\xbf\x00e\x8b\x09\xdb5\x11\x81W\
n\xe3\xe4\xe4\xe4o\xc8J\xe3\x7f\x1e\xfa\x01n\xd7\x1d\
\x05W\x9d6,\x13\x98\xbf\x9f\x5c\xdeZ[\x8b\xdam\
\xdbr:\x8e\x96\xf0\x94\x86N6~\xe2\xef\x9a\xe5@\
@\x9d\xe0\xa5\xd8\xfc\xd4S\xa8\xac\xaaJ[\x1f\xaa\xae\
N\x0a ZR\x8dX ]$\x83\xdf\xebE\xe3'\
\xdd({p\x05\x04hX\xf0\xfb\x07\xda\xf7\xee\xcdK\
\x04TjC{{{\x903\xf6K\x00\x98,\x7f\x16\
\xa3\xdbro|+\x92l\x5c\xac\x9e\xe5R\x8d\xcf3\
\x1e\xc1x\x18\xf5\xe1zs7\x1eV\xec\x06\x00\x10\xa0\
!\xe6\xf3\xf5\xb7\xef\xdd\x9b\xae\x16\x85H\x0a \x16\x8b\
=O)-\x04\x96\xcf~\x10g5\xfe\xcaBf\x0f\
\x90A\x10V!U\x04\x94\x90\xc6|D )\x00B\
Hcby\xe6\x89\xfa\xe5l!\xdf\x8f\x05X\xd7\xe0\
)q\x1e)^\xc14\x0f\x90\xa5\x1e\x99\xc7\x87\xeb\xbb\
\xb4\x11\x81\xb4\x008/\x07\x00\xe6\xd9\x00F\xfd\xea\x7f\
\x84\x05I;\xdb3\xad\x93\xf0\x00\xd6\xf1\x01\xcb0\x9a\
Y\x04\xe1p\xb8L\xcdq$\x05\x80\x95s\xd6)q\
?\xe3\xd9.\x95\x00fZg\xa10\x90 \x93\x08(\
\xa5\x03jD '\x00\xc7\x90\xda\xf8\xaa\x13@\x0b6\
~\x82\x84\x08&+\xbe\x05@\xbd\x08\x94\x09@\x8b\xf8\
o\xb2#\x91s\xf5\x19\xe3\xbd\xd9\xee_E\xbd2\x8f\
\x0f#-'\xd6\x89\xc0K\x88\xa2p\xe0x\x0f\xa0:\
\xd9\xb3\x99\x07H\xc0\xe8z\x11\x80\xd2\x1dJD\xe0h\
\x01\xe4\x9a\xec\xa5\x09\xc2P\xabsgY\x04\xddi\x22\
hmm}R\xea;\x8e\x15@^\xc9^\xaa l\
\xe0\x01\x120\xeaO\x13\x01\xe7\xfcWR\xfb;2\x07\
\xc8'\xd9\xcb\xe4\x01\x0c'\xcfzf\x1e?F\x9e\xed\
^=\x1c\xe7A\xa9\xa2\x1c\xe7\x01\xf2M\xf6\xb8\xcd=\
@\x02F\xfd`\xd4\x97u?G\x09@\xabd/S\
\xe3\xdbO\x02\xca\x90\x9d\x0dL\xa2\x85\xfb6(\x04\xe4\
\x9b\xec\xa5z\x80\xb5\xc74\x0c\x03C\xa6c<@.\
\xdd=)W\x9f\xd1\xfd\xdb0\x0c(\xc1\x11\x02P\xd2\
\xddS\x9a\xec\xad\xf5\x00i\x82r \xb6\x17\x80\xd2\xee\
^Z\xbf^\x81\x07Xw|\x87b\xeb\x1c \xaf\xee\
\x9eT\xe3[\xc1\x03\x88\x1c ;yw\xf7R\xd6%\
\x8fiv\x02h0\xb6\x14\x80\xaa\xa9]\xa9\xee\x9e\x8a\
\x04\xd0\xc9\x22\xb0]\x08\x90L\xf6\x90\x22\x88\xc4_\x8d\
\x12@C% B\x80\x0cRg\xbb\x1a\xf7\xaf2\x01\
t\xb2\x07\xb0\x95\x00\xb4\x9c\xdaU\x9b\x00z\xa86U\
\xe5\xf1*s\xbaFa-kd\xd0rjW.\xd9\
\x93\x8a\xfd\x1d\x87\x0fc!\x16C<\x1e\xcf\xf97l\
\xaf\xafGEEE\xce\xdf\xd7\x03[\xe4\x00zL\xed\
\xcay\x80ue\xae\xd0\xd4\xd4\x84\xa6\xa6\xa6\xdc\x7f\x84\
\x1aD\x0e\xb0\x8a\x19\xc9\x9e\x93c~*\x96\x16\x80\xaa\
\xee\xde\xda\xe5<\x92=75>`a\x01\xa4\x9d\x99\
9x\x00@}\xb2\xe76\x8c\xcb\x01r@\xeb\xee\xde\
\xbac\x22\xb3\xc8Lcm\xd9N\xcc\x01\x96|\x85\xc9\
\xe5h4*\xbb\xafQ\xdd=\xa4\xae3\x91h$\x92\
\x5c^\xf2=fX\xb9\x86\x09`\xd1\x1fD\xe4\xf1\xe5\
\x87\x8b\xbcw\xe9\x12fgg3\xeegvw\xcf\x0c\
\x22\xb3\xb3\x18\x1a\x1a\x02\x00\xcc\x96\xd6!\xee-\xcc\xf2\
\x0d\xed04\x04\xdc\xa9\x7f\x19M\x1f\xbe\x86\xf1\xf1q\
\x1c}\xe5\x15\xec\xdb\xb7\x0fEEE\xc9\xedk\x1bb\
\xdd\xf2\xf2\x8a\xac\xdb\xd2\x96\xe5\xb6\xa5\xeeg\x12\xf3s\
s\xb8r\xe5\x0afff\x00\x00\xb7\xeb_64\xe4\
\x1a:\x10\xf4\xf0k\xbb1\xdap\x1457Naj\
j\x0a===F\x16oyn\xed\xf8\x09\xa66\xb6\
\x18Z\xa6\xe1#\x81\x9fo\xfb!\x22\xa5\xb5\xd8r\xf3\
\xcf(\x99\xfc'\x08gF\x9b`)8\xa1\x98.k\
\xc4X\xdd\x8f\xf0\xbf\x8a\x9d\x86\x97o\xcaP\xf0TE\
3\xa6*\x9aAX<\xf9\xcc\x1b\xb7\xc2<~p\xe2\
1\xad|S\xbb\x81\xdc\xe3\xc5\x92\xc76\xd3\x11\x8e\xc4\
\xb2\x03A\x02c\x10\x02p9B\x00.'{\x00\xb6\
\xc0\xc3\x1d\x04\xfa!<\x80\xcb\x11\x02p9\x96\x9e\x0d\
\x14\xe8\x8f\xf0\x00.G\x08\xc0\xe5\x08\x01\xb8\x1c\x91\x03\
\xb8\x1c\xe1\x01\x5c\x8e\x10\x80\xcb\x11\x02p9\x22\x07p\
9\xbaM\xc6\x17F\xee\xa1`\xeeK\xbd\x0e\xef*\x1e\
\x15Ub\xbe(\xfd=CZ\xa0\x8b\x00\x0a\xa2_`\
w\xdf\x8fAX\xee7R\x0aVa\xd4\x8b\x8f\x0f\xfc\
\x05_\x15j\x7fc\xa9.\x8f\x8a\x0d<\x9a\x10\x8d\xaf\
!\x94\xc5Q\xf2\xf0\x86.\x8f\xe6\xd5\xfdz\xacC\x87\
\x0e\xe1\xdb\xcf=\xa7w1\x8ed\xe8\x83\x0fp\xfe\xfc\
y\x00@\xec1}n+\xd7]\x00;\x9b\x9b\xd1\xdc\
\xdc\xacw1\x8e$\x1a\x8d&\x05\xa0\x17\xa2\x1b\xe8r\
\xf4\xe9\x06\x8an\xa3>\xe8P\xaf\xc2\x03\xb8\x1c!\x00\
\x97cH\x080\xfb\xee[G\xa0\xd3\xc5\xb9\xc2\x03\xb8\
\x1c\xdd\xbb\x81\xd9\x9e\xbbs\xf3\xe6M\xdc\xbe}[o\
3,IMM\x0d\xea\xea\xea$\xb7\x1b\xe19M\xbd\
1\xef\xf2\xd0\x10N\x9e<i\xa6\x09\xa6\xd3}\xe2\x04\
\xf6\xec\xd9cZ\xf9\xfa\xbc5L!W\xaf^Uc\
\xab#Q\x5c\x07:\xbd\xa5M\xf7\x1c \x11\x022}\
v\xb5\x18\xfb0\x04+\xd2\xd2\xd2\x22[Gzcj\
\x08\x08\x87\xc3x\xa2\xb4\x14\xa3.\xcd\x01jkkQ\
__o\xaa\x0d\x86\x08@N\xc9\x0d\x8d\x8dhhl\
4\xc2\x0cKbv\x17Y\x0c\x05\xdb\x05\x9d\xc6\x01\xf4\
\xef\x06\xc2\xfc'q\xd9\x15#\xeaM\xff\x10\xb0\xe6\xa1\
\x8c\x02\x95X&\x09\x14!\xc0\x1a\xd82\x04d\xe9\xce\
\xcc\xcf\xcfc\xe2\xc1\x03\xbd\xcd\xb0$\x15\x1b7\xa2\xa0\
\xa0@r\xbb\xe3\xbb\x81\xb7n\xdd\xc2k\xaf\xbe\x8a\xb9\
\xb993\xcd0\x8d\xe2\xe2b\xfc\xee\xcd7\x11\x0a\x85\
L\xb3\xc1\x90\xc9 .\xf1\xe9\xbbp\xc1\xb5\x8d\x0f\x00\
\x91H\x04}}}\x92\xf5c\x04\xc6\xe4\x00\x12\xael\
Se\xa5\xca\x03;\x8f\xaa\xaa*e\xc9\x9e]\xbb\x81\
rttt\x801\x86\xd1\xd1Q3\xcd0\x8d\xda\xad\
[q\xe0\xc0\x01Sm0u\x1c\xc0\xe3\xf5\xa2\xeb\xc5\
\x17\xf56\xc1\xf2H\xd5\x8f\x18\x07p;\x96\xe9\x05\xe4\
\xf3\xca7\x88\x91\xc0\x5cYWo\xb6\xcd\x01\x84\x07\xc8\
\x1d\xcbx\x80<\x10\x1e\xc0\xda\x88\xa1`\xbb\xe0\xc4\x10\
0==\x8d\xdf\xbf\xf5\x16\xc6\xc6\xc6t7\xc3\x8aT\
WW\xe3\xf8\xf1\xe3\x08\x96\x94\x98f\x831\x17\x84H\
\xac?{\xf6,FFF\x8c0\xc1\x92\x0c\x0f\x0f\xe3\
o\xe7\xce\xe1\xa5#G2nwF7\x10\x90\xf4\x00\
\x22R\x00\x84\x10\xe9d\xcf2I`\x1e9\x80\x5c\x12\
\xd8\xf9\xc2\x0b\xf8\xcf\xbd{\xb8\xe3\xd2k\x02\xabkj\
\xd0q\xf8\xb0\xf2\x81 \x1dr1S\x87\x82\x83%%\
x\xfd\x8d7\xcc4\xc1\xf5\x98~=\x80@\x06\x03\xea\
M\xdc\x1b\xe8r\xf4\x1f\x07\x10#\x81\xda`\xdbq\x00\
\x88\x91\xc0\x5c1\xa2\xdeD\x08p9\xc6\xcc\x06J\x84\
\x80x<\x8e\xb3\xef\xbc\x83\xbbw\xef\xe6^\x80\x8d\x09\
\x85B8\xdc\xd9\x09\xaf7s3\xac\xab7;\x87\x00\
)z{zp\xe6\xf4i3M0\x95\xbf_\xbb\x86\
\x0d\x81\x00\x0e\x1e<h\x9a\x0d\xa6\xce\x05\x8c\xbb\xf4r\
\xf0\xb5\x8c\xdf\xbfo\xeaH\xa0\xfe\xb7\x87\xcb|\xda\xda\
\xdaPTT\xa4\xb7\x09\x96%\x18\x0c\xa2\xad\xad\xcd\x05\
W\x05K\xf0\x8d-[\xf0\xc7S\xa7\xf0pbBe\
\x01\xce\xa0\xac\xbc\x1c~\xbf_\xd9\xce\xb6\xcd\x01\xb2\x8c\
\x04\xfa|>W_\x1e.W7\xa2\x1b(\xd0\x1dc\
f\x03\xc5H`N\xa4\xd5\x9bxN\xa0@k\x84\x00\
\x5c\x8e\x5c\x08\x88\x03X~\xf3\x07\xe7\x00\xc9\xcd\xff\x88\
\xe9\xe0<\xc8\xa3\xde\x088\xc8R<q\x9cE\xa9\xfd\
$=\x00'd\x0cX~]I`n\x5c\xb7g\x05\
\x0a\x14\xa2\xb2\xfe\x0bf\xee\x81\xac\xf4#8\xa5\x92\x97\
\x5c\xc9\x85\x80\xbe\xc4\xc2\xa6\xcf\xde\xcb\xd3z\x81\xd1l\
\xfa\xecRr\xd9\xbb\xb4tQj?I\x01\x0c\x0c\x0c\
\x8cp\xa0\x1f\x00\x9e\x1e\xfe+\x8a\x1f\xba\xf3\x0e^;\
\x12\x9c\xf8\x14_\x1f9\x93\xf8\xf7\xc2\xa5\xc1\xc1\x7fK\
\xed+\x9b\x04r\xce\x7f\xca\x18\x9b\xf3\xc4ch\xee=\
\x86M\x9f^\x04\x15o\x03\xb3,\x94\xc5Qu\xf3]\
4\x9f\xff9\xe8\xd2\x22\x00D\x18\xe7?\x93\xfbN\xd6\
h\xdd\xda\xda\xda\x0e\xce\xcf\x01\x08\x00@\xdcW\x88\xe8\
\x93!0_\x00\x5c\xe2\xeb\xbeX\x04\xc1\x07\xab\xa2\xdb\
\xf1\xcc3*~\x86 \xc1\xc8\xf0pryv\xe37\
\xb1\xe8\xcf<oB\xc0\xe1Y|\x84\xa2\xa91x\x16\
\xe6\x13\xab\x1f\x81\x90\x83\xfd\xfd\xfd\xef\xcb\x95\xa1(]\
\xdb\x1f\x0e\xb7pB\xfe\x04J\xb7+3]`&\x8c\
\xf3\xeb\x94\xd2\x97\xfa\xfb\xfb\xff\x91m_\xc5\xf9z8\
\x1c\xf6z<\x9e\x0e\xcey\x07\x80\xed\x94\x90BI\x03\
\x18#\x94\xd2J\xce\xb9\xc2\x99\x0e\x81\x1c\x84\x90\x18c\
\xecKJ\xa9t\xbf\x90\xb19\x10\xf2/\x02\x9c+-\
+\xeb9s\xe6\xcc\x92\x81&\x0a\x04\x02\x81@ \x10\
\x08\x04\x02\xdb\xf0\x7f\x9b\xdd\xc9#y\x9dh\xbc\x00\x00\
\x00\x00IEND\xaeB`\x82\
\x00\x00\x02s\
\x89\
PNG\x0d\x0a\x1a\x0a\x00\x00\x00\x0dIHDR\x00\
\x00\x00\x18\x00\x00\x00\x18\x08\x06\x00\x00\x00\xe0w=\xf8\
\x00\x00\x00\x04gAMA\x00\x00\xd6\xd8\xd4OX2\
\x00\x00\x00\x19tEXtSoftware\
\x00Adobe ImageRead\
yq\xc9e<\x00\x00\x02\x05IDATH\xc7\xdd\
T\xddN\x13Q\x10\xe6\xd1|\x0c\x1fe/5\xd1\x98\
xeb\xc2\x03X\xbd\xe1R\xb4j\xa9](\xa9\x12\
\xf6\x08\xc5`i\xbb\xfd\xd9-\xdbn\x89P\x10\xb9r\
w\xce\xe7\xcc\x9c\x10\xa3\x12\xac)\xeb\x85\x17\x933\xff\
\xdf\xd9ov\xce\xd2\xad\xdbw<\x16S\x90xK\xa2\
\xbcK\x80r\x8b\xf0\xa2\x95\xe3\xa1\x0fT{\xce\xbe_\
!\xbc\xed\x03\xf5\x18xP\x05\xd6B\xf6\xb7\x09w\xcb\
\x84\xd7m\x8b\xd5\xfd\x0c\xf7*`\x9d4_j%\xff\
\xf9\xfe7,o\x13\xa4\xb7\x024\x12W\x5c\x8f\x807\
]\x8b\xf5\xa1K\x92\xb3\xcc\xa0>\x9f\xablK\xac\xda\
#\xbd@m\xc0\xb9\x1d\x8b\x97\x9f2\xbc:p\x17\x11\
\xbf^\x82m\xe9y\x09P,E\x00\x0a\x95\x9f\x8c\x1b\
\xfa\x1a\xef:\x00\xf3\xf4#\xb0\xc1\xfc\xfa\xcc\xf5\xe3M\
\xa7W;9\x96\x1b<\xa3\x81\xb3E\xaf\x85\x84\xb5v\
\x86G\xbeU\x7f\x9d\xe7TjZ\xe5\xfdZ\x80\xdd#\
id\xd1\xe0\x81o\xf4-6\x87\xac\xc7\x02\x98\xab\xdf\
\x0fs\x8d\x89\xaf\xd6\xcd\xd4~?\x92\x9a\x1cR\xfb'\
\x80b)*d\xc8\xffd\x93wS\xc2\xce\x04\xd8\x8a\
\x08+M`o\x0a\x04\x87\x84g\xc6\xe9fl\xf1\x84\
7s+b\x9eS\xa8\xdf\x8c\xa15%\xf1\x0fs\x04\
\xbcX\xa5\xc0\xa2\x99J\x8c7;\xfc\xb1h&<e\
'7\x14\xd9\xe3\x84`D\x9a(\xfa\xce\xd8\x15}H\
\xac\xda\x97q\xf1o\xc797\xcf4\xd6L-\xfb\x5c\
\x1f\x89uf\xff\xe5&\xff*s~\x9d\xb7\x08\x80\xe9\
\xcf\x98\xcf\xcf\xb2h\xc0\xc1\x11\xa1\xc7\xdcV\xf8\xa9n\
M\x09\xd1\x97\xdf\x17\xeb\xaf\x01&\x17@+\xcd\xd1\x96\
\xe6'\x16\xbdc\x8b.\x03\x0e\x18ht\xbe8@\xb1\
\x14\x152\xe4\x05\x7f[o\x1e\x003e\xde\xc7\xe7\xb2\
\x5c\xcc\xf3\x190<!\x04\xb1\xd5Sl\xc3\xafg\xc4\
\xc3\x9f|\xe5\xa5\x8b]\x8e\xd4\x5c5\x8f+\x01\xd2\x0b\
\xcbEVA\xe4T9\xb5\x88g\x84\x84\xff\x9c\xe4L\
\x00H\xcfC\x8d\x11\xa4f^\x80\x1b\xa5\xe8;\x80m\
<\xea-*\x08\xd7\x00\x00\x00\x00IEND\xaeB\
`\x82\
\x00\x00\x06-\
\x89\
PNG\x0d\x0a\x1a\x0a\x00\x00\x00\x0dIHDR\x00\
\x00\x00\x18\x00\x00\x00\x18\x08\x06\x00\x00\x00\xe0w=\xf8\
\x00\x00\x05\xf4IDATH\xc7\xb5Ui\x8c\x13e\
\x18~\xe6\x9ei\xb7\xd3k\xbb\xdb\xa5t\xd7e\x0f@\
e9\x04/\xc2\xa1\x89\x02\x11\x05\x89\xc4\x18\xe5\x971\
*\x11L4\xfeS\xd1\x1f&\x9a\x98\x18\x13\x05\x95_\
&\x8bQc\xe2\xf1C\x0d\xabx\x1fh\xdcU\x0ea\
O\xd8\x02]\xda\xdd\xde\xd3\xe9L\xdb\x99\xf1\x9dJ\x1a\
\x08b\xfc\xe3$\xef|3\xdfd\xde\xe7=\x9e\xe7\xfd\
\x18\xc7q\xf0\x7f^\xfc\xbf}\xbc\xf1\xf9\xc3\xaaVq\
\xd6\xad\x5c\xdc\xfd\x84a\xd7\xe2C?\x1c\xf1(\x1e\x9f\
\xb0\xb8\xab\x831k\xc6hI7\x0f\xfc>\x95\x1et\
\x067\x15\xaf\xe4\x83\xb9R\x06\xf7\xbe\x95\xd8\x1d\x8f\x84\
_\x1e\x1a>.\xdc\xb00\x8e#\xe3\xd3`l\x07\x0c\
'\xe1\x86%K\xe0\xd4\x0c\xe8\xda,\xb2\xa6c\xd5\x19\
\xfb\x95\x8fv\xf6=\xf5\x9f\x00\xee\xdf\x97\x08\x8ej\xdc\
\x07\x91\xd6\xe0\xads\x89\x138\x9bL#\xe2\x93\x10\xf6\
J\xf0\x88<\xba{z \x8b2dA\x82\xc0\x08\xc8\
\xcc%`T\x0d\xd4d\xff\xb9\x83?\x9cXv\xee\xcd\
\xf5s\x17\xfbc/~\xd9\xf9N!\x980\xa5\x89\xb5\
\x0b;n\xdd\xd6\xefA\xe2\x5c\x0aQUF\x87_A\
\x1b\x81\xc4\xa3Al\xbc6\x84\x81\x98\x8c\xab\xdb\x05\x02\
\x05\xc2\xad\x9d\x108\x1e^\xab\x12\xbbw\xc3\xca\x99\xf9\
\x8f}\x19\xbe\x22\xc0\xb4!\xfe|\xdb\xa2\xf6\xd0\x8av\
\x16>\x8f\x83H\x8b\xdc\x88>\xe4\x15\xa1\x92y9`\
<\x99\xc3\xc26\x1e\xa1\x16\xd0>\x10P\x00\xbf\xbf\x1d\
z9\x0f\xaeZ\xe5\xb7\xad_u\xec\x1f\x01\xee\x1e\xac\
\xefY\xd1\xa6\xf4\xcf\xa3\x1f\xf3\xb6\x8d\xa3\xe7\x0bPe\
\x1e>Y@4 \xa3'\xeaC\x84\xd6\x15\xdd-\xe0\
9\x1b\x89\xac\x86\x82\xa1\x93\x15\x90\xafU\xe1\xf1\x06\xa0\
\xe9\x1a\x14Q\x89v\xec<\xb4\xfd\x12\x80\xe7\x0f@\x0d\
\x88\xec3\x01\x09H\x94\x0d\xecy\xfb\x0b\xbc\xf7\xe9\xaf\
\xf0H<\xd5\x9a\x85\xe50\xa8\xdb,\x02\x94\x11m!\
LA\xac\xe9\xf5 \x16\xe4\xa9|2\xfa\x22A\x08\x92\
\x0f&\xf5B\xb0l(\x1en_\xdf\xee\xc3j\x13\xe0\
\x8chm\x8e),Wrl\xbc\xff\xc5\x08\x8aE\x9d\
\xea\xca\x80g\x19pd\xa2\xc05L\x12\x048\x04\x16\
\xf6\xb0\xf0\x8a,\x06\xe6\x89\xb8\xfe*\xa9\x01\xa8H2\
*\xe4\xbcn\x9b\xa8W\xedp\x9d\xa9\xdd\xdc\x040m\
<\xc00\xc0\x1f\x13gQ1kp\x9f\x19\xba\xb9k\
\x93n\x8dw\x06\x8b:x\x02\x06\x88\xb1H\x11\xfb3\
e\xa03\x04tG\x04\xb4+\x16D\x96%2\xb4\xc3\
\xb1\x9dUM\x80\xf9\x82U\xd3l\x0b\xfd\xb1`#\xea\
\x1aE\xe2Z\xddr`\x91\xa7Z\xdd\xa6\xf4\xeb\x08\xfb\
\x18\x04\x15\x96\xa2\x04\xed\xff\x0d\x92\xd7\x81\xe3Iw\xad\
\xa3\x8d\xca\xe5\xb2>\x95/A\x10\xd8UM%\xaf[\
\xc4\xdcqK?K\xf5\xf5\xe1\xa5-k.\xd1\x85\x0b\
\xf0\xfd\x9fs\xf8l$\x87\xa9T\x19zM\x85^e\
`\xd4\x00\xc2lZ:W\x81\xa6\xd51/J\xda\xc8\
\x15\x11\x0f\x07\xafk\x02\xac\xed\xe1X\xbd\x94\xc7OG\
\x8e^\xa6\xc4p(\x88u\xa4\xdc\xcf\x7fI\xe0l\x1a\
\xf8\x9c\x80\x16\xc6ThTW\xabV\x87O\x140U\
\x13P1J\xe0\x05\x05T$\x5c\xdd3\x9f\xf6y\xa1\
\x090z\xa6\x90Z\xde\x1b\x8c\xe6\xb2Y\xc4\xe3q\xcc\
e2H$\x12\x98\x9c\x9c\x22\x8e\xabXB\x00F9\
\x8b<5\xf8\xe7\x13\x16R\xb9\x12\xca\x15\x0b\xa3\xc9\x22\
\xfc^\x05\xd1\xf6XC\x07\xae\xe8\xdc\xab?\xde\x06\xd6\
\xb1\xa7\x9b=\xd8\xf7u\xfe\xa33\xc9Yl\xdd\xba\x05\
\xbf\x0d\x8f 1\x9d\xc0\xd4\xe4$FGOB\xd7\xf5\
\xc6O\xadr\x0dk\xaf\x09aIW\x0b&f4\x1c\
\x1e\xcf U01rj\x0e\xe9l\xba\xa1\x03\x8f\xc7\
\xdf\xe8A:S\xa0\x061\xdf63\xe8\x0c`x^\
\xb4\x15\xc7\x8e\x1dG\xb9\xac!\x95J\x93\xf31\x14\x0b\
ET.\x00\x8cL$\xf1\xc1\x98\x0cU\x11\x1b\x14\xd6\
M\x0bF\xddB\xc9\xa8\xa3\xb3d\xa2=4\x9fX\xc6\
b\x9ch\xc5Y\x0cdV\x1cj\x02<\xb19\xbe\xda\
\xe5\xfb\xc1\x83\x07\x91\x9e\x9d\xc3\xd8\xd8(5\xac\x84B\
\xb1\xd0\xcc`f6\x83\xd3v\x04\x12\xd5\x9c%\xba\xda\
\x14\xaaIt\xd2\x08 }\xf84\x1e\xbacAc\xaf\
j\x96\xd1\x16\xf0\x9fo\x0b\xab?6K$\x8b\xec\xb2\
dr\x06\xc9\x99\x19L\x8c\x8fc\xcb]w\xe1\xfd\xf7\
\xde\xc5\xd2\x81\x01\xca\xa8\xdc\x00\xf0p\x16XN$\x16\
14\x1e\xec\xc6\xca\xf1\x12:\xc2A\xd0X\xa7R%\
1<\x9dBP\x12\x11k\xf5?\xb2g\x13\x8a\xcd\x0c\
H@\xbdccc8u\xea\x14\xee\xde\xba\x15;v\
<\x00\x8d\x1c\xef\xdd\xfb:\xf6\xef\xdf\xdf\x00P\x98:\
\x16tDH\x03\x7fG\xeff!\xf2<)XD\x8b\
\x22#@\xcd\x0e\xf9\xbc\xae\x0d>w'\xfb\xf1%'\
\x9aa\x18\x93\x91Hd\xc04Ml\xdf~\x0f\x86\xbe\
\xfa\x0eO\xbf\xf8*>|{/v\xed\xda\x05\x9b\xb4\
\x90\x9f\x9d\xc1\xe2\xe545-4\xde9R,\xcfq\
\x04 \xa0E\x96\xa0z\x14W3\x89t\xa9\xb4\x9b\xe6\
\xeb\xa5\x07\x0e9~\x83e\xd9\x87\x0f\x1d\xfa\x0a\x1b6\
\xdc\x8e\xcd\xf7\xec\xc8k\xb1\xb5\x81xo\x1f\x96\x0b\xe7\
\xf0\xfb\xc8\x08f\xcb\x22\xb6=\xf8,\x9dh\x1c\xaa\xa4\
\xf05}\x1c\xbe\x19\x07\xe9\x81A\x99\xfa\x90)\xe8\x83\
\x05\xbd\xb8\xfb\xc0\xa3\x9d\xb9\xcbN4\xe2|\x9f\xaa\xaa\
\xc3~\xbf\xbfehh(\xbbq\xe3\xc6\x1f\xbb\xef{\
\xe3\x93\xa57\xad|M\xcf\xe6\xc5\xdc\xf4\x04\xa2]\xd7\
\xc2\xa7\x86\x1aQ\xbb3\x8a\xe3X\x1a!\x0e)\xdaJ\
\xcde\xcf?~\xe8\x85\xf5nY,\xf2W\xbb\x0c\x80\
z\xc0tuu-S\x14\xe5\xc9\x93'OR\x11\xf0\
!\xd9\x11>\xdc\xd7\xe6\xedY\xbdZ\x94|K\x05Q\
Y$\xc9\x9e^\xd6\x1d\x80\xf5\xcaT\xd5(\x8fU\xb5\
\xcc\xd1\xdc\xd4O\xbfV\xb3\xa7\xcf\xd3\xae\xdb\xd4\x12\xf9\
\xcb\xfd\xe3\x99\xcc\xb8$\x06\xe9\x9c\x82#seNg\
\x15h\x10C\xbd`\xee\xb3\xf7\xc2w\x93L\xbb\xc8\x8a\
\x17V\x17\xa0r1\xc0_/\xbc\xa7\xf4w\xb4\xa0W\
\x00\x00\x00\x00IEND\xaeB`\x82\
\x00\x00\x05\x95\
\x89\
PNG\x0d\x0a\x1a\x0a\x00\x00\x00\x0dIHDR\x00\
\x00\x00\x18\x00\x00\x00\x18\x08\x06\x00\x00\x00\xe0w=\xf8\
\x00\x00\x05\x5cIDATx^\xadS[l\x15U\
\x17\xfef\xef9sN{z9\xb5\xa5\xf4&\xd0V\
Z\xdab\xe5\xda\x14\x0a\xfe@\xb9\x85D1R*\xf8\
@\x82`\x85\x17\x13M\xf4\xc9D\xff\x18c\x8c\x89\x89\
\xd1'\x0d&&\x02>\x98\xa0\xe1A$JA\xa1\x9a\
\x120\xd0b[z\x01)`/\xe7\xd2\x9e\xd3\x9e\xfb\
\xcc\xb8\xd6\xcedB\xc3\xab+\xf9\xb2\xd7\xecu\xf9\xd6\
\xac\xb5\xb6\xb6\xe5\xc0{\x87\x00t\xe0\xbf\x93)\xc2w\
\xdd\xa7\xdf=\xc7\x06\x9d\x93\x7f\xfc\xf6\x8b\xbb\xbc\x86\x17\
Bh\x80F\xb0m\xd8\x04\xcb\xb2!\xa5`\x9d\x00e\
\x97\xba\x0e\xd34a[\x16\x9d\x16\xdd\x09\x0eQ\xbaF\
\xca\xc4t8\xfd\xe1\x17\xe7A\xe2\x12T\xa4\x131\xc3\
\xce&\xe1\xf5z\xc1b\xa9`S\x9d\xba.\x91\xcd\x9a\
*\xb1.%4[G:\x95Tw,L*4\x09\
h*\x0e\xd2N\x09\x005`q\x08\x10\x8dFQT\
T\xa4\x1c\xe2\xf18\xa4\x94PD\xb6\xaa\x90\x08\xb2`\
\x91\xa4'\x93IEN\xe2\xfaiL\xe2\xd8\x82\xa1\x88\
\x05`n\x01\x81N\xd5\x19\x86\x81t:\xcd\xba\xfaU\
\x9f\xcf\xc7\xdf\x8a4''\x87\x93\xb2\x9d\xc9\xd8\x97\xfd\
\x94\x8d%\x93\xc90\x99\xf2\xcb\xf5\xfb\xf1\xa8\x08\xa7%\
\x0c\xee5;\xf2\xc9\x89\xb8*e\xf3x<\x0c&\xe7\
S\xd9S\xa9\x14\x84&\xdcV:q\x00\xc3\x11\xb7E\
\x8e\x91+c\xb8d\x1c\xcc\x7f\xc2m\x99\x8d\xc5\xf1\xed\
\xd9+hn\xa8\xc6\xcd\x81\xbb\x94\x5cs\xdb\xd8\xb8\xbc\
\x0ak\x9b\x96a\xec~\x10y9\x9e\xc7\x08x\xb8\xce\
6h\x5c\xb9:\x1dbEv\xbd\x7f\x0c\xc3\xb7\x87\xe1\
\xd3%\x06G\xff\xc1\x1b\xad\x09\x18\xfe\x00XR\xd1 \
>\xffs\x8ab\x04\x8c\xc8mt\xdfM\xe9\x96\xe5\x91\
\x0b\x08(\x09'e\x12N\xca\xba;\x8fk}c\x18\
\x19\x1e\xc5\x81U\x12\xa1\x84D8\x1c\xc4\xcc\xe8u\xc4\
\x1e\x0e\x82\xcb\xf0\x97\xd7a\xdd\xa2\x16\x14!\x85\xba\x1a\
\x0b3\xd1\x8cvk<Y\xfcX\x8b\xb85,\x82\x09\
\x9c\xc1\x87\x221\xf4\xdf\x1a\xc2\xde\xc5\x03\xb0\xa7\xd2\xc8\
\x9f\x0b\xc3of\x91M\xc5 u\x01\x16+\x15E\x93\
~\x0d\x88i\xb4\x81\x1e\xac/+\xd5&&\x12+\xb6\
\x1e\xfc\xff\x11zl'\x1c\x02\x01)x\x97yH@\
:\x93Vm\xbb5|\x1fMV/\x10\xba\x83X&\
\x09\xdb2\xc1\xec\xec#\x9c.d\x12!d\x92!\xe7\
\xce\x07\xdd\x1c\xc2\xee@\xb6\xf0f\xa2v\x17\x80\x13\xaa\
\x0c5|\xd8\xd0 \x905\xdd5\xc4\xa2\xe2\x22\x84\xcc\
|\xccS\xbb\x84\x0e\xd8\xba\xc0\xe4\x9c\x85+cq\x9c\
\xec\x8d0X\xe7;e\xd3\xb4\x0c\xa6\xe6\xb3\xf8fd\
\xd9,\x80\x9f\xdc5\xe5\x16\xa9\xfe\xeb\x92+W\xdf\xdd\
\xbf\xf7\xe3\xb7\xab\x03X\x5cY\x85\x92\x8a2H\x9f\x07\
\xb3\x19\x1b\x03a\x0f\xc6\x8c\x16\xc8\xe6\xd7 Vv\xe1\
\x0e\xe9|\xc76\xe9\x95\xa8\xae]\x82\xfa\xa7\xaa$\x80\
\xdd\xd4\xa6W\x05\x1cq\xf6\xdb}\x0b7\x07\xef\xa1\xab\
\xfe*Z*#\x10\xba\x06\xe9\x11\x88g5\x98%\xab\
\xd1\xfe\xc2Q\x1c=\xd4\x81\xae\xc3\x9d\xd8\xbe\xaf\x0b\xd6\
\xa25\xca&\x0d\x1d\xc2\xa3\xa1sCN\xdeg{F\
;\x00\xec\xd4\x01p\xf5\xee;\xe0\xddg\x9d\xf7|b\
\xbc\x0f\x85~\xe5B\xd5\xe9\x08\x14\x1a\xb0\xccF\xd4\xd7\
V\xa2\xb4$\xa0V\xba\xe6\xc9R\xf4\x156  \xfb\
\x94\x8f\x95\x99\xa1\x0d\xeb\xc5,\xb5\x0a\xa8\x85\x80\xb31\
L\xf2h\xbb\x84\xd4\xa1\xfb\x16\xa2\xb2\xa2\x00\x86\x87[\
\xa9Hy\x9d9\x96\xef\xd8\xf6\x98\xbf;\x03\xe7/\xdc\
'\xefD\xa3g \x8a\x9fo\xcc \x187Uu\xbe\
@\x19\x96\x97\xcc\xe1\xce\xf84\x82\xb4\xc23\xb1\x04\xc6\
H\xe7;_Q\x19\xfb(\xdf_(\xa6g0\xea\xbe\
\x03W\x9cG\xa6\xe6\xf1L\xc3R\xdc\xc0\x9b\xc8\x9b\xff\
\x03\xc23\xa8\x06\xa8y,\xac\xaa\xce\xd0P\xfbqn\
H\xaa\xed\xab/7\xd5\x9d\x96\xb0 \x0d\x89\x92b\x1f\
\x86\xae\x05\xe6F\xcc\xb6s\x00\xce\xbb-\xa2\xe4|\xba\
D;65\xa3m\xdd\x0a\xd4T\xf9Q^\x9e\x0b\xdd\
`\xdb<|x\x80\xd6%\xe3xeK\x1cG\xb6\xc6\
\x95\xee\xb3\x1f\xb0M\xcd \xb7\xc0\x8f\x83\xff\xb3r\x00\
L\xd3C\xfb\x92\xa3\xdc\xe44\x5cw\x16|\xa6R\x19\
LG\xe6\xd1\x13\x8a\xa0rq\x0e\x96U\xe4\xc2\xce\x06\
\x91\x9c\x09\x023p\x85\xc2\xd4;\x09F\xb2\xe8\x1f\x0d\
cd2/\x03\xe0\xae3\x03[;u\xfa\x14\x8e\x1f\
?\xbe\x00\xc7\x8e\x1d\xc3\xc9\xaf>\xc5\xd7g\xfe\xc2\xa9\
\x8b\x16~\xf85\x843\x17'qu`\x16S\xb3Y\
\x08\x8f\xce`]\xdd\x9d\xbd<E>\x93\xb8<\xe4\xc7\
\x8f\xb7\x1b\x1er{\x08\xd0\x9e\xdd\xff\xce;\x9a\x10\xfb\
\xa8zE\xc6\x0f\xda\xa6\xd3)M\xb3\x09\xb1\xd9H~\
\xb1\x18.\x9e\xa3\x01V\x14\xdb\xe2\xe5m\x19o\xcb\xd3\
O\x80\xa5\xb7/\x8c\xd3\x17\x8c\xd4\xbdia\x96\xe6\xc7\
\xe5\x83\xec\xea\xbf\xf3\xf2\x0bN\xf6|\xff\xd1\xfb6\x09\
H\xfc\x84RB5\xa1\x91\xb0\x9a\xd0Bh%\xb4\x11\
6\xfb\xfc\x81]\xad\xdb;.W\xd5\xb5\xbe\xber\xd3\
K\xddG;k\xed\xe7\xdb+\x15X_\xd5~\xf8\xfc\
\xf2\xb5{\x0e\xae\xd9~\xe4\xad\xa6\x8d\xfb\x9b\x00\x18\x04\
\xe1\xe4G\x01\xa1\x82POXC\xd8@x\x96\xb0\x95\
\xd0N\xd8A\xd8\xe9\xcd-\xd8\xcbgu\xf3\xb6O\x1a\
6\xec\xbb\xd4\xb8\xb1\xe3RS[\xe7\xc5\x95\x9b\x0f\x5c\
\xa8[\xff\xdc\x07\x008\xf1R\x02\xff\x9a\xcf!\xc0\xbf\
\xdc\xa6\x82\x9aMH\xf1\x19\x00\x00\x00\x00IEND\
\xaeB`\x82\
\x00\x00\x01]\
\x89\
PNG\x0d\x0a\x1a\x0a\x00\x00\x00\x0dIHDR\x00\
\x00\x00\x18\x00\x00\x00\x18\x08\x03\x00\x00\x00\xd7\xa9\xcd\xca\
\x00\x00\x00\x81PLTE\xff\xff\xff\x00\x00\x00\x00\x00\
\x00\x00\x00\x00@X\x80/A^@X\x80\x5cw\x83\
gz\x83r}\x83\x94\xd7\xff\x97\xd8\xff\xaf\xe1\xff\xb4\
\xe3\xff\xc8\xed\xff\xcd\xec\xff\xd0\xed\xff\xd4\xf1\xff\xe4\xf6\
\xffZv\x83\xc9\xee\xff\xae\xda\xedIZa\xb2\xdc\xed\
dy\x83\xbc\xde\xed\xc4\xe1\xedfy\x83P\x5ca\xca\
\xee\xff\xcd\xe4\xedo|\x83q}\x83\xd3\xe6\xedV^\
a\xd6\xf2\xff\xd9\xf2\xff\xdc\xf5\xffYv\x83\xe4\xf7\xff\
\xe6\xf6\xff\xe8\xf7\xff\xed\xfa\xff5\xb9gs\x00\x00\x00\
\x07tRNS\x00\x0b#/x\xa4\xccC\xc8>\xb9\
\x00\x00\x00\x84IDATx^\xad\xce\xb7\x0e\x02Q\
\x10CQ\xde\xcc\xe2\xcd\x99\x9cs\xfa\xff\x0fDr\x81\
\xe4\x02\x8a\x15\xd3\x9c\xe2\x16\xe3\xd1\x90\x8b\x00 R\x18\
p\xad\xaa)\x82\xc20\xc9\xb2\x1bLa\xd8\xe6y\x0f\
W\x18\xe6q<\x83+\x9f\xe7cS\xf8=\x98\xbb\x05\
\xe5\xf7\xdc{\xdb.\x11\x14\x86sQ,`\x0a\xc3\xa5\
,\xd7p\x85a\x95$\x1b\xb8\xf0\xf7\xb9\xaf\xae\xdb!\
(\x0c\x8f\xba\xde\xc3\x14\x86g\xd3\x1c\xe0\x0a\xc31M\
Opa\xc8\xdc\xaf\xf7\x06\xe3I\x10\xe1\x9c\xa3v6\
\x00\x00\x00\x00IEND\xaeB`\x82\
\x00\x00\x03\xcb\
\x89\
PNG\x0d\x0a\x1a\x0a\x00\x00\x00\x0dIHDR\x00\
\x00\x00\x18\x00\x00\x00\x18\x08\x06\x00\x00\x00\xe0w=\xf8\
\x00\x00\x00\x04gAMA\x00\x00\xd6\xd8\xd4OX2\
\x00\x00\x00\x19tEXtSoftware\
\x00Adobe ImageRead\
yq\xc9e<\x00\x00\x03]IDATH\xc7\xb5\
\x95]H\x93Q\x18\xc7W\x94\x96R\x16\x9a\xa8)\x99\
\x92\x90\xe5W\x99\x9a\xdf\xa1\x94\xda\x07\xf9\xb1YYM\
]\x12\x8c\x94\xa4\x22\xe74%\x02\xc3\xc8\x9bD\xbbq\
X\x17\x8a7\xa1\x99\x8aR~\x85Sg\xeat\xb6t\
:5\xa7M\x0d\xca\x19\xc2{\xf1\xc2\xe9y\xf4\x9d\xe9\
\xdc\xdcv\xd1\xe0\x07\xef\xce\xf9\x9f\xf3?\xcfs\xcey\
\x0e\x8b\x10\xc2\xfa\x9f\xac\x7fD^+t\x04r\x80/\
\x06h\x05\xf8\x1b\xf4|\xa6M\x9f\x16\xe7q\xd45\xc8\
\x14\xd5\xf7\xa9\xa7\xfe\x10\x82\x8c/\x11\xa2\xf8M\xc8\xe4\
\xf2\xda\x7f\xf9\x22EG$?ig\xb1XV\x8c\xbe\
\x15\xdb\xb4z\xad\x0e\xc1y\x82\xaf>\xcc\x01\xad\xc5\xa6\
\x08\xc2\xd8\xc2|\x5cA\x05\x08\x86\x17\x08\x91\xaa\x09i\
\xeaWi\xaeg\x97\xca\xc2\xd9\xc2.\xbf\xa8\xb4\x170\
\xc8\xfe_\x04\x05m\xd8\xd7\x22Ui\xc6`1U\x1f\
e?q\xbc_Tz\x85\x83\xabO4h\xf7m\xce\
\x178\xba\xfb\x9e\xf7\x8e\xe0\xe4w\xf6LS\xf4\xc0\x0f\
B2\xf2Drg\x8f\xa0r\xe8\x8b\x05\x8ei#`\
\xf4V\xde\x91\xb7R2\xf2E\xf2\xe1\x05\x8a\x0eK\x12\
\xf4\xd8:y\x14B{\x10\xe0\xb0)\x82\x8d`\xf8}\
*\x8a\x96.\xac\x198\xba\x9d\xe2\x83\xd8\x16\xd8\xa1\xab\
\x0d\xe7\xe4{\xa2fh\x1e\x0c\xd8B1hB\x00\xcb\
-\x9b\xack\xd0\x0b\x06\x83\xf3\x84\xdcY\x8d \x90\x0b\
\x83\xf6\x1a\xd0\x1eG\xcd\x80\x9a\xa21\x8d\xa0;\xa9\xf7\
\x14\xe9\x1a\x88!E}\x90\x22\x9e\x09\x06\xa8\x91\xcc\x99\
i\xd01E\xd1b\x15!\xe9B\xe3\x06\xa8\xe9\x9e5\
\xd3\xa0UI\xd1\x9d3\x84\xa4\x99`\x80\x9a\xcf3f\
\x1a4+(\xbau\x1a\x0crM3h\xffn\xa6A\
\xd3\x18E\xb7L\x12\x92j\x82\x01j>M\x99i\xd0\
\x00\x114*\x09\xe1\x9a`\x80\x9af\xa5y\x06e\x95\
]*\xcd\x87\x09B\xee\x97\xd4)=\xfc/=\xd8x\
\xc1t\xb4\x099\xaf[\xa6\xdf\x80>\xe0bf-\xe8\
<M1\xe0\x16Tv\xce6L\x11RT\xd3\xa7\xf6\
9\xc7}\x05\x03\x0f\x18\xd0>/k\x19\xff\x85\xfa\x13\
!\x9c\x12\xd0\xb9\x99b`\x0d7\xb4\xfa\xaddq\xa5\
\x16\xf6\x221\xabTv\xf6J\xb6\x10n\xaa\x93N\xf5\
\xcd\xcc|Y\xa7\xac\x19\xd6Pq\xbc\xe2Ak\x1b\xfb\
x0\xb03j\x80%!,)7\x11&\x1e\xa9\xec\
]Xy\x07&\xcf\xaa%\xf3P\xdc\xfa\xb5\xc4\xf2\x8a\
\xa5\xd8\x86}7\x05\x22\xb9gp\x12\xae\xdekc\x99\
\xd0k\x00\xbf\x9d\xc0n`O@\xdc\xbd\xdb\xc1\xf1\x8f\
\xea\x85\xa2\x8e\xb9\xf2\xf6\x99\xe5:H\xd9{\x06\xfc~\
Z%\x99\x8fI/\x1e\xf2\x0a\xbf\x81\xc50\x148\xa8\
[\xaf\xf4Mn\x09\xec\x07\x0e\x01\x87m\xec\x5cN\xc3\
\x04Egb\xf8\x8d\xe1\xec<\xd9:\x9c\xbca\xaf\x88\
\x94\x1a\xe8\xe73\x93;a\xf54\xf8\xa2\xa13\xb0+\
41\xa7\x10\xf2?\x04\xf9\x1e\x814}\x05\xe4\xa1\x09\
\x8fG\x03/g)\xfc/\xdc\x9d\xf0\x8dN\x9b\xf4\x8d\
J]\xc5/\x9a\xa7\x84\x933\x1a\x9a(\x18\x81\x12/\
\x8dH.\x18\x00\x04\xdb\x19X\xa0p\x12_(@\xb1\
d:\xda1\xf8\xe0\x185\xe8\x862-\x06\xdaf\xd6\
hgh\xdb\x0613\xc6\x98\x81\xde\x14\xc1K\xf5m\
+\xd8\x0e\x80\x0e\xf7\xc4h\x8a\x0cl2n\x9c\x0b\xe0\
\x8a\x17\x08pg8\x0a\x1c\x01\x9c\x99\xa7\x11O\x8f\x15\
.Pw\x93\xff\x02n\x028\xfc\xe3 I\xdb\x00\x00\
\x00\x00IEND\xaeB`\x82\
\x00\x00\x02\xa6\
\x89\
PNG\x0d\x0a\x1a\x0a\x00\x00\x00\x0dIHDR\x00\
\x00\x00\x16\x00\x00\x00\x16\x08\x06\x00\x00\x00\xc4\xb4l;\
\x00\x00\x00\x04gAMA\x00\x00\xd6\xd8\xd4OX2\
\x00\x00\x00\x19tEXtSoftware\
\x00Adobe ImageRead\
yq\xc9e<\x00\x00\x028IDAT8\xcb\xdd\
\x94AHTQ\x14\x86\xbfs\xdes\xd4LDp\x1d\
eJS`[7-+Z\x14ed\x96L\x11\x94\
B\x14$\xd1\xaaU\xb4\x08Z\xb4\x8f\xa1\x9d\xab(q\
\x19\x92e\x89\xd0\xca]P\x1b\x93\x16aR\xd2\xcc8\
\xa36\xf3\xde\x9c\x16\xf3|^u\x1c\xc3p\xd3\x81\xcb\
\xbb\x8f{\xcew\xff{\xce=\xd773v\xc3|v\
\xc9\xfeS\xb0\x88\x9c\x04n\x02O\x81\xd7\x80\xd96\xc5\
\xf1\xff\x06\xda\xd2\x9a\x18;\xde\x9b`$\x9d\xf7\x80\xf7\
@\x09\x08w\x0c\x16\x91\xa3\x89z\x1d\xbbt#I}\
\xdbG\x803\xc0\x1e\xa0\xb0c\xb0\x88\x9col\xf2G\
z\xfa;iO\x0a\xf3\x99\xf8\xe4\x0b\xd1\xfa\xc6\x904\
p\x0b\x08\xcd\xcc\xfc\xad\x9465\xd7\x8d\x0c\x0cu\xb1\
\xffP\x99l\xe1+\xf5\x09x\xf8\xac\x95\xb6\x96\x83\x88\
\x10\x0f\x04\xe6~N\xf3`\xc0\x06\x81{\xc02\x10\xf8\
U\xa0\xe7Te\xb4\xe7r\x07\xfb:\x02~\xe5f\x08\
\xc3%|\x85\xa0\x98a~a\x1aQP@\xb42\xbe\
\xcd\xc4\xe1{\xa3\xfc\xaf\x07\x8b\xc8\xa9\x96\xd6\xc4\xe8\xf5\
\xdb]\xb4'\x8dl~\x16\x09\x97\xf1\x14T*\x10U\
\x10\x9c\xb9\x80\xaf1\xa2\x11\xc8\xad\xcb\xb1\x88474\
x\xaf\xae\x0e\x1e\xe6@g\x91L\xe6\x0bay)\x0e\
v\xa1\xea@%\xda\xd4\xa9\x99n,\x9e F\xf2H\
\x99\xec\xe2,\x16\x1d\xdf\xcd\xa7V\x81\x8a\xaeS\xbc\xf9\
V\x98YND\xd2\xcf\x87?\x0f\x9e8\x1d\xe0\xf9\xe0\
\x89\x03\x905\xa8:P\xd5\x8a\xdfv\xd7\xed\xfe\xe4x\
)Q*r\xedl\xaf\xe0\xe9\xdaQW\xa1Dsq\
6\xa9\xa98\xb2\x0cp\xf7\xc3$\x9e\xa7v\xa5\xe7\x22\
\xf8\xe2\x807(U\x11\xd4\xab\xf8\xd4\x04\x9bY(\x22\
\x8b\xc0\xd0\xd4;D\x85\xd4\x85>\xf0\xea\xe0\xc7wX\
\xca\x83\xc9Z\x8eW\xbf\xcb\x85\x18\x11\x00\xe5\xaa\x9dg\
f\x81\x88\xe4\x80;\x93\x13\xe0\x09\xa9\xbe\xfe\x0a\xf4\xf1\
\xa3M\xde\xee\xcf\xcb\xa89\xc2-[\xda\x85O\xbc\x05\
UR\xdd\xdd\xf1\xf21`\x11XqB\x82\x08\x9a\x8f\
\xe6[\xbf\x15.\xfc\xcd8\xfc^!\x05\xbc\x00\xe6\xaa\
\x80\xcb\x91\xd2\xa0\xa6\xe2j\xf0\xa9)>\x01\xc3@\x16\
X1\xb3\xe2?\xbd\xc7\x0e\xfcI\xd4U\xab\xcaj\xda\
\x1f\xc9\x19\xc4\x91\xf7\xf4`]\x00\x00\x00\x00IEN\
D\xaeB`\x82\
\x00\x00\x02\xc5\
\x89\
PNG\x0d\x0a\x1a\x0a\x00\x00\x00\x0dIHDR\x00\
\x00\x00\x18\x00\x00\x00\x18\x08\x06\x00\x00\x00\xe0w=\xf8\
\x00\x00\x00\x04sBIT\x08\x08\x08\x08|\x08d\x88\
\x00\x00\x00\x09pHYs\x00\x00\x03v\x00\x00\x03v\
\x01}\xd5\x82\xcc\x00\x00\x00\x19tEXtSof\
tware\x00www.inksca\
pe.org\x9b\xee<\x1a\x00\x00\x02BID\
ATH\xc7\xb5\x96\xbdN\x14Q\x18\x86\x9fo2\xc5\
\x12\x1a+\xc1\x8a\xc2\x1b\xf0\x06\xe8\x94X\xb0X\x9b\x98\
x\x17t\x96\xf6&\xde\x82\x9dZ\xe0RA\x88\xad&\
&F\x12\x131\xa2\xee\x02\xba\x91(\xb03s~\xe6\
\xe7|\x16\xb3\x8b\xcbO`A\xf6$'\x93\x993\xdf\
y\xe6=\xef{N&VUFi\x22\x22\xc3\xf7:\
ba<\xcaK\xd1J\xf4j\xe2\xc5DSQ\x82\x06\
\x82\x06dEZ:\xa7\x0b\xff\x0d\x10\x11\x99|9\xd9\
\xfc4\xff\x1e\xaf\x96\x82\x9cR\x0bn-\xcf6ED\
\xceS2\x92\x02\x00\x8f\xa5]~&\x0b=\x5c0\xa3\
\x96]\x04\xe0Iu\x1f\xa3)\x8e1\x00\x0arR\x12\
,)N\xed\xd5\x03\x82\x94\x18z\x182\x9c\xf81\x00\
P2R\x8cd\xf8\xcb\x00\x8e\xe7|8\xa5\xec\xf5\x01\
\x92b\xc5\xe0\x83\x87_\xf5\x98\x88\x84\xd3\x8a\x06\xe9\x8a\
\x01\xe2\xd5\xb85\xb545?\xc8\xf8a\xde\x09\xe8\x9e\
\xd2\xf8\xdd@\x220Q\x86\xd5\x8c<*\x88v\x22\xc2\
\xd3P\xea\xf5\xd3S:\xd8'\xb1\x88\xc8\xf4\xd2\xf4\xfc\
\x9b\xbb\xaf\xb1j\xa84\xa7\x94\x92J*\x94\x80\xd6\xf2\
\xd0\xbe\x02'\x0e\xa7\x96\xfd\xc7\x7f\xd8\x0d]6\xcb\xaf\
l\xf8M\xb6\xfc\x16\x1d\xdb\xa1c:t\xb2\x0e\xed\xcd\
vSD\xe4p\x89\x5c\xc8\xf8\x92\xaf\x93i\x82\x91\x14\
\xa3\xf5rX\xc9\xb0\x91\xc5F\xf5\xd5\xe1p\xea\xb9o\
fy\xe7\xbf\xf3\xc3\xedC\xce\xbf\xeeaFfNz\
PhA\x1a\x0e0\xa4\xd8\x90a$\xc3\x88\xc1a0\
\x18\x1c\xfd\xc9c\x8f\xa9<o\xcbo\xec\xea\x01\x1cw\
N8\xf2,\x1e\x1e\xa9\xb4\xa2\xd2@%\x81\x80\xa2\x1a\
(\xa9}\xb1\xea\xc8)\xd8){|\xd06i0\xa0\
\xd4\xfd\x88\xbb\xc7R\xa4\xaa\x1a\xaf\xc6\xcb\xb7W\xef\x9d\
nrWi\xfcl\xf0\xfc\xd13\x1e\xf8\x87lk\xb7\
\x9ed\x11\xb8\x09\xcc\x9c4\xb8M\x1b\xae\xd1RU\x8d\
\x01\xca;e\xf3\xac\x98\xa6O\xd2r\xbd\xd8`\xdbu\
k\xf9\xda\x9f|\x91\x188?\xa6g\x9d\xef\x22\x12\xf4\
\x86\x92TIm\xe2\x00P\x7fy\xb8\xb2\xd34)\xfa\
\x80\x0b\xb6\x91\x01\xbd\xa27^@\x92\x8fYA\xe2\x13\
\xf0C\x1e\x8c\x05\x90\x8f\x01\xa0\xaa*+\xd2Z\xfb\xb8\
\xd6<2\xd0\xcf\xf9\x95(\xd09]\xb8\xeco\xcb_\
\xdb\x84\x93\xd5\x8b=k]\x00\x00\x00\x00IEND\
\xaeB`\x82\
\x00\x00\x04\x0f\
\x89\
PNG\x0d\x0a\x1a\x0a\x00\x00\x00\x0dIHDR\x00\
\x00\x00\x18\x00\x00\x00\x18\x08\x06\x00\x00\x00\xe0w=\xf8\
\x00\x00\x00\x04gAMA\x00\x00\xd6\xd8\xd4OX2\
\x00\x00\x00\x19tEXtSoftware\
\x00Adobe ImageRead\
yq\xc9e<\x00\x00\x03\xa1IDATH\xc7\xa5\
U\xbfO\x93Q\x14=\xdf\xcf\xb6\x14I\x98\xd4U'\
\x06S\x13W\x13bbtb1*\xeabt0\x18\
5F\xc3\xa2F\x09\xce0\x185\x0eF\x86&\x0e\x0c\
\xce(\xe1?0\x0al$\x95\xb8\xa8\x95\x18~hI\
\xa1\xed\xd7\xef\xf3\x9e\xfb\xfaZ\x8b\x02%>\xf2\xf1^\
\xde\xbb\xef\x9e{\xcf=\xef\xd6\x07pR\xbe\x1c\xfeo\
\xcc'I2\xf3\xaf\x03\x9f\xce\x0b\x85\xc2\xd8\xda\xda\x1a\
\xc20\x84\xeb\xba\xa8\xd5j\xa8\xd7\xeb\x08\x82@\x8d\xd2\
\xe94666\xe0\xfb>\xe28V\x1b\xce\x1c\x0b\x0b\
\x0b\x18\x1c\x1c\x1c\x96\xe5\xb6\x00z\xb9T*\xa9S~\
]]]\xd8\xdc\xdcT\x03\x82\xf0+\x97\xcb\xea\x98\x9f\
\xe38\x88\xa2H\xcf\xa7\xa6\xa6vLM\x01x\xa9Z\
\xad\x22\x93\xc9\xc0\xf3<\xbdL\x10f\xc23\x82\xf6\xf4\
\xf4((\xedR\xa9T3S\xdaw\x04\xc0KA\x10\
\x8a\xb3H\x1dr\x8f\x83kR\x93$\xb1\xaeS\xa9P\
\xe9\xb1\x99Y\xaav\x04\xb0 \x92\xb9\xa6\xef\xb8\x8e\xce\
\xd9lV\xa93\x19\xd6\x90\x96\x0c#\x89:\x9b5\x14\
\xd2\x86\xe0\x1de\xc0B\xaas\xf9D\x11zX\xa9T\
\x9a\xfb6Zf\xcas:\xb6Y\xee\x0a`(H\xd4\
\x019e-\xc8/U\xc5=R\xc3s\x02q\x8f\xd1\
\xd3\x8e\x00\x1d\xd5\xc0\xaa\x85\x17\xe8\x88\x0ey\x91\xce\x87\
\x1e\xbc\xd4s\xc7q\xf1\xfc\xf1\x15][\xe7\xd7\x1f\xbe\
Bq\xf1\xc3_NO\x5c\x1cM\xda\x00ldt\xcc\
\xb5\x95\xa2\x8d\xba\xb4ZD\xf9\xe7\x0fLNN6\xcf\
i\xbb\xf4y\x1e\xeb\xabKt\xd1\xcf};\x0e\x1f=\
\x85\xee\xde\x03\xe8\xdd\x7f\xc8\x000z[0\xaaH \
\x15\x9049\x9e\x8f\xf2\xafe\x1c\xec;\x8ds7F\
@7\x92\x0cDT\xb8p\x0b\x88\xeaR\x0f\xcf\x19\x90\
\x90\x07\x8c\xea\x12\x5c\xbdv\x0f\xeb+\xb3-\x00\xd6T\
\xa3\x86y@\xa1H\x91s\xe0\x07\xc8\x8f\xdf\xc4\xc4\xc4\
\x04\xce\x0c=\xc2\x97\xe5\x08\xb1\x18\xa7\xc2\x00\x15Q\x15\
\x03\xe3]\x06\xe5h\xa0\xac\xa5\x83c}\xddx\xfd|\
z\xf8\xd3\xec\xbbq\xdfp\xeaJ$\xf2\x82\xa5\xb8h\
d\xaa\x85\x07\xa33j\xf1E\xba\xe9\x94\xac\xa5\xa6q\
\x1d\xc8\xa4\x02\xa5\xd0\xf3\x85\xca\x86T\xe38Q\xa9'\
q\xb3\x04\xad\x22\xd3\xb9\x95!\xa9!\x00i\xb3\xbd\xc7\
\xa3\x22\x85\x17'\x96v!\xc0\x0c\x84\xef\x85\x19y\x8e\
\x99\xe5\x7fCYN;\x00Se?\xe2%\xa6k\xa5\
\xf7g\xc1\x09\x10\xfaFe\xfc\xb3o\xc0\x83\x09\x22\x10\
\x037\xa0\xf2\x84\xee\x96\xff\x96\x8a\xe8\xd4pj\xde\x03\
[\x03\xc7\xa5\xdbOD\x8a\x1fq~(\x16\xba\x5c\x15\
@\xad*u\x0a\x5c\xdc\xb9;\xaa\xf6\xe3c#\x22\x0a\
H\xe6\xd2y3\x06@\x944&r\x1dS\x80b\xb1\
\x88|>\xdf\x8c\xda\xca\x93\xf3\xd7\xc2{\x94V\xbeI\
a]\x04\x15\x18\xe7\xa1\xd7\x8c\xd2\x95\x854o\xa1I\
\xf6\xa4\xbb\x9b&\x1b\xb7e0\x9f\xcb\xe5\x86wy\xf1\
\xfd\xe2o\x80\xd4zRh2HG/\x9e\x8e\x88\x9a\
\xa86\xa1F\xe4\x19'\x04b\xbd\x1c,\xce5T\xd4\
\xf8%\x9a\xd9\xc9\xbb\xf6($\x03\x89\xc8\xc7\x13\x19Q\
\xd0B7\xea\x14\x85\xcfz%B\xaf#\xf5s5#\
\xcf\xddR\xe4N\x86<&\xa4\xc3\x969\xe5*\xcdE\
2a\xeb\x96\x97\x1dS\xbe\x0c\x80\xeaK\xf6\x0e\xc0\xe8\
\x99\x07\x15\xea\xf9\xae\xceQTW\x89r\x0d\xfeVH\
\x00\xb1 \xed)\x036.\xf6\x96\xb3\x97\xef\xe3\xf8\x91\
}\xa6\x957\x1e\x93\xfen4^\xa6JW\xdb=\xa4\
g\xbdiW\xd1n\x83\x8d\xab\xf4}\x0e\xcf\xdeN\xb7\
\x89\x81N8\xb3\xa0[\xf7y\xa7c\x8a\xd8\xb4\xf8Q\
\x15[\xb2S\x80\xed\xf69~\x03\xc4\xe2\xbe\x91L\xf7\
\x0a\x0d\x00\x00\x00\x00IEND\xaeB`\x82\
\x00\x00\x02\xb7\
\x89\
PNG\x0d\x0a\x1a\x0a\x00\x00\x00\x0dIHDR\x00\
\x00\x00\x18\x00\x00\x00\x18\x08\x06\x00\x00\x00\xe0w=\xf8\
\x00\x00\x00\x04gAMA\x00\x00\xd6\xd8\xd4OX2\
\x00\x00\x00\x19tEXtSoftware\
\x00Adobe ImageRead\
yq\xc9e<\x00\x00\x02IIDATH\xc7\xed\
U\xdbnRQ\x10\xe5\xd3\xfc\x0c?\xa5O\xc6D\x1f\
\xf4\xd5\xa8\xb1\x1f\xa0\xc6\x07\x8d&H\xbc\x00Z.\xa5\
\x94\x03\xf4B\xb9s\xe0p\xbf\xb4T\x9a\xc6D8{\
/\xd7\xecMi_y\xa0O<Lf\xce\x9a\x995\
'\xb3`N\xe0\xc1\xc3\xc7;4gC\xb6\x13\x90 \
\xd5\x03\xbeW\x80PQ!X\xf4\xf1\xe5d\x8ep]\
\x13S\x884\x80\xa8\xab\x11\xf3@\xccZ\xa8\xacX\xbb\
0q\xd4\xb5\xbd?k\xc0\x8f\xeaM\xac\x11\xefh\x08\
\xb7\x19p8\xb4\xc9\xa7\xdf\x94i\x08\xd7\x15\x9eGm\
a\xa8\xa4\xf0\x84\xb8\x90\xc9\xb3\xe0_\xcf\xe6\x88\xb5\x80\
G\xc191ej\x9e\x85\x81\xe0\x12\x17\x9et\x1f\xab\
\x01\x9b]\x11\x80\x8dZ\xe0^D>\xe4\xbe\xc2\x15\x1f\
\xfb\x1d\xe0W\xdd\xa7i$=\x18/\x16\xe5\x9ecM\
\xb5\xf4\xd4\xa2\xbc0~\xcf\x95\x9co\xf0=j\x97\xf0\
`\xbc\xf0d\x87\xb7\x1a8\xb9\xa1\x90)\xbc\xf8\xed#\
\xd5\x06\xd2\xfcU\xed\xee\x03I\x0a\x16\xae.\xf02\xc6\
A$\x8a\x91\xf0u\xc2\xd6f\xf8R\xaf\xe2@\x9c\x83\
\xa4\xe7M\x92\xc4\x9eB\x82\xcf\xbb)\xe0x\xac\xb7\x22\
\xaf!ra\x028\xdc{\x9a;\xccq\xb7\xd9\x9e\x98\
FaL\x1d\xdc\x05\x0e\x88[\x0c\xc8t\xb9_j\x96\
\xebk\x13K\xde\xe9)S#\xbd\xf9\x01u\xa9\xff\x83\
p\xaeD.N4\x0e\x9as\xbcw\x14R\xee\x1cy\
\x16\xbe\xcd\xf8p:\x0aGl\xf8\x5c y\x97\x84m\
\x85\x0f9\xbd\xc2?\x1e\x13\xf3|c\x9fN\x80\xd3\x91\
\xb5w\x8e\x8f\xd2\xf9V\xe4uDnL5\x8aC\x85\
\xea9\x8c\xafP \x89\xcb\xfc\xb3H\x5c\x1ai\x13\xbb\
\x976_b|6\xf0q\xda_\x98\x5ce\x22y\x9b\
\x93\xba*\xf7\xef\xcd\xee\x88\xdc\xbe\x22\xd9\x88g\x80\xb7\
\xdf\x9d\x02\x951\xcfB\xd5\xc65\x16\x87y\xff\x05k\
r\x80\xe05\x0e\xaf_\x00\x11~/\xca\xf2b|\x89\
HU\xa3a\xea\x959/\xad?\xdbs\xbd\x8e\xc8\xa3\
\xbf@\xf3B\xa1\xcd\xbdy\x97\xda\xfa\xa9x\x8d\x0e\xe3\
\xd6T\xa13\xd3\xab\x9c`R\xdf$\xde\x9dI\xad\xba\
\xeda\x8d\xf8\xfe\xd5\x9do\xf2\xe0Z\x9b\xa2l\xc7\x12\
\x0aq\xaek\x89\x04?\xe2\x89\xb8i\xcc/c\x19\x9a\
m\xdb\xfa.M\xe2\xde\xcc\xe6r\xfc\xd7\x0f\xae\xefI\
\xe4\xff\xfb\x02'\xea\xf7\xb1\x15D\x00\x00\x00\x00IE\
ND\xaeB`\x82\
\x00\x00\x04\x15\
\x89\
PNG\x0d\x0a\x1a\x0a\x00\x00\x00\x0dIHDR\x00\
\x00\x00\x18\x00\x00\x00\x18\x08\x06\x00\x00\x00\xe0w=\xf8\
\x00\x00\x00\x04gAMA\x00\x00\xd6\xd8\xd4OX2\
\x00\x00\x00\x19tEXtSoftware\
\x00Adobe ImageRead\
yq\xc9e<\x00\x00\x03\xa7IDATH\xc7\xa5\
\x96\xbd\x8e\x5cE\x10\x85\xbf\xaa\xea\x9f\x99]\x81\x85,\
dY$$D\x86\x88\x17\xe0\x05\x9c!\x99\xc4\x8f@\
\x0c\x99I\x90 \xb6@\x10\xb2\x04\x108w\x82\xc43\
8A\x8e\x90\x05\xbb\xb2\x84\xb46HH\xbb;\xdd]\
E\xd03ww\xf1_\xe0\x92Fsg\xba\xba\xaaO\
\x9dS\xd5W>\xfa\xe4\x8b\xcf\x81\x8fy=\xbb\xf7\xeb\
Ow\xbez\xdeB\x02>\xfe\xe1\xfb;\x1f\x1e\xff\x1b\
\x98\x08\x9b>(\xd9\x18\x1e\x8c\xee\xa4\xa4x\x04I\xe7\
\xb7\xaa@\x00\x02\xaap\xf8\xd7\x13\xbe\xfe\xf2.\xc0\x0b\
\x13\xf0\xcf\x09\xfc\xf6\x870|\x90\x92a\x06\xbd\x09\x1e\
J\xb8\x93\x8b\xd1{\x00\x10>X\xaf\x8d1\xc0\x03~\
\xf9\xf9\xdb\x97BS\x00\x1fA2\xc8\xc9H\x06\x9b\xb3\
\x8e*\x8c\xbe!\x99\xd2[gsvB-B2\xa5\
d\xe8}\xa0\xf2\xea\xda)@\xc9\xd33\x19\xf4\xd6Y\
\xaf\x121:\xfb\xebJ\xceB2\xe1\xad+{l\xce\
\x1a\xaa \xc0\xaa\x1a\xbd5\xc2\xe3\xa5\x09\x12\x80\x0a\x94\
\x0c\xe1\xa09\x91\x13H$D@\x14L\x0cS\xa8%\
Q\xb20\x06\xcbo3yu\x82\x05\x8a\xce\xe7\xd6\x9c\
pgDPK\xe6\xac7T2\xa6\xd06\x1d\x80\x9c\
\x13\xd9\x04\x15\xe8\x9b\x93+\x22r\xf39\xf1\x1f%\x80\
\x88\xc0T\xf0-\xdc\x92\x14\x11E\x15\xdca]3\x11\
ANB\xa4y&\xf7\x00\x99{\xaf_{\xfb\xea\x83\
\x07\x0fn\xab*\xee\x0e\xc0\xc3\x87\x0f\xb9u\xeb\xd6\x8f\
\x09\xc0DP\x82\xc0\xf11\xc8\xa50\xdc\x91\xd0\xf9\xbf\
\x80\xaa\xe01\xa5\xec\x11\x08\x8e\xa9b*\x8c\xd19>\
>FD\xe8}\x22\xbc\x7f\xff\xfee\x0e\x92\x09\xa6\x8a\
\x16\x03\xc0T\x89\x08\x82@u\xd6\xce\x10\xdc\x9dl\x8a\
f\xc3}\x12\xce6p\xad\x15U\xa5m\x1afv\x91\
\x83`U\x85\xd6@\x04\xfa\x18$3@h\x9bN\xc9\
\x8a\xc8\xe4\xc6\x92P\x0a\xb4\x06\xab\xf5\x14\x01\x01\xa5\xd4\
\x99<gr\xceK\xa9\x16\x99\xb6\xb3\xc6\xaa\x0a\xa6\xb0\
\xb72J\x82\xf0N-\x86\xcat\x5cUE\xf1Eu\
\xa3\x83D \x22\x88\xc0\xfe\xfe>\x13\x90\x90\xb7\x5c\xa5\
\x1da{\xebL\x04\x98\x04\x8a\x80\xc0\xba\xa6\xd9\xd5\x1d\
\xcc`\xb3\xe9\xd4\x92\xf0\x11x8&\x13\x19\x02\xb5V\
\x22\x82\x94\x12\xaaJ\x5cT\xa7\x00&\xa0\x04IAp\
\xc2;J\xa0@6\x08wJ2\x94\xa0f\xa1\x98R\
\x92`2\xfb\xa0\x94\xc2\x18\x033[>\x0b\x82lB\
\xf8\xc0\xb6\xbdo\xa6D\xe8V\x86\xb3\xc33J\xefN\
\xce\xcap\xb6\xc1\x12\x22\xe7\x9dlf\xa8*9\xe7E\
\x18\xb3P\x11\xd4b\xecp\xf5\xd1\xa7\x83CJJ\x04\
\x8c>\xe6i\x03\xf0\xc1*'\xdc\x1d\x15ADH)\
\xb1Z\xad8;=[xX\x12\x1c\xff\xfd\x94\x83\xef\
\xbeAD\x88\x88\xc5a\xf7\x1c1\xd5\xb5\xdb\x14\x11\xa8\
L\x9e\x8e\xfe\xfc\x1dy\xe3\xc6\xdc\x83\x90K\xa6\xb5v\
)\xc1\xbdO?\xbb\xfbL\x8f\xf7\xcd\xc9\x95w\xae_\
\xbb\xea\xe1KP\x91\xf3\xbb`\xb17o\xf0\xfe{\xd7\
\x0fK)\x84;\xee\xcez\xbd>/\xd1\xf6&z\xe6\
\xb2\x10\x91\x9b\x87\x87\x87\xb7\x9f>y\xc2zo\x8f\xd6\
\xda\xb2\xb6SKD\xd0{\xc7\xccH)qzzJ\
\xad\x15\x1fc^L\x17\x87\xdd\x8bl\xbd\xb7\x87\xbbS\
k\xa5\xb5FJ\x09\x11Y\x1aiW\x8a\xde;\xa5\x94\
)\xd1\x08T\x8d\x0b\xf3\xf3\xf9\x96s\xde\xce\x1d\x16\x09\
\xee\x82\xcea8\x15cf\x97\x82\xd7Z/\x93\xfc\x22\
\x13\x11\x92\x199\xcfi\xea\xee\xf8\x22\x82s\xe2w\xf5\
.\xa5 \x22\xb4M[\x10\xbe4\xc1\xe3\xc7\x8f98\
8\xb8\xa4\xaa\x8b\xea\xbax\x90]\xd9v\xebGGG\
s\xed\xff\xce\x176}\x00\xbc\xfb\x9a\xaf3\x8f\xfe\x03\
\xae\xd2\xaa\x9a0V\xd5w\x00\x00\x00\x00IEND\
\xaeB`\x82\
\x00\x00\x02\xe4\
\x89\
PNG\x0d\x0a\x1a\x0a\x00\x00\x00\x0dIHDR\x00\
\x00\x00\x18\x00\x00\x00\x18\x08\x03\x00\x00\x00\xd7\xa9\xcd\xca\
\x00\x00\x01MPLTE\xff\xff\xff\x00\x00\x00\x00\x00\
\x00\xff\xff\xff\x00\x00\x00\xff\xff\xff\x00\x00\x00\x00\x00\x00\
\x00\x00\x00\x00\x00\x00\xff\xff\xff\x00\x00\x00\x00\x00\x00\x00\
\x00\x00\x19\x19\x19\x00\x00\x00\xff\xff\xff\x00\x00\x00\x8c\x8c\
\x8c\xff\xff\xff\x00\x00\x00@X\x80\x83\x83\x83\x93\x93\x93\
\x00\x00\x00\x00\x00\x00\x00\x00\x00/A^\xff\xff\xff\x00\
\x00\x00\xab\xab\xab\x00\x00\x00@X\x80E\x5c\x82I`\
\x86\x00\x00\x00j}\x9b\x00\x00\x00\x00\x00\x00ggg\
fff\x8f\x96\xa0\x9a\xa1\xab\xe4\xf6\xff\x18\x18\x18\x1d\
\x1d\x1d\x22\x22\x22===\xb2\xbb\xc1\x06\x06\x06''\
'_z\x85u\x80\x85z\x90\x9a\x8c\x95\x9a\x96\xd8\xff\
\x99\xd9\xff\x9e\xa6\xaa\xa8\xde\xff\xaa\xdf\xff\xb1\xc4\xd0\xba\
\xbf\xc2\xc9\xed\xff\xca\xee\xff\xce\xec\xff\xd1\xed\xff\xd6\xf0\
\xff\xd9\xf0\xff656\xe5\xf6\xff\xe9\xf8\xff666\
'('q}\x83r}\x83,,-x~\x81-\
,,-,-\x94\xd7\xff111\x97\xd8\xff\x99\xbb\
\xd0555556565655\xae\xda\xed\
\x0a\x0a\x0a\x0e\x0e\x0e\xb2\xdc\xed999\xc8\xed\xff\x13\
\x13\x13\xc9\xee\xff???\xcd\xe4\xed\xcd\xec\xffIZ\
a\xd0\xed\xffV^a\xd3\xe6\xedYv\x83Zv\x83\
\xdc\xf5\xff\x5cw\x83\x03\x03\x03\xe6\xf6\xff\xe8\xf7\xffo\
|\x83\xed\xfa\xff\x1d\xd4\xe1b\x00\x00\x00+tRN\
S\x00\x01\x04\x05\x05\x0b\x0b\x0e\x13##$+/3\
GMOU_rxxxz\x9e\xa3\xa4\xa6\xbe\xc1\
\xc1\xcc\xcd\xce\xd3\xd5\xd5\xe0\xec\xef\xf0\xf0\xfb6oF\
\x00\x00\x01\x1bIDATx^\x9d\xd0US\xc3@\
\x14\x05\xe0@I!\x85\x94\xd2P\x01\xda\x92\x85 m\
\xbc\xee.\xa8\xbb\xbb\xcb\xff\x7fd\xf7&e\x16\xf2\xc6\
\xf7tv\xee\xec\x9c\x99\xc3\xfcG@t\x08\xc0A|\
\xb9\xb0TkU+\x1c\x8bn8\x5cm\x83\x5cq\xaf\
\x98\x83\xf4$rp\xa8\xed\x12\xf9R\xf9\xba\x5c\xca\x93\
\xf8,\xf2p8{\xc5R\x99\x82\xae\xeb\x85L\x0a\xe7\
;8X\xe5HJ\x9c\x13\x09\x09\xe1\xd7\x0c\x07\xedn\
\x8e\xf7\xfac\xed\xfd\xf6A\xef\xe80\xe6\xf7\xf2<G\
\xca\x01\x1b\xda\xe9\x0b\xb1\x0c\xc5\xe5\xf1\x09\x91\xad\xcd\xf5\
\x88\xe0\xf3\xb8\x98?\x84drE\xa0\xde\x83\xc3\xa3\xe3\
\x93S\xd1\xf9\xc5eM\xd3\x96\x16f\xa7\xc3\x13c#\
C\x03\xf4\x0fUU\xe1\x87\xa3CQ\x14G\x07\x1b\xbc\
\xec\x0b\xb2\xf4\xbaH\x8a\x9fZ\xe2\x12\xfaY\xf7K\x96\
\xe5N\xb7rBT\xba\x1dY\xbe\xb1\xd7}\xbf\xc5\xea\
M\xc34M\xa3Y\xc7\xf9\xd3^\xf7\xe3\x9eh\xb4\x8c\
7\xa3\xd5 q\xd5^\xf7q\x0d\xa4\xb3\x1b\xd94\xa4\
\x07j]\x02\xcd!\x08\xf4\xba\xbf\xd0\xeb:}\x03\xe1\
tKM\xd6\xa6\x93:\x00\x00\x00\x00IEND\xae\
B`\x82\
\x00\x00\x04\xb5\
\x89\
PNG\x0d\x0a\x1a\x0a\x00\x00\x00\x0dIHDR\x00\
\x00\x00\x18\x00\x00\x00\x18\x08\x06\x00\x00\x00\xe0w=\xf8\
\x00\x00\x00\x04gAMA\x00\x00\xd6\xd8\xd4OX2\
\x00\x00\x00\x19tEXtSoftware\
\x00Adobe ImageRead\
yq\xc9e<\x00\x00\x04GIDATHK\xad\
\x95[L\xdbe\x18\xc6\xbbL\xaf4\xf1B33\xa3\
\xd9\xa2\x0e7\x0f\xc9$S\x10\xdd0$\xb2E\x05j\
\xa2\xc3L\xe7\x0c\x0bq\xce\x85\xca!\x83)\x8cE\x12\
FD\x89s\x0e\xa2\x12\x16<l\xb2\xb1\x13NXi\
-\xc72J\x0b\x943m\x81r\x06{\xe1\x8d\xb7\x96\
\xc7\xefy\xe9\xd74[{\xe7\xc5/\xdf\xfb\xbd\xff\xf7\
}\x9e\xf7\xff\xf1\xf5\x8f\xe1\xd5wO\x15)\x5c\xff#\
E\x00\x0c\x1a\x03\x93>\xaf\x0f\xf3\xf3\xf3X^^\x16\
\x96\x96\x96\xb0\xb8\xb0 \xb9E\x15/\xa8\x989>[\
]]\x95\x989y\xbe\xb8(5\xc4\xeb\xf5\x82zw\
\x19\xdcjiAoo/\x06\x07\x07a\xb7\xdb%&\
===p\xb9\x5c\xb8\xad\xd6\xbe\xbe>\xb8\xddn\xf4\
\xf7\xf7KL\x18\x13\xf6\x0d\x0d\x0d\xa1\xd5l\x8en`\
\xb1X000\x00\x87\xc3!\xb0yxxX\xc4\x19\
S@\xc7\xda\x94f\xec!\xda\xac\xbd\xbd=\xba\x81Y\
9\xb3\x89Ss\xa5\x89nfnttT&\xe4\xde\
\xe9t\x0a\xac\xa1\x09c\xd6\xb8\xd5\x10mmm\xd1\x0d\
\xacV\xab\x14R\x80b\x9c^\x0bR\x84\xa6Z\x98y\
\xee\xf5\x00:\xcf\xa3\x8di\xd0\xd5\xd5\x15>K\x0aR\
D\xc3\x1c\x05\xf4\x91LLL\xc8\x9e&\x93\x93\x93\x18\
\x1f\x1f\xc7\xc8\xc8\x88\xd4\xdal\xb6\xe8\x06\x1d\x1d\x1d\xd2\
\xcc\x22\xbe\xc1\xd8\xd8\x98\x08\xb3\x91\xc2\x5cu\x8e\x06\x91\
\xe7\xcfz}\x84\xdd\xdd\xdd\xd1\x0d~\xb9f\xc3\xdb\x9f\
7!>\xabAM4\x81\x13\xdf\xfd\x89\xb8\x03\x17d\
\x7f\xc3\xeaD\xed\x95\xdb\xd8}\xb4Qr\x85g-\x22\
FS\x1e%\xcd\xb4\x09\x8f)\xaa\xc1\x99\x9f\xad8\xf6\
\x95Y\x048\xe1\xf1o[\xe1r\x8f\xa1\xec\xc76\xec\
\xfe\xe4\x0aj~\xeb\xc0\xf5V\x07\x9a\xdb\xddRCS\
\xdey}<\x84q\xcc7\xe0\xd5\xbb\xf8\x87C\x9aY\
L\x93\xa9\xa9)\x5c6\x0f\xc8[p\xef\x99\xf4\xa0\xd3\
1\x225m=n\xf8|^\xc9\xeb\xe9i\xc0\xbfK\
T\x03^\xb9\x86f\xa74s2B\x83\xfd\xc57a\
\xaa\xb2\xca\x1f3\xfep\x83</\xaf\xeb\x94\xbd\xcf\xe7\
\x93\x95\xb5\x8c\xb9\xf2\xba\xc64hl\x1d\x10\x01\x8f\xc7\
\x83\xe9\xe9i\xe4TY\xf0z\xc1\x0d\x0c\x8dz\xa4\xd9\
\xef\xf7\xa3\xbei}\x08\xbe\x09\x07`\x1d\xf1\xfbge\
\x1f\xf3\x0dx\xedx\x1cl\x9e\x9e\x99\x96\xa9\xe3\x0f_\
\x12q\x0a\x5c\xb5\xba133\x03\x8b}Tj\xec\xae\
q\x9c\xac<\x8f\x847M\xf8\xac\xfc\x071\xa7\x01o\
\xd9\xf6\x97\x0f\x05\x94&\x8dH\xb5\x18\xf0\x81\xb9{D\
D\xb5H$\xe9\x85M\xeb\xb7J=\xaf\xbe\xec\xc0\xdc\
\xdc\x1c\x12\xd3sq\xfaV\x10\x89i&1\xe3\x07\x90\
\xb7\xeb\x91\xa7\xd3p\xeafP\xa0I\xd8`vvV\
\xa6\xe4W\x92+\xbf\x92\x8c)\xc6g\x9cR\xef\xf9U\
ML\xfb\x14G.\xfc\x8br\x9a(\xb3\x92/\xeb\xc2\
\x06\xa9\x95\x7f\x09w\x19\xb0\x99\xc2\xa5\x95\xf5x)#\
o\x9d\xf4<\x11\xa3\x88\xde\xaf\x93\x8b\xdc\xc6 \x0a\xaf\
\x05\xf1\xb5uMr\xc7\xbf8'\x06o}\x13\x10\xc2\
\x06\xbc\x9a\xfa\x9bO\x83\xa4\x8c|\xd4t\xae\xa1i8\
6\xb5\xf65\x945\x07\x91\xfdkPV\xd6\xbf\xb0\xef\
c18\xf8}@\x08\x1b\xf0\x0e\xaf\xac\xac\xc8\xabs\
M2\x16\xe0h}\x00\x05W\x83\xc8\x0f\x11\x19G\xe6\
4\xa6\x8b\xffH\x0f\x0d\xb8\x92\xb0AqI\x09\x8cF\
#222d}\xe8\xd1\xedH\xcd\xaa\xc0s\xc9\x99\
1\xd9\x97]\x89\xec\xaa.\x94\xb5\x04ee\xfd\x96g\
\xf6\x88\xc1\x89K\x01A\x1b\x84\xfe'\x97\xf6'g\x9e\
\x1c\xdc\xb3\xbfxx[\xc2\x81\xbf7\xc5\xed\xc5\xa6\xb8\
\xd4u\xb6\xddA(\x9fs\xc6\x86\xdcs]H?R\
\x81\xcd;\xde\xc0SI\x87\x02;^\xc9\xc2\xe9\xdf\x03\
\x82\x18\xc8\x8f\xc1`\xd8\xa0\xb8G\xf1\x80b\xabb\xa7\
\x22I\x91\xacHQ\xbc\xa6H\x0d\xc18eg\xca\x87\
(\xaa\xb1\xe1\x9dc\x15rU\x93\x8c\xf9\xb5\xd4H\xce\
,\xc5\xd9\xd6\x80p\xa7\xc1F\xc5}\x8a\x87\x15O*\
\x9eU<\xaf\xd8\xa5HP$\x86x\x91\xb9]{?\
\xc2\x07y\x95\xea\xc7\x96C\xce\x87z7\xaa\x93\xc0\xfb\
\xa6\x0a\xbc\xa7\x08\x1bD\x98\xdc\xab\xb8_\xf1\xa0b\xb3\
\xe21\xc5\x16\xc5\xe3\x8a'B0\xde\xaan\xccO\xbc\
m\xea\x0a\xd7\x85z\xd8\xbbA\x89VS8D\xf5\x7f\
\xc9G\xf7@\x82\xe7\x913\x00\x00\x00\x00IEND\
\xaeB`\x82\
\x00\x00\x02R\
\x89\
PNG\x0d\x0a\x1a\x0a\x00\x00\x00\x0dIHDR\x00\
\x00\x00\x16\x00\x00\x00\x16\x08\x06\x00\x00\x00\xc4\xb4l;\
\x00\x00\x00\x04gAMA\x00\x00\xd6\xd8\xd4OX2\
\x00\x00\x00\x19tEXtSoftware\
\x00Adobe ImageRead\
yq\xc9e<\x00\x00\x01\xe4IDAT8\x8d\xbd\
\xd4\xcfO\xd3`\x1c\xc7\xf1\xb5[i;7\xcc\x96h\
B\xa6\x82\x98\xa1\x1c8\x98\xe0\xcd\x8b(\xa4\x12\xa3\x19\
HH \x1an\x1a\x16\xe5\xc4\xc5\x18B#:\xa2\xc6\
\x18c\xc6\x8f9\x06T\xb3\xf2@<)\x97r\xf1/\
\xfb\xf0}jK\xea\xb6g<\x90\xe0\x93\xbc\x8f}\xf5\
\xc9\xd3o\x9f\x18\x80\xd8Yt&\xe8\xff\x87i\x95)\
H\xb4F%(E\x16F\xfd\xcf\x0blxO\x85-\
\xd5o\x85x\x9a\xe3\xd2\xf0\xa6\xf7\x04\xcblP\xd83\
\xfbz\x08wQ\x864\xbc\xe5M\xe1=\xbb)\xec\xb9\
\x9d\x0f\xe1^\xea\x9c4\xecx\x93\xf8\xc8\x06\x84\xcd\xda\
\xbd!\xdc\xc7\x8fC\x1a\xfe\xe1=\xc6'\xd6/\xach\
w\x9f\x0ev\xbd\x02\xbe\xb0\xbc\xb09\xfb\x92\x1cLK\
\xa3V\xc2Q\xda=x\x84\xaf\xacGX\xa9r9:\
v\xbf\xa9Q*\x1e\x8e^\x14\x9e\xb3\x1ev\xe1\xe7\xc1\
\x03\xbf\xfa\xfem\xac\xb2\x9c\xb0\xb2\x9b\xc3\xda\xee\x15T\
\xf6\xaeb\xa6\x98\xe1\xc0/>\x1d\x94\xda\x08\xeb\xd4\xfa\
\x90eb\xd5\xbd\x88u\xd6\xbe\xcf\xb5\x0b\x98_\xcc`\
\xb4\x90D*\xadr`:\x98\xe9x#\xacP)\xaa\
v\xd72Pq\xb3\xa8\xb2\xe6\xbe\xedd\xb1\xe2d\xb0\
\xb0\xdc\x89;#\x064M\xe1\x0f\x17\xa9\x1c\x95l\xda\
q\x80\xf3\xdf3K9\xf7\xac\x0el\xb8il\xb2\x7f\
+\xd7RXx\x97\xc4\xd8\xa4\x0e\xdd\xf0\xd1\x19*\x1f\
<\xd7\xd1t\xc6\xad\xf0a+\x81-\xd7\x84\xc3\xfeV\
uL\xd8%\x1dC\xc3\x09\x98\xa6\x8f\xben\x85\xb6\x1b\
\xb7#|\xc4R\xf1}GCu[C\xe9C\x02\xe3\
\x13*\x14%\x16\xddi\xa6\x11m{mFq\xeb\xbe\
\x827oU\x14\xc6\x14\xfaP>\xfaJ\xb4S\xa9\xfb\
8\xc0\xf9%\xb3m\x181\xe8\xba\x8f\xbe<\x0e=\x16\
\x8e\xe0|Z\xaeQ7\x82\x17\x9do\x87J\xc1\x01\x1e\
\x0f #\x98\xf7\x96\x97\xfb\x89\xe1\xd3t\x08V\x10\x0a\
\x0b\xb1\xaa\xe0B\x00\x00\x00\x00IEND\xaeB`\
\x82\
\x00\x00\x03\x5c\
\x89\
PNG\x0d\x0a\x1a\x0a\x00\x00\x00\x0dIHDR\x00\
\x00\x00\x18\x00\x00\x00\x18\x08\x03\x00\x00\x00\xd7\xa9\xcd\xca\
\x00\x00\x01\xa1PLTE\xff\xff\xff\x00\x00\x00\x00\x00\
\x00\xff\xff\xff\x00\x00\x00\x00\x00\x00\xff\xff\xff\x00\x00\x00\
\x00\x00\x00\xff\xff\xff\x00\x00\x00\x00\x00\x00\x00\x00\x00\x00\
\x00\x00\x19\x19\x19\x00\x00\x00\xff\xff\xff\x00\x00\x00\x8c\x8c\
\x8c\xff\xff\xff\x00\x00\x00@X\x80yyy\x9a\x9a\x9a\
\x00\x00\x00\x00\x00\x00\x00\x00\x00/A^\xff\xff\xff\x00\
\x00\x00\x00\x00\x00\x9b\x9b\x9b\xae\xae\xae@X\x80E\x5c\
\x82I`\x86\x00\x00\x00j}\x9b\x00\x00\x00\x00\x00\x00\
gggfff\x8d\x93\x9e\x8e\x95\x9f\x9b\xa1\xac\x9c\
\xa3\xad\x0b\x0b\x0b,,,\xc9\xeb\xff\x05\x05\x05,,\
-,-,-,---,444;;;\
???]w\x83r}\x83\x94\xd7\xff\x97\xd8\xff\x9a\
\xda\xff\x9e\xdb\xff\xa2\xdc\xff\xa8\xdf\xff\xb2\xbe\xc7\xb3\xc2\
\xcb\xc2\xe8\xff\xc6\xe9\xff\xc8\xed\xff\x13\x13\x13\xcd\xec\xff\
\xd0\xed\xff\xba\xe5\xffo|\x83;;:{\x84\x8a~\
\x91\x9a\x81\x92\x9a\x83\x93\x9a$$$\x1b\x1b\x1b\x98\x9d\
\xa0V^a\x9d\xdb\xff\x9e\xa5\xa8\x9e\xda\xffYv\x83\
\xa2\xbb\xc9Zv\x83\xa4\xdd\xff\xa6\xde\xff\x5cw\x83\xad\
\xe0\xff\xae\xda\xed\xb1\xbd\xc5-,,_w\x83\xb4\xc3\
\xcd\xb6\xe4\xff\xba\xc0\xc3ax\x83\xbe\xe6\xff\xbe\xe7\xff\
\xc1\xca\xcfbz\x85e{\x85\xc6\xea\xff\xc7\xe9\xffk\
{\x83l}\x85\xc9\xee\xff\xca\xee\xff\xcc\xec\xff\xcc\xef\
\xffm{\x83\xce\xef\xff\xcf\xef\xffn|\x83\xd0\xf0\xff\
\xd2\xf0\xff\xd3\xe6\xed\xd4\xf1\xff\xd7\xf2\xff\xd9\xf3\xff\xdb\
\xf3\xff\xdc\xf3\xff\xdc\xf5\xff\xdd\xf4\xff\xdf\xf5\xff\xe2\xf5\
\xff\xe4\xf6\xff\xe5\xf6\xff\x86\x93\x9aq}\x83p~\x85\
\xe6\xf6\xff\xe7\xf7\xff\xe8\xf7\xffU8~\xaa\x00\x00\x00\
.tRNS\x00\x01\x04\x05\x05\x0b\x0b\x0e\x13##\
$+/3GMOU_rxxxz\x9e\xa3\
\xa4\xa6\xbe\xc1\xc1\xc1\xcc\xcd\xce\xd3\xd5\xd5\xe0\xec\xef\xf0\
\xf0\xf0\xf0\xa1km.\x00\x00\x01<IDAT(\
S\x8d\x91MK\xc3P\x10E\xcf\xbcyI\x1a\x91J\
\x1bJ\x10Ep!\x88\xa2\x08n\xfd-\xfeZ\xb7\xba\
\x90\xea\xae\xb8Q\x88Ti\xab\xd5\x9a\x8f\xd7\xe7\xa2O\
\x92\xa5w5\x87\xcb\x9d\xb90\xf0\x1f\x99\xcela\xb4\
\x0d,\xa7@T\xb6\xa4\x90_\x7f\x0dO\x8b\xaf5\xf4\
\xea\x96,0\xff\xa6$\xaa\xc1\xd2\x92\x05D0(\x10\
\xd1\x92\x05\x8c\xa0H\xec\x5c\x84\xaa\x18A\xd9\x141\xb2\
;\x11;\x88\xb1\xc4\x03\xd5\x5c&\xc1Py\xbd\xd0\xfe\
aBBr\xd8Kb9\x0e\x86\xec\xcbs\x92{E\
Q\x7f\xf0\x96\x8a\xfd[e\xd2\xde\x96\xf7if\xb2\xd4\
O\xef|\x1a\xb1i([\xe5\xeb\xf9C\x95Y\x13\xdb\
\xc6p\x9b=\xcb\xc60\x8b~\x7f\xbeG\xabF\xc2\x8d\
l!]-\xd4\x87D=\x1b,\xe1q5\x9a\xa6'\
\xb0\xfbtv\x1f\x12\x93\xec\xf2\xa5(V\xef\xeb\xf7U\
Q\x1c\x0c3O0DL\xb5P\xc7\x0fN\x9b\xa3Z\
bB\xab7f\xeesU\xd2P\xbe\xec\xd47h0\
\xa2\x9c\xb1o\x96\x8e5\xd5|\xdb\xe6\x8c\xc3*#r\
\x85\xaf\x1c%\xae\xf2F\xe4*$f\x1f\xdc\x02P\xd3\
\x92\x84gV\xb3o\xe8\xfd\xb4$@\x14)\xae\xae\xc1\
6]\xeaH:\xf3/\xc8\xd8}\xef\xcb\x94\xf1\x84\x00\
\x00\x00\x00IEND\xaeB`\x82\
\x00\x00\x07\x8d\
\x89\
PNG\x0d\x0a\x1a\x0a\x00\x00\x00\x0dIHDR\x00\
\x00\x00\x18\x00\x00\x00\x18\x08\x06\x00\x00\x00\xe0w=\xf8\
\x00\x00\x00\x19tEXtSoftware\
\x00Adobe ImageRead\
yq\xc9e<\x00\x00\x03`iTXtXML\
:com.adobe.xmp\x00\x00\
\x00\x00\x00<?xpacket beg\
in=\x22\xef\xbb\xbf\x22 id=\x22W5M\
0MpCehiHzreSzNTc\
zkc9d\x22?> <x:xmpm\
eta xmlns:x=\x22ado\
be:ns:meta/\x22 x:x\
mptk=\x22Adobe XMP \
Core 5.0-c060 61\
.134777, 2010/02\
/12-17:32:00    \
    \x22> <rdf:RDF \
xmlns:rdf=\x22http:\
//www.w3.org/199\
9/02/22-rdf-synt\
ax-ns#\x22> <rdf:De\
scription rdf:ab\
out=\x22\x22 xmlns:xmp\
MM=\x22http://ns.ad\
obe.com/xap/1.0/\
mm/\x22 xmlns:stRef\
=\x22http://ns.adob\
e.com/xap/1.0/sT\
ype/ResourceRef#\
\x22 xmlns:xmp=\x22htt\
p://ns.adobe.com\
/xap/1.0/\x22 xmpMM\
:OriginalDocumen\
tID=\x22uuid:84EF97\
657E45DF11BA74EE\
BB84404729\x22 xmpM\
M:DocumentID=\x22xm\
p.did:D5DF6E77A1\
F511DFAE2BBF0803\
1BDE65\x22 xmpMM:In\
stanceID=\x22xmp.ii\
d:D5DF6E76A1F511\
DFAE2BBF08031BDE\
65\x22 xmp:CreatorT\
ool=\x22Adobe Photo\
shop CS5 Macinto\
sh\x22> <xmpMM:Deri\
vedFrom stRef:in\
stanceID=\x22xmp.ii\
d:3A57C992412068\
11871FAFB9F158CE\
94\x22 stRef:docume\
ntID=\x22uuid:84EF9\
7657E45DF11BA74E\
EBB84404729\x22/> <\
/rdf:Description\
> </rdf:RDF> </x\
:xmpmeta> <?xpac\
ket end=\x22r\x22?>|\x08\x1e\
\xe2\x00\x00\x03\xc3IDATx\xda\xa4V[h\x14\
W\x18\xfe\xe6\xccd7;\xeb\x9aM\xd4\x1ac\x82\xa9\
\x16\x13\x8d\x97\x82B\x11\x15+\x18\x90\x82\x91\x04\x126\
as# \x12(\xa5O\x81b\xde,\xf8\xe2\x83\x0f\
\x011\x84$\x10b\xe9C\xda*X%$\x88Z\x15\
\x1f\xa2\x98d\xebV\xdb\x92\x94\xda\xb8!\xb6\xbb\x9b\xec\
e\xe6\xcc\x8c\xe7\xac\xcet';&\xda\xfe\xf0s.\
s\xce\xf7}\xff\x7fn#\x0c\x0f\x0f\x1b\xf8\x1f\xd6\xd8\
\xd8(\xac\xf4]\xd2u\x1dMMM0\x8c\x7fyx\
\xddl;\xd5\xcd\xf6\xc8\xc8\xc8\xaa\x02\x08'x\x1b\xb8\
i\x82 \xd8\xbeSJ\xc1\xe7q_\xcd$M\xd3,\
\xc0\xde\xde^\x0b$\x1b\xd04\x13\xb4\xb5\xb55\xd3\xe6\
sW%0'q\x95\x1d\x1d\x1d\x8eQ\xf0:\x07\xe3\
\xca\xcd\xbaI\xf8\x9f\x22pR\x9e=\xae\xb9\xb99#\
\xe8\x9d\x22\xe0\x83\xb2#pZ\xd0t:mk\xf39\
&Aw\xed\xc7N\xb8\xdb\x98\xffj# \x84\xa0\xaf\
\xaf/'E<-\xc1`\xd0F\xc0\xdd\x8c\xca\xc1\xce\
\x0a\x22\xf9\x82\xa1<64\xa3\xc6\x22\xe0\xd6\xde\xden\
\x8b\x80\x83+\x8a\x02s\xa7\xe9\x1c\xfcM\x9d\x0br \
\xf03\xff\xcaUZ h\xd1\xd4\x01\x1aM\xfeiK\
Q\xb6z\xde\x97J\xa5r\x94\xaf\x14\x81 \x0aWD\
\x9f[g\xa5H\xe4<A\x88\xa7~\xb1\x11\xf4\xf7\xf7\
[\x83UU\xb5\x00\x96\x1f\xb0@ \x00Q\x14m\x04\
\x95G\xa3\xdf\x86\xef\x14\xed\x91\xfc\x1e\xd1\xd0\x0d(\x7f\
\xc5\x14\x188f[\x83\xb6\xb6\xb6L\x1a(\x03_M\
}v\x04{O,\x8dn*=r\x80\x88\xf7\x96\x9e\
\xde\xa1I\x8d\xb8T\xd6}\x91y\xc4\x22\xe0>00\
\x90\x99\x90\xbdk\x9c\x22hhh\xb0\x08vT?/\
W\xd3\xe4\xd3\xfd\x87\xbb\xa5\xad\x95\xd3^A\xeaT\xe3\
\x11whv\xc2\xd7e\xdbE|rKKKfQ\
WRoF\xa0*\x8b(^;\x06\x91\xf8\xa7\xe6\xc3\
eRd\xf6\x11\xd6o.Fm\xf3x\xde\xfd\x9b\xdd\
\xdb\x8b6?\xfc\xe9\xd1U\xf9\xa0u\x92\xb9\x0f\x0e\x0e\
\xe6\xec\xf9\xecCg\xf6\x1d\xda\xff\x0f\x22\xb3\xdf\xa0j\
g\x0dv\xed;\xe7\x9d\x18\xff\x0eC_\x9f\xc7'\x9f\
\x1d\xc5\xc1\x9aV>\x90\xa5\x1f\xf1\x9c\x08x\xe8N\xea\
\xadm\xab\xc61\x13:\xc3nH/\xaaO^\x02M\
\xfd\x86\xf8\xc2-T\xec+C\xe9G\x01\x8c\x0e\x8da\
&\xfc\xa5\xe1-\x99\x1a\x9a\xbcV\xd8i#\xe0%_\
\x83\xb7]\xd3\x22I\xa2r\xd3u\x94\x94\xed\xc6\xb6\x8a\
\xc3\x88E~\x84(\xc9 \xccE\x9dB\xf6yP\xf7\
\xf9\x09\xfc\xf1\xfb\x8c\xf0,\x1c\xca\xcf\xb9\xecxj\xea\
\xeb\xeb\x1dsN\x95(\xa6\xef\x06Q\xbe%\x00\x82\xbf\
1?{\x1dn\x8f\xcc\x0e\x1de\xd1\xd0Li\xe8j\
\xa6\xcc\xf7z\xf8\x89\xf0\xe6\x10ps\xb9\x5c\x8e;\xe7\
\xf9\xd3K(\xf2\xefB:>\xc9\x16w\x81)w\xc1\
\xe7W\xe0\xf1Q\xa6^}\x03\xfe\x9a@I-A\xd7\
\x949\x1bAOO\xcf\xca7\x22)@e\xf1\x186\
T5A{y\x0f\x9a\x9a@\xec\xa5\x86TRaD\
*\x5c\xf9\x0c\xdc\xa0\x90\xf2\xd6aa\xfeA\x5c\xd3\x94\
\xfb\xd6\xe9^\xfez-7\xf3\xb6d\xfb\xfd\x03\x9a\x16\
_\xec\xa8\x0a\xb2H\xa6\x99\xd29v8\xddl\x0d\xdc\
\xf0\xac\x91\xe1]\xeb\xc3\xc6\x0f\x1bq\xe3\xfbS\xc6\xcf\
\xa3%\xc4z2\xdf\xf5qg\x93\x22\x92[\xdb\x18~\
ry1\xb6\x04\xa3\xb0\xf88S\xadA\xa3\x09$b\
\x8b,\x22\x82\x89\xdb\x83T\x92\xe4!\xdb\x9b\xfc>\x7f\
\x10\x9c\x84HJy,1\xfdCh\xear\x22\xa1\x16\
ir\xe1!\xc8\x05{\xe0^S\x81\xb9\xb9\x07\x06\xa5\
\x89\xd3\xb6\xf4\xbe\xefo\x0a#Y`E-\xbf\x22\xe2\
\xc9\xa9\xae\xe8\xb3P\x1d\x8c|9\x03\x96G/\x84F\
K\x12\xd9\xe3_\x090\x00#\x0fM\xaa\x04:\x0f\xfb\
\x00\x00\x00\x00IEND\xaeB`\x82\
\x00\x00\x03\x81\
\x89\
PNG\x0d\x0a\x1a\x0a\x00\x00\x00\x0dIHDR\x00\
\x00\x00\x18\x00\x00\x00\x18\x08\x06\x00\x00\x00\xe0w=\xf8\
\x00\x00\x00\x04sBIT\x08\x08\x08\x08|\x08d\x88\
\x00\x00\x00\x09pHYs\x00\x00\x02\x99\x00\x00\x02\x99\
\x01\xe4\x94\xa5;\x00\x00\x00\x19tEXtSof\
tware\x00www.inksca\
pe.org\x9b\xee<\x1a\x00\x00\x02\xfeID\
ATH\x89\xb5\x94\xdbK\x93q\x18\xc7\x9fwG\xe7\
\xdajN\xca\x083\xbaJ\xb1L\x9b\xdb\xdc\xe66\x0f\
e\xe5\xe1\x22M\x91\xb4b\xd2\x81\x0a\x95y\xd8<l\
{w\xf44-\xb1%\x15\xd9\xe9\xa2\xba\x10A#\x88\
(\x06\x11y\xd3E\xffA\x07\x88\xba*\x82\x10\xcc|\
z\xd4\x85\xdb\x8ce\xea\x06_\xf6\xee\xf7\xfc\xf6\xf9<\
<\xef\xef}\x01\x11!\x9e\xf9\xf7\x86\xa2\xfe,(\xec\
\xd3\xc5Sp\x8f[<\xf8:.\x02\xea<AT>\
\xfacK\xe5\x1d\x04\xa3/=\x0e\x82\xde*\xe1\x91\x11\
LkxL\x02\xef\xe0\xc6\x0b\x0az\xc6\xa9s\xdci\
\x9aB\xd1\xe1+_\xc1\xe0\x16l\x98\x80\xe0R\x82\xcf\
P\xe7\xc3\xb2c\xb7P^Ec\xd2\xbb\xaa7P\xe0\
;M\xf0\xef`\xf0$\x0a\x8a\x07\xde\xa5\x9e\x9a@\xc6\
\xe8}\xbeq\x02\xa3\xef)\x18\xbcc\x8b\xd7z\xb7}\
[\xcd}\x14\x1f\x1d\x9e\x07\x1d\xbbk\xdd\x02\x82o%\
\xf8\x1cu_\xb0$p\xed&8&W\x8e!\xe8\x1c\
\xee\xf5\x0b\x0c\xdeK\x04\xff@\x9d3\x7f\xd6\xb8\x06\xf7\
tJ\xcd]\xe4\x19\xbd_@c\xe3\xaeS\xe0yE\
\xf0\x9e\x885\x9d\xe3\xdc\xe6\xd2\x00\x8aK\x86\x104\xdd\
ek\x16\x10<\x8d\xe0\xf34\x96\x8c\x88u\xad]&\
,\xea\x99M\xaa\x18EF\xd3=\xb9v\x81\xdem%\
\xf8\x9b\xbfmf\xb4\xf6\x09Y\xd9U\x14\x18=s\xa0\
\xee\xd8\xbeF\x81\xeb-\xe4;_B>\xcb\xd2XX\
\xea\x9cbci,,\xe4uM%\x16\xf7\xa1\xb8\xb8\
\x1fI\xd0\xf1\xdf\x82\x85\xb1\x10\xfc\x17\xc1\x83\x04\x0f\x82\
v!\xf6 \xddTJw\x90\x04A\x9e\x8e\x9d\x91\x94\
\x0c '\xaf\xeb=(-L\xf8\xffw7LrR\
\xeb\x1e\x95\xa7\x1c\xbf\xfdL^q\xcd\xb1R\x90\xef\xf2\
\x90\xe0E\xcc\x8e\xd4\x9d7\x12\x0b}\xc8\xd7\xd9\x10\x94\
\xed\x85\xe1\xb5\xd4\xba\x87J\x827\xcb+\x02(-\xf1\
\xb3\x11\x02\x82\xf3\x09\xfe\x89\x1e\xa4\xb31\x05*\xab\x8e\
\xafs\xa0P\xcf\x22\xe4\xb6=\x88\xae\xcb\xcb\x03\x8c\xf4\
\xd0\x00\x8a\x0c\xaeh\x81\xb3\x96\xe0?i4\xc9\xb1\x05\
\x16\x86\xa3\xb6~\x14\x92\x84QYfA\xd1\x92\x14\xbd\
Gdp\x22_m\x8d\x12h\x9d\xd3\x04_\xd5\xbb\x86\
:\xf7\xf35\x9d\xc8Q\xb6#(\xcc+n6Om\
A\xc8n\x5c\x16P\xe7\xb9\xc2\x22:\x19Z\xfb\xd8\xea\
\x04\xad\xd5\x5c\x95\x059\xb9m\x08\x07\xcc\xdf \xa7Y\
\x12Q\xcfn\x5c\x16\x10\xbc\x93:\xff,-\x1d!\x81\
m\x86NK3\x9d\x16Y\x0cx)\x8de\x9cQ\xb4\
 \x93c&P\x13\x92\xe0\x09}\x1f\xe4\xa9\xda9\x04\
\xae\x0d\x09\x82\x94\x1d\xb0x\xd6\xf3\xba\xdc\xa04\xfbA\
\xd14\x04\xca\xd6^\xd8g\xdaCj1e\x13EB\
\x91\x86\x22\x81\x9c&\x1fd\x9d\x1f\x84LS\x002\xea\
oB\xc6\xc9\xeb\x90\xd9p\x19\xf6_4\x11P\x0b{\
\xcf\xf8 \xfd\x84\x1f\xd2\xeb\x07 \xeb\x82m\xa9+\x00\
\x86\xc2\x0f\x85K\xe1\x85\xae\x05\x94\x84\xb0\x08C\xeb\xe1\
\xf5\x88\x17\x1f}8\xa1\x1ag\xe1\xf7o0\xbfM,\
\xb4)\x0e\x1f\x00\x00\x00\x00IEND\xaeB`\x82\
\
\x00\x00\x01\xc7\
\x89\
PNG\x0d\x0a\x1a\x0a\x00\x00\x00\x0dIHDR\x00\
\x00\x00\x18\x00\x00\x00\x18\x08\x06\x00\x00\x00\xe0w=\xf8\
\x00\x00\x00\x04gAMA\x00\x00\xd6\xd8\xd4OX2\
\x00\x00\x00\x19tEXtSoftware\
\x00Adobe ImageRead\
yq\xc9e<\x00\x00\x01YIDATH\x89\xb5\
\x96\xbfN\xc30\x10\x87\xbfs\x92\xa9}\x00\xb6\xbeJ\
y\x07\x86\xf2\x10,Ll\x94\x8d\x1d\x09F$\x16\x96\
\x8aW`\xaa\xc4\xd0\x07@\x08*1 \xf1G\xa1K\
;0\x1dCRb\xc7vU9\xd4R$\xe7>\x9d\
\xef~\xbesbQUv9\xccNW\x07\xf2\xf5d\
\xff\xf0\xec\x048h\xf1\xc9\xfd\xed\xe9y*\x03@U\
QU\x86\xa3\xf1\xecy\xa5\xfaPV\xcf\xddS\xa9\xc3\
\xd1x\x06\xf4R\x99\xaa6\x0a\x00\xca\x1f\x98}V\xf3\
\xe9\xf5\xe5\xda\xbc\xd7\x81\xbd8\x01\x04\xc8\xa4\x99\xd7\xa3\
\xdf\x859\x01\x8c@f\x9a\xf9\x7f07\xc0\xda N\
&\x7f,\xab\xed!\x96\x0bh\x80y\x0ar\xd38\xb5\
Y!q\x96G\x98\xaf \xb6\x0d\x89\xccSP\xf8\xc5\
\xea\xc4\xe2[\x14(d\x0as\x02d@\x11\xa9A*\
s\x15\x98*\x13Q\x90v\x96\xc6*d\x84\x09\xbe\x9f\
W\xe4\xa2\xeeC\xafS\xac,Cm\xba\x9d\x82z/\
%\x90e&\xd6\x22\x01\x16\xf3\xf3k\xb0\xa9\xd7\x0d\xa0\
\x11u[\x9d\x03\xeb\xc8{5\xa83E\x02l\x83\x9f\
\x7f\xd0b\xbd\x9e\xc8|\x05\xb1NIdN\x80\xaf\xc5\
77W\xd5\xf7\xfc\xedu\x0e\x0c:3;\xc0\xe4\xe8\
\xf8\xc2z\x1d\xb0\xf8\x98?\x02\xcb\x0e\x0c\xb1o\x15\x22\
\xd2\xa3\xfa\x13\xf5k\xd3\x12xW\xd5U2\xdb\xf5\xb5\
\xe5\x17+l\xab\xda\xcb\x8c\xb3\xf4\x00\x00\x00\x00IE\
ND\xaeB`\x82\
\x00\x00\x02\x8f\
\x89\
PNG\x0d\x0a\x1a\x0a\x00\x00\x00\x0dIHDR\x00\
\x00\x00\x16\x00\x00\x00\x16\x08\x06\x00\x00\x00\xc4\xb4l;\
\x00\x00\x00\x04gAMA\x00\x00\xd6\xd8\xd4OX2\
\x00\x00\x00\x19tEXtSoftware\
\x00Adobe ImageRead\
yq\xc9e<\x00\x00\x02!IDAT8\x8d\xed\
\xd2Mk\x13a\x10\xc0\xf1\xff<\xdb\x8b(\xfd\x00\xc5\
\x837?\x80\xa1'=\xe8AO\x82\x17o\xa2\x9e\x04\
\x11\xf1K\x88\x1e\xf4\xd0V)\x06m\xb5b\xda\xd4P\
j\x85\xd8P\xb5\x0a\xe2\xa51&\x0a\xe2K#\xb4\xd4\
\xd2\xa4\x89m-\x89yk2\x1e\xb2\xb1\x9bl6\x90\
\x837\x07\x96y\xe0\xd9\xfd13;\xa2\xaa\xfc\x8b\x90\
\xffp\xd7\xb0\x88\x1c\x07.\x02w\x80\xe7\x80j\x87\x8f\
\xbb\x81\xa7\xcf]9pj\xea\xc1\x12\xb9_\x9c\x04\xe6\
\x80\x8a\x17\xde\x0d\xac\x03\xc1~^F\xa2D\xc6\x95J\
\x99#\xc0\x82\x17\xde\x04\x8b\xc80\xf5v\xdb\xc6\xed\xc9\
~\x92+Q\xbe\xbc\x83\xd73J\xb1\xc0Y`\xb2\x1d\
\xde\x0a\xab\xff\xf1\x09~\x17\x7f\x22\x16\x08 \x02\xc6\x80\
\x18\x8bby\x93\xcd\xedE\x8c\x08\xc9\xcf\xca\xf4\x88R\
\xc8s\x18\x88\xb6\xe2.x\xf0\xa1\x8f\xd5L\xcc\x01\x82\
\x91z\x96F6P\xad\xc0\xfb\xb70\x1bTj5\xce\
\x00!'\xee\x82o=\xf2\xb1\xb6n\xc3V\x1d\xc5\x81\
\x1bcwb\xc0\x18a\xf1\x93\x12\x1aQ\xb6\xb78\x0d\
<m\xe0.x8P\x87\x8d\xd9\xadXZ\xd0\xbfw\
\x02\x08,\xbc\x81\x99\x80R*\xb2\x1fH\xab\xea\x8e{\
\xc6\x01\x1f\xa9\x8c\x07,\xcd\xa8\x18\xc8\xe7!\xbd\x0a\xfe\
\x9bJ\xa9\xc4A`YUK.\xf8\xde\xb8\x8ft6\
\x86\x18\xb0\x1c3\x15\x07\xda\x18K.\x07\x99\x14\xccG\
\x94D\x94'\xc0e \xab\xaaE\x17<:\xe1c=\
\x1b\xdb\x05\xac\xe6J\xb1\xcf\xb9\x1c\xa4\xd7\xe0EX\xf9\
\x18g\x16\xb8\x06|\x03\xb6T\xb5\xec\x82\xc7\x82\x87\xc8\
\xd8\xb08*l\xfcHq\xa0sa\xf8\x10'\x02\x5c\
\x05V\x80\x0d\xa0\xa0\xaaU\x17|c\x10\x96\x97\x9aW\
\xcc\x18\xe8\xeb\x83\xde\xde\xfaLS)\x884\xa3?\x1c\
\xe8N\xbbu\xf3\x03\x17\xf0\x88\xbb\xf7\xe1{\x12\x22\xcf\
 \xd1\x01m\x07\xf7\x00{\x80}v\xeeq\xb8_G\
\xc7`h\x00\x12q\xc2\xc0u/\xb4\x1d,\x80e\x83\
\x16`\x1c\xef\x0e\x1d=\xc6\xf9W\xf3\x84lt\xc3\x0b\
u\xc1\x9dBD\xf6\x02\x97\x80\x09\xa0h?m\xd1n\
a\xe3\xe8\xa4\x06T\xbdP\x80?m\xcaV\xe4m\xd4\
\x88\xab\x00\x00\x00\x00IEND\xaeB`\x82\
\x00\x00\x05\xca\
\x89\
PNG\x0d\x0a\x1a\x0a\x00\x00\x00\x0dIHDR\x00\
\x00\x00\x18\x00\x00\x00\x18\x08\x06\x00\x00\x00\xe0w=\xf8\
\x00\x00\x05\x91IDATx^\x8d\x95\x0blT\xc7\
\x15\x86\xbf\x99\xfb\xd8\xf5\x9a\xf5\xda\x06\xf30\x8e\x1d\x13\
H\xf3\xb0\xdc\xd0\x84\xf4!J\xd4\x9a\x10H\x1c\xea\xa4\
i\xe2\x84 (\x88GS\x09\x0aiR)\xa9*H\
H\xabJ\x81TQ\xc5+\x85\xd0\x16\xb7)\xb8Q\x12\
\x90\x5c+4\xcd\x8bPJ\x95\xb5\xe5&\xc6P\x82\xed\
\xae\xb76\xf5\xf3\x81\xbd\x8f\xbbs\xba\x8aV\xb8\x1bZ\
\xe8/\xfdstf\xa4\xf3\xcf?G\xa3\xa3D\x84\x0c\
\xd8\xb7N-\xfdC\x98ym\x11f\x8e\xc7\xf1#(\
@P\x08\xa0\xf2r)\xbc\xa9\x94\xf8\xd7nf'\x9a\
\xe6U\xbb\xa4\x9b\xabAD>\xe5\xee\xd5<\xd2Rw\
\xdb\xd0\xa6\x07''\xe4\x7f \xe6\x89<\xfd\xedB\xf9\
\xdb\x1e\xf5\xaf#O\x13\xdd\xfa\x00e\x22\xc2\x95h\x93\
\x81\xf1XYq\xfb\xbc\xbc\xe2\x93\xedtuu`;\
\x01</\x89\xa0\xd0\xca\x22\x85\xe2\xa7[6S\x22\xfd\
\x9c\xe9 wt\x90\x84_\xb3e\xe7\x0a\xd5\xa5\xe1Z\
\x81\x5c\xdbf\xff\x9a}r\x84\x09\xa0\xc9@\x0cS\xb1\
\x87\xc0\xeb\xa5\xb3\xa3\x9d\xa6p3\xe1p\x13\xcdi~\
\x18\x0e\xf3\xde\xe1-\xcc\xcd\x0fS>\xebVB\xe5\xdf\
\xf2\xcd\xbecc\xa8\xfa\xb1\xdd\x0f\xdd\xfbd\xc3\xa6e\
\xcf\x9f\xad]\xbb?Qss\xd5\xda\x03;\x96\xa9\xef\
\xfe\xd7'\xfa\xf9#4\xc9\xe9o\xcas\x1b\x02\xf2\xe2\
\x8b/\xc8\xea\xd5\xdf\x91\xda\x87\x97\xc9=\xd55\xb2p\
\xd1\xbd\xf2T\x8d\x92\xc4\xd8\x90\x5c\x8e\xb8$\x92c\x97\
\xb2\x86\x9f-\x8a\xeex\x94\x8d\x99\xba\x13\x0e\x8cB\xa5\
\x8caNe%\xc7\x8e\xd5\xf3Q\xcb1\x22\x1d'\x19\
\xe8m!\xe0o\xc3\xe7\x0a\x82\x07$A\x06\xc0\xf4\x83\
\xe9%>6@\xff\x85N\xbc\x94\x07\xc0\xe2\x8d\x8d3\
\x5c\x8b\xe5J)\x07\x98\xe8\x812\x08(\xe6U\xe41\
\x9a\xd0\x8c\x8c\xd8\xd8\xb6\x85BQ^\x1e\xe2\xc2\xf1\x0e\
\x14I`\x0cR\x17A\x04\x94\x22\x11\x1bf\xa0\xaf\x1b\
t\x80\xbc\xfc\xa98\x8e\x8fP\xf1uEpn\x1a\x10\
\xb9$ \x1a,[1\xa5\xc8\xc7\xdd\x8bK\x89]L\
\x90\xf0Rh\xad\xc8\xc9\xb19\xd1\xecd\xec\xa6\x80\x18\
h\x0b\xc4C)C\xd2\x8b\xd3\xdc\xf4^:Z\x14N\
.!\xdaq.\x09\xe4e;P\x08\x8e\xc6\xefj\xb4\
\xed\x10\xf0k@\xb0-\x85\xdfg\xa5s\x0b\xcb\xd1\x80\
\x02\xdb\x01I\x81\xd1\xd8\x96\xa4\xcf@R\xe3\xc4c\x1e\
)\xaf\x88\xd88\x06\xb0\xb2\x04\x04@+l[a\x05\
\x1c\x94\xd2\x1cy\xe3\x0c\xaf\x1dmel,FW\xeb\
\x10\xbf\x09\xaf@iCaA\x90\xfbk\xeed\xc1\xc2\
\xaf`\xeb\x04\xf9\xa1\x00\xe5\xa5\x93\x89{>\x82\xa1\xe9\
\x04\x5c<\xc0|\xd6\x01h\xf5)\x95\xa3\x89\xb4\x0fp\
\xf0\xe88\x0fo\xfe\x0b\xa7:\x83\xcc\x1c\x18\xc62.\
\xae\x11\xe6\x96^\xe0\xd5\xd7\x7f\xc0\x82E_\xc4v\x85\
\xe0$\x07\x9f[\x80QA|9\xd3\xf0\xbb\x18 \x99\
%`[\x08\xd6\xc4\xcf\xc8\x0d8x\xf1Q\xfaG\x87\
i\xe8*\xe4\xa3\xd6\xc9$\xfa\xc0\x17\x87MK\x82t\
v\x9e\x07FA<\x5c;\x85c\x81J/\xb8\xb9\xe9\
\x1c\x03\x98\xac\x8f\xe6\xda\x80#`\x03\x16\x14\x5c\x13\xe4\
\x89u3x\xfd\x99[\xb8-\xe7\x14:\x07\xd0\x10W\
\xe0yC\x04ss\xc0\x18\x90L\x10\x00\x05\x80\x12\x00\
\xc8r\xb0\xb5\x9e\xca\xfe\xa20\x0f\xdcW\xcc\xb4\xb2\x11\
\xa2\xd1!\xce\xb6\xf50\xbbb\x01=n\x11\xe2\x07r\
@\x01\x96\x0d\x22\x99\xcai\x8a\x08\x00d\x22d\x0b\xa0\
\x94zp\xeb\x81\xdd\xd6\x94\xd9\x9f\xe3\xb9\xfd?a\xb8\
\xe78E%\xb3(\xbb}-\xd1\xfbV\xf2\xe6\x19\xf0\
\x5c\xc8\x9b\x0a\xf6\x18\xe0h\x8c\x11\x10\xc1\xa4\x0c\xc6\x98\
\xcc\xcd\x0d\x1a\xb9\x5c\x00\xe8\xeem\xff;\xd7W\xd7R\
\xb2\xbd\x91\x9e\x9e$\xed\x9eCc/D\xbb\xc1\xe7\x87\
\xbb>\x0f7\xfc\xf3Ox\xbeY\xcc)/\xa3\xf5b\
\x02\x8c`\xc4 i\x02\x99\x98\x0d\x0d \x22\xef\xc6\xde\
|\xbe\xf3w\xcb+\x09\x1e\xd9\x85R1\x86\x05\xf2|\
\xf0\xd5\xc28\x8f\x15\x9f\xe1\xa6w\x96\xf3\xf1o\x1fg\
\xe0\xed'\x88E\x1a\x99\xff\xe5J\xc4KaR)D\
$\xe3H\x01\xf6\xa5Vd5\xf9K7\xd0wx\xcf\
\x17x\xeb\xc0\x8fq_\xdaL\xcd\x89\xed\xack\xdfG\
\xd5\xc7\xcf\xd2sh%G\xeb\x0e\xd2\xd0p\x88mO\
\xad\xe0\xb5_=\xc3\xd2\xea\xf9$\x93\x1e\x06\x0d\xcaE\
\xd9A,w\x0a\xe0`i4\xa0\xb2\x9a\x1c\xf7P\xf6\
\x94 G\xf7F\xf8\xf3\x07\xbf\xe0\x83\x0f\xa1%\x02\x17\
\xc7A\x83\xb7\xe6NH\xe1\xd8\xa5\xe5%\xd4\xa5/P\
P\x90\x8f\x88\x83\xe5LB\xdbyXn\x88\xe4h\xdc\
t\xb7\xbd<z\xea<\x9f\x00^\x96\x03\x01\x0b\xaf\x8d\
7\x1a\xe1\x9d&\xe8\x1f$13H\xdf\xad3\xe8\x9c\
?\x9dV\xe31`\x8c\x831.\x05\x85%hg:\
np\x0e\xda.&z\xbai\xe8\xc4\xc1\xc7\xff\xf1\xfb\
\x1f\x95\x9f\xdd\xb2y\xd5[\x0d\xcd\xd4\x03\x83\xd9#s\
\x15\x07\xce\xfd\x11\xd9\xba\x8a\xc1\x9d\xeb\xf9\xa4n\x03\xa7\
\xd7WQ\x7f\xf7-l\xcb\xf7\xb3d{-\xefK*\
.\x22\xa3\x22\xa6O\x06#'\xc7\xffZ\xbf!\xf2\xea\
\x0fK\xda~\xbd\x9e\xd6\xaa\x1b\xd9\x9ek\xf3\x0d\xe0F\
\xa0\x00\xd0\x222!\xb0o\x1d_\xdf\xbb\x86C\xdf\xbf\
\x87]\xf3f\xf1dQ\x90%\xc0l _Dxy\
-\xbfL\x8ctI\xdf\xf9\xe3\xb1\xb7\xf7,\xedx\xe5\
{V\xdb\xe2\x0a^*+`%0\x17\x98\x0e\xe4|\
v&s\xd9\x06\x84\x80|\xc0\xf9\xcf\xfdW6\xb0p\
\xefj\xea\x9f\xbd\x9f\xc3\xf3\xe7\xb0-\xe0P\x0d\x5c\x07\
L\xba\xd2\xd0W\x99\xa2\xff7\x94R!\xc0\x01FD\
$\xceU\xf0o\x03\xe2\xf6\xe2\xccie\x93\x00\x00\x00\
\x00IEND\xaeB`\x82\
\x00\x00\x03u\
\x89\
PNG\x0d\x0a\x1a\x0a\x00\x00\x00\x0dIHDR\x00\
\x00\x00\x18\x00\x00\x00\x18\x08\x06\x00\x00\x00\xe0w=\xf8\
\x00\x00\x03<IDATx^\xb5\x92Ko\x1cE\
\x14\x85\xbf[]\xd5\xdd\xd3\xd3\x9e\x87M<3\xf6\x10\
\xcb\xbc\x12$VH\x80\x14\x88\x10\x0f\x81\x10H\xfc\x02\
\xc4\x86-b\x9f\xdf\xc1\x1ae\x95lX\x84\xaca\x95\
\x10\x09\x16\x80#\x16\x86@\x08x\x82c\x92x&\xb6\
\xc7v?\x0b\xe3\x92`l%-\xa48\x9ftu\xd4\
\xb7\xa4{\xea\xdcj\x01\x16\x80\xc7\x01\x05\x08G\x83\x05\
J`E\x80W\x8a\xa2\xb8\xc4#\xc0\xf3\xbc\xd3\x1aP\
\xd6Z\x1c \x22\x1c!J3A\xe7\x83+d\x05\x0f\
\xcd\xfa\xb9S8@\x032\x99`\xa3u\x9a\x87\xa11\
\xba\xc4\xc4<\xd1\x80kL\xe0k\xb0\x16\x94\xb0\x9f\xa8\
\xb4\xfco\x84\x83\xe8\xc3\x83{\x0dxq\x11\xf2\x02Z\
\x11,\x0d`0\x04\xa3a'\x05\x11\x10\xf6\xd5\x15\x07\
5J\x0e^\xf8@\x82g:\xf0\xfe\xdb\xce@\x09\xec\
f\xf0\xcdo\xf0\xda\x09\xa8\x07\xf0\xe3M8s\x01\x84\
\x07\x1b\x99\xed\x0a\x83\xe3mx\xe2\x18\x08pg\x0b\x96\
V\xe0\xdb\x1bpq\x09B\x1f\xc6\xbb\xf0X\x5cm\xc0\
f\xc5\x8a\xd66\xe1\xec\xd7n\x1di\xe1\xd6\x94\x950\
\x15\xba!A\xdd\xa9\x120\x1e\xf8\x1e\x04\x06\x00\x92\x0c\
\xf2\x12\x92QE\x82\xd8\x07\xad\xdd\x90P\x83\x18\xa8\xf9\
 \xb8\x87\x067\xb8]\x83\xfe4<y\x0c\x22\x03I\
\xee.\xf7\xebm\xb8~\xb7\xc2\xa0Q\x83(\x06&\x22\
\xbf\xf1,x\x02\xab\xf7\xa0(\xa1\xd7\x84\x9a\x81\xd9\x06\
X\x0bq\x00\x00\xfd6\x9c\xec\xc2\x85A\xc5\x8a\x9a5\
h\xc6\xe0\xfb7\x88\xea\xdf\x93\xa5=~^{\x81\xc8\
x\xfbI\x02\xedn;N\xe0\xce\x18\xca\xd2\x0d\x16\x81\
\xe16l\xec\x82\xf6*\x12\xb4\x1b\xdf\xd1\xe9\x7fF\xbd\
\xb9I\xe8\x8d\xc9l\x81*\xba\x14\xc9s$[\xaf\x92\
\xa6/\x91\x97\x80\x05\x91\x01B\x87\x95\xa1\x01q=\x80\
\x9a\xa90\x18\xed|J\xb9j8\xd9\xe8\xf0\xc3\xe5\xab\
\xe8\xa9\x80Fw\x85\x22\xbd\xc2\x5c\xef\x0b\x94m\xe0i\
H\x8a\x82(\xf6)T\x82N\x9eB\xb6\xdeC\xa7o\
\xa2T\xc0v\xadbE\xb9\x9d&\x9e\x9ecyy\x95\
\xf5a\x1b\x19\xc1\xfajI0\x151\xfck\x17\x13\x95\
\xf8\x91\x8f\xb6\x8af\xdb\xa0M\x9d\xdc\xdeB\x82\xb3\x04\
\xfe9jE\x17\xcc\x14\xd6>\x7f\xff\x04\xe7\xaf\x7f\xcc\
h\xfc\xdf\xa1\x08\xa0\x04\xd9\x06\x11A\x00Q\x80Rx\
\x22\xd4\x8d\xa2\x1b\x0a\xf3\xa1bi\xb3\xe4\x9d\xbe\xe1\x14\
\x17+~\xd3^\x1do\xb1\x85\x88\xa0\x00\xab\x04\x04\xf7\
\x9a@`<\xe6\xb4\xa0\x14\x84\x0a\xb4\x08\xa1\x07\xef\xce\
Z>\xf1\xafqB}\xc5\x9fW\xbf\x04>\xbc\xff\x8a\
\xe2\xe9\x08\x7f6\xc6b\x89\xc5\xd2RBM\xc0x\x8a\
\xc0\x08O\x07\xa0\xb1tB\xcb\x02\xd7\x98\x91?\x98\x93\
ef\xd2\xcbH\xbe\x8b\x94)k\xc9\xf0\xc1\x09\xe6k\
\x1a\xd3\x0a\xf0\xb14\x95\xa5\x1f\xc0\xbc\x9fp\xdc\xbb\xcb\
\xa2\xfa\x85^\xfa9&\xbb\x09y\x8a\x94\xffT\x86\x14\
N)]O%\xe3\xc3\x06\xd8=\x10\x11\xdejn0\
38OK\x86\x84\xe5-\xe2\xfc'\xbc\xfc6\xd8\x8c\
Q\x99s\xcf\xe6\xc8\x9e\xca\x9eRf\xe0\xbe\xff-l\
\x86\xda\xd3\x09\xacv\xeaR|\xf4\xf2\xeb\x1c\x05\x87\x13\
\x94\xae\xf1H(\x05Xp\x85\x01|g\x8aq\x8a\xef\
\xfa\xeel\xe2;=T\x19\x90Oh\xe2\x8a\xdf\xff\x06\
\x0fwh\xfd\xd65\xca\xd6\x00\x00\x00\x00IEND\
\xaeB`\x82\
\x00\x00\x03R\
\x89\
PNG\x0d\x0a\x1a\x0a\x00\x00\x00\x0dIHDR\x00\
\x00\x00\x18\x00\x00\x00\x18\x08\x06\x00\x00\x00\xe0w=\xf8\
\x00\x00\x00\x04sBIT\x08\x08\x08\x08|\x08d\x88\
\x00\x00\x00\x09pHYs\x00\x00\x03v\x00\x00\x03v\
\x01}\xd5\x82\xcc\x00\x00\x00\x19tEXtSof\
tware\x00www.inksca\
pe.org\x9b\xee<\x1a\x00\x00\x02\xcfID\
ATH\x89\xb5\x94\xdfKSa\x18\xc7\xad\x0b\x03/\
\x83\xae\x82\x82\xba\xa9\xeb\x9cSw\xe6\xb2\x82\xa2\xa0\xa0\
 \x22\x22\x22\xbaV\xb0\xbfJ\xc1k\xc1\x0b\xb5s\xdc\
\xbcI\x0d2\x1bBG\x89\xcc\xb9\x1fg;\xdb\xce\xe6\
\xa6\xee\xdb\xf7y=\xef<\x8e\xe4L\xac\x17>\x8c\xb3\
\xc3\xfb|\xde\xe7\xc7y{\x00\xf4\x08\x5c\xd7I\xe2\x8c\
\x5c\xd6\xfbO\xa3' \x18\xc1\x19V\xadV\xc3\xec\xec\
\xec\x06\xf7]\xedV\x90\x90\x8d\xcdfS\xb1\xbf\xbf\x8f\
\x83\x83\x03\x1c\x1e\x1e\xa2\xd5j)\xe4\x7f\x09\x5c\xa9T\
\xb0\xb3\xb3\x03\xdb\xb6a\x9af\xa6\xb7\xb7\xf7\xd6\xb9\x05\
\xf2\xdbh4\xe0y\x1e\xca\xe52\xb2\xd9,\xb6\xb6\xb6\
\x90\xc9d`YV\xae\xaf\xaf\xefN\xd7\x02\x09\x1e&\
(\x14\x0aXYYQ\xef\xb4\x84\x99\xdc>w\x06\xba\
D\x8e\xe3`ff\xa6]>\x91\xb0\x5c\xbb\x8cs\xed\
\x5c=\xa8\xd7\xeb\xa8V\xab(\x95J\x98\x9a\x9a\xc2\xe4\
\xe4\xa4\xcahuu\x15kkk\x98\x9e\x9e\xded\xac\
+\xa7\x0a\xe4\x94\x9d\x02-\x91\xe7\xbd\xbd=U&\xc9\
\xa2X,\x22\x9f\xcf\xab_\xe9\xc7\xf2\xf22R\xa9\x14\
\xfc\x89\x0c\x174Y\x8e\x8d\x89\x09\x14\x93\xc9\x13Y\x88\
$;7\x87\xf5\xb11\xb8\x14H\x06\x1a9\x8c\x1f\xeb\
\xef\x02\xd9\xac\xcb$\xc1?G\x22\xf8\x1a\x8b\xa1\xecK\
$\x80k\x99X7\x86\xf0\xa5\xbf\x1f\xe9\xf1q\x95\x91\
 \xfd\xc1Q\xb0\xd3\x05Rc\x9d\x85cY\x0c>\x8c\
tt\x00\x9b#1\xd4RI\xd4\x97\x92\xf8\x950`\
\x0fF\x906bpLS\x1dJ\x90}]\x09\x82Y\
\xb8\x94\xd8\x0c\xbe=<\x80\xdc\xa8\x01\x87\xe4\x8c(~\
\xdf5\xe0Q(\x19Iot\xbfB\x05\x92f0\x0b\
\xa1\xbah!\xcb\x80e\x06\xae\xc5\xa3(\xdf\x8b\xa3\xb1\
t\xdc\x97 \xa1\x02]K\x9d\xb2\x08*\x8b&\x0a<\
\xb9\xc7\xe0\xad\xc4 <\x11\xf8\xa7\xef$TP\xe1\x8c\
+\x89_\xaa\x12k\xfc\x93%\xdae\x89\xdc\xd1\xb8\x0a\
.\x99HF^r\xb1]\x1eM\xa8\xa0\xcc\xf9\xae\xfa\
\x92\xec\xc2\x02\xbe\xc5\x86\xf0#\x1a\xc1v\x82Mf&\
\xf5\xa4\xa5z\xb1=4\x00;\x1eS=\xd2\xc1e\xb4\
C\x05\xae\xcc\xb3/\xf9\xce\x11T\xa3h\x0c\xc35?\
\x1d\x97\x8cc\xba\xc9\xe0i\x8a\xed\x8f\x13\xed\xbb\xab+\
\x81\x5c\x01ZR\xe1}#s\x9e\x9b\x9foO\x97\xee\
M\x91\xa5\xb3\xf9\x9d4x\x10=\x0cB\xa8\xc0\xe1g\
\xaf$\xae{$a\x00]2=aAY'\xa1\x82\
\x02O-\x92\x22%%\x91\xe8l\x02\x22\x8f\xa2\x9a\x86\
\xb2 \xa1\x82<\xef\xf9N\x89\x1b\x14\xf9\xfdQ\xf8W\
\x84F\x9e\xff*\xe0\xbaH\xee\xe3\x1f-\xc6zD.\
\x91\x0bZ \xeb\x06y\xe0\xbf|B\x9e\x91\x17\xe4\x15\
yC\xde\x91\x0f>\xef\xc9[\xf2\x9a\xbc$\xcf\xc9S\
\xf2\x98<$7%\xf8\x89\x12\xfd/\xfe\x00\xb0Y\xcd\
,d\x08XC\x00\x00\x00\x00IEND\xaeB`\
\x82\
\x00\x00\x04h\
\x89\
PNG\x0d\x0a\x1a\x0a\x00\x00\x00\x0dIHDR\x00\
\x00\x00\x18\x00\x00\x00\x18\x08\x06\x00\x00\x00\xe0w=\xf8\
\x00\x00\x04/IDATx^\x9d\x95]\x88\x94e\
\x14\xc7\x7f\xe7y\x9e\xf7\x9d\xd9\x99\xd9]mwew\
E%\xcdos\x03I/\x82$$Kh\xc0\x9bZ\
\xba\xea*\x8c\xa2\x08Z\x88\xae\xaa\x8b0\x83 \x8c$\
\x8an\x0c\x0a\xa9\xbc\x10L\xb4\xa0\xee\x04Qt\x05\xdd\
\xdd\x16\xf3cw\xdd\x0fY\xc7\xfd\x9a\xd9\xddy\xdf\xe7\
\xe9\x9d\x87\x99%\xc1\xd6\xd6?\x9c93\xf0\xce\xff\xc7\
9\xff9\x8ct\xec\xe2\xe5\xc2\x1d\xb6\x94JD\x93\xf7\
(\xcf\x95\x88Y\xba\xba\x9ds\xbf\xf3\x00\x99\xb6\xc7\xdb\
\x0e\x1c\xfa\xf4\x87=Z\xca\xb467\xa3u\xc0\xdcl\
\x99(\x8a\x09\x82\x00\x80t:M\xa9T\xc2\x18\x83\xb5\
\x16\xa5\x94\xef\x00\xbd\xbd\xbdtvvv\x01\x0f\x06h\
\x93[}\xf6\xc2UF\xc7Fi]\x91eu{\x13\
\xdb\xd6o`bb\x16g\xa9@|\x15\x8b\xc5\x8a\xb1\
/\x11!\x8a\x22\x00N\x9d:\xc5bR\xb8\x89\xeb-\
M\x0dLN\xcdp\xee\xe2m\x8e\x9d\xb8L\xff\xad\x9b\
46f*\xc6\xde0\x8ec\x1a\x1a\x1a\xfc\x04\x89\xf1\
\x02(\x8eb\xb4\xd6\x8b\x03\xae\x9c\x1b;\xfb\xe2\xb3;\
\xd8\xbfo\x87\xe7MO\xcfq\xfc\xe4E\x22f\x08B\
\xbc\xb9\x88\xa0\xc4\xa1tD&\x93\xc2Z\xeb\xe1\x99l\
\xc6\xbf_\x14p\xa3\x9f\xa9\xf2<\xacZ\xb1\x92\x0f\xdf\
\xcb\xd3\xd2\x9c\xe3\xc6\xc0]>\xfb\xea\x0caF0\x81\
#\x0c\x15\x12\x96\xf8\xe6\xd8\x9f\xe8\xa0L.\x97\x05\xf0\
`c\xcc\xe2\x00\x00\x11\x85\x924\x81\xe4\xf8\xe0\x9d\x97\
ho}\x8c[\x83\x05>\xf9\xe2\x04\xa9\x9c#\xd3\xe8\
8\xfc\xdd\x1f\xf4\xfc5\xc2ha\x12\xa5\x9c7\xae\xfe\
\x08\x1e\x0a\xf0\x0f;\xe7\x98\x9b\x8d\x09$\x9bL\xb2\x9f\
\x95\xed\xcb\x19\x1c\x99\xe1\xe0\xe1\xdf\x92iNs\xa5o\
\x18\xe7\xe0\xef[\xe3 ~\xf7\x0b\xb5\x98\x0c^\xd4\x02\
\xf5 -u|\xd4\x95\xe7\xe3\xcfO20T\x00@\
)\x83\xb51W\xfbFx\xfe\x99\xed\xd8X\xd5\xbe\xf3\
\x7fV$\x84a\x88\x08\x1ebt@}\xae\x9ee\xcb\
\xb2\xf8\x80\xb5\xa9B4}\xd7\xee\x90\xcb\xe6\x08\x02S\
\xcb\xe1\xe1\x13$\xbb\xac\x06\x16\xe0\x881a\x99\x83_\
\x9e\xa6\xa7o\x14\xd1\x06\x01&\xef\x0eQ\x9c\x1a\x07\xe0\
\x97_c\x0a\xb7\xeb(\x15-\x97.]\x02\xd8\xfd\x1f\
\xa0n\x0f\xc0\xe1GE\xa0\x1c\xcds\xe8He\xe7C\
\x88\x1f_p8o\xde\xb6i/Q\x04\xd9\x96}\xec\
\xc9\xefdn\x1e:\xdf\x868vy\xa3%\xef\x00\xf0\
\x9f\xe9\x1f(\xf0\xdasM]\x1e\xa0\xb4\xf2\x07\x94\xc9\
d\xd0Zx\xff\xcd<\xd7\x07G\x92u\xdcNj\x8c\
\x9e\xfe\x11@\x88\x22\x97\x98:.\x5c\xbe\xce\xfa'w\
2>Q&\x0c\x02\xac\x03\x1bG\xd5,\x0d\xce\x09g\
~>r_\xc8\xde\xdc\x1f\x90I%0\xc5\xe6\xb5\xeb\
\xd8\xb6\xfe\x09\x10\x8b\xd6\xf0\xe3\xf1y2\xcd\xfb\xb8\xdc\
3\xc0\xd8\xf8\x04\x02\xd4\xa5*\xe6\x8e\x94\x11\x5c\xf5\x1e\
\xacu\x88\x80\xb3\xee\xfe\x0c\x8a\xc5\x12\x88\x10\xc7\x91\x0f\
\xd3\xc6\x80\x13\xacSD\xc0\xccx\x03/\xec\xdf\xc5\xe6\
\xa7\x9eFP\xcc\x96\x1dJ\xc0(\xf1\x10-\xbe#X\
\xbfn\xade\x01P\x0dXc\x12\x10\xce\xf9I\x5c\xd2\
\x01\xa4\xfa:?'X\x0b\xf3e\xc5\xde\xad\x00\xc2\x82\
\x90\x7fu\xcd\x99+x\xf8\x02`xx\x98\xa3G\x8f\
R\x85y\xf3Z\xaf\xe9\xfc\xf9\xf3\xbcr\xc0\xa2p\xbc\
\xfa\xee\xb7\xa4\xd2i\xc20\xa8=\x97\x14X\x1bQ\x9c\
)\xf1\xc6[\xaf\xdf\x07\xe8\xee\xe8\xe8\xe8\xe2\xe1\xdam\
\x8c\xe4gKS\xd4\xd7\xe7\xd8\xb0qS\x0208\xf0\
fQd\x11q\xf4\xf5\xf4r\xaf0\x0dX<\xa0\xfa\
O\x94\xd4\xe2\x12\x11D\xc8\xa7R\x01\xeb\xd6\xad\xa5\xad\
\xb5\x89t\xaa\x0e\x1d(\xca\xe5\x18%\xc2\xf4L\x91U\
k\xd6\x90N\x19\x94\xaae\xb0\x04) \xd0\xc2\xd6-\
\x1b\xc9e\xd3\xfe0#g\x11'\x08\xd0\xb4\xbc>\xa9\
F\xb2\xe9\x10\xf3(\x80\xc0\x08\xb9L\x9ath\xfc\xed\
\x18\xa5p8\xbf\x9e0\xd0D\xd6`\xb4\x22\x9d6~\
]\x00\x8a%\xc8\xd9\x18%\x8e@kR\x81\xf6k\xc0\
U>+\x1f\xb6r\x90\xad\xabK\xbaC?\xca\x04C\
\xa3\x05~\xfa\xfek\x9csP=&Q\x82 \x00~\
\x1a\xe5\xb3\x82\xc1\x9b\xd7\x96\x0c\xe8\xde\xbd\xbd\xa5\x8b\xa5\
\xa9\xfb\x1f\xb7W\xb5>\x1d\xacL&\x00\x00\x00\x00I\
END\xaeB`\x82\
\x00\x00\x06~\
\x89\
PNG\x0d\x0a\x1a\x0a\x00\x00\x00\x0dIHDR\x00\
\x00\x00\x18\x00\x00\x00\x18\x08\x06\x00\x00\x00\xe0w=\xf8\
\x00\x00\x06EIDATH\x89\x9d\x95{l\x95w\
\x19\xc7?\xbfs\xdes\xeb\xe5\x9c^\xe0@i\xbb\xb2\
^(\xe5\x0eE\x1cc\x83\x11\xc9\x14\xc7`[48\
cf\x22S\x11cD75&\xc6\x7ffH4&\
j6]0dq\x19\xc8(\x0e\xc4\xae`iY\xa1\
\xe1:*\xd4\xf5\xc2\xb5\xd0\xd3;\xbd\x9d\x9e\xeb{\xf9\
\xbd\xef\xfb\xf3\x1f4\xa8\x98\xcc=\xc9\xf3\xef\xe7\xf3\xe4\
\xfb\xc7\xf3\x15J)>\xc9\xbc\xfdCQ\x5cQ\x1a\xda\
>\xbbl\xc9\xf7\x95\xeb\xe8#\xb1\xceW\x8f\xb6\xbbm\
_\xdd\xc4\xd2\xb4\xc5\xe0\xa6W\xd58\x80\xf6\xff\x82\xff\
\xf0#\x11*)`\xeb\xb2\xfa\xb5\xdf\xa9\xa8{n]\
Qq-\xae'Hv\xf2\xd9\x9foy\xb2\xb8/S\
\xf0\xe4\x0b\xc1d\xe3~!\xc4\xd7\x94R\xf2c\x0b\x84\
\x10\xe2\xf8\x1e\xd6\xd5VE_\x99\xbfb\xc73\xd1y\
k|\x22y\x8d\xcc\xdd\xc3\xa8\xbc\xc5\x8c\xfb\xbf\xb8<\
\xbf\xfe\xc5\xe5\x95\xb5\x9f\xe6\xc6\xe1\x13\xf3@\x86\x80\x87\
\x0b:\xde\x14\x1a\x8a\xc0\xea]*\x03\xd0\xf8\x9a\xa8<\
\xf3F\xf17\xcb\x17n\xfaV\xd9\x82\x17\xf3\xbd\xd9>\
\xec\xe1&F\xc6\xa7\xe9\x9f\x09#\x8b\xcaY\xf5\xec.\
\xc2\x91\x08r\xea\x12w\x86\xad.\xc0\xfb_\x11\xfd\xe4\
+\xc2\xf7\xc4\x22\x9e\x88\xce_\xbeS\xf3\x87\x0b\x9a~\
&\xf6\xf9|bV\xcd\xaa\xad\xaf\x94\xd5l\xa9\xca\xf5\
\xf9\xb1\xee\xb5\x12\x9f\x99\xe4\xc6\x10\xa4s\xd62o\xc5\
\xe7\xa8^\xb0\x08\x5c\x89\x02\xe2w\x0e\xd9\xad\x97\x9c\x0f\
\x00\x09 \x94R\x08!\xc4\xb1\xd7X8+:{w\
\xc5\xb2\x1d/\xcd\x9e\xb7:(\xac\x19\xe2\x89a\xdd\x17\
\x88h\x91H\x89OM_ef\xa2\x8f\xc1)A_\
\xba\x8a\xea\x95/PZ\xb5\x84p\xae\x1f]\xd7Q\xca\
\x8b+\xbct\xbf\xbbf|\xf8\xef\x9dW\xfd\xc2\x17\xd0\
\xa2\xf2\x07\xa2\xf5\x97b\xa5\xc7\x17^[Q\xf7\xf4\x9e\
\x92\x05\xdb#Ak\x18\x95\xba\x89G\xd3 \x10E\xd9\
:\xfa\xcc\x00wFR\x0cfJ\x09\x94mfy\xfd\
\x06B\xb9!\x5c\xdbBJ\x89\xebzI&'\x18\xe9\
\xda\x8f\xd1{P.\x5c\xbfC\xcb\x8fV\x88\x0b\xef\xec\
\x8ai\x91\xa2\x92\xd7\xa3\x8fn\xae\x7fd\xc1\xb6\xa0\x1a\
oE9:\x1eo\x00)%\xb6\x11cb2\xc9\xb5\
\xd1 \x9e9\xdb\xa8{l3%%Q\xa4e`\x19\
Y\xa4\xed`\x18\x16w{\x9a\xe9\xee8Fm\xc5\x1c\
\xd6\xef\xd8\xeb\xf3\x05\xe3\xa4\xa7S(\x22\xb34\x8f\xd7\
W\xe5\xf7y\x82\xe9\xa1vB\x9e\x14\xc2\x9b\x8baZ\
$\xd2:\xd7\x06\x1d\xd29\x8fQ\xbd\xfe\x19\xca\xca+\
\xf1\x0a\x07#\x9b\xc6Q\x02\xcb\xb4\x18\x1d\xe8\xa2\xe3\xf4\
\xef@\xf9\xf8\xcc\xd3[\xa9\xae\x8a \x93\xedL\x8f\x19\
\xdc\xbc\xf0\x11\xbd\x037\x0fi\xcau=B\xd98.\
X\xca\x83--\xee\x8c\x18\xf4\xa7\xca\xa9X\xf1\x05V\
\xd6,!\xe0\xf7\x22-\x13CJlW#>\xd5\xcf\
\xd5\xd3\xfb\x18\x1f\xe9a\xe9\x8a\xc7\xd9\xb0\xbe\x1e\xd7\x9a\
\x22\x11k$\x9e\x01=\x91\xc3\xb5\xcb-\x83\xef_\xe1\
=\x0d\xc0U`I\x85aY\x0c\x8c&\xb9\xeb>\xc5\
\xc6\xe7v\x92\x17\xd2\x90\xb6\xc4\xd0M,\xdb\xc14,\
\xaew\xbc\xc3\x8d\x8fZ)-\xab\xe1\xa5\x97\xbfM$\
4\xc4\xcc\xd0qFF\x06\x11\xde\x10\xc1\xf0b\xae\xb4\
\x1dL\xefk\xcb\xfc\xea\xf2-\xba5W\x81m;\x18\
R\x92\x8cgh\xbb<\xca\x86/\x7f\x8a\x82p\x90l\
&\x83\xe3\x80aZ\x0c\xf5]\xe0\xea\xd9\x03\xf8}A\
>\xbby\x0b\xd5\xb5\xc5\xe8c\xe7\xe8\xbf\x13\xc3\xb4l\
\x14^\xfcy\x95Lu\x7f\xc8\xdfzn\xb4]\xbe\xc5\
I`R\xb3m\x17K\xda$\x93&}\xfdSd\xc4\
\x5c\xf2\x0b\xa2\x98\xa6\xc4\xb2=L\x0cu\xd1y\xb1\x81\
\xf8\xf8]V?\xbe\x995\xf5\x95\x08\xd9\xc7Hw\x03\
\x99\xac\xc4\xb4$\x8e#\x09\x86\xcbH\xdeK\xd0\xf0\x97\
\xb6\x9e\xbd-\xfc\x02\x18\x05tM:\x0a\xc3\xb4\x89\xa7\
Lzo\xdfC\x9b\xb3\x84pd\x16\x89\xf8\x04\x9d\xe7\
\xffH\xec\xfa9\x1e\xa9x\x84\xcf\x7f}7\x05\xc1a\
\x12\x03\x87\x89\xc7\x13du\x13\xdb\x96d2)\xfc\xa1\
B\x84\x98\xcb\xd0\x95\xb7\xf5\xbd'\xf5\xdf\x98\x92\xbb@\
R)\xa54i)\x0cC\x12O\x1a\xc4\xee\x19,]\
T\x81P\x16\xef\x1f\xf81\x01\x9f`\xdb\xf6\x97)-\
\xcfA\x1fnb,6B:c\x91H&@\xb9h\
\xbe \xbe\xdcrrrK\xe9?w\x823WcG\
\x93:\xed\xc0\x94R\xca\x06\xd0L\xe9\x92\xd1%\x93\xd3\
\x12o\xa0\x909\xa55\x9cj\xda\xc7\x9d\xbe^v\x7f\
\xf7\x1b\x94\xe4\xf50\xd4\xd9M6\x9bA\x08\x0d\xdb\x96\
X\x86\x817'J~\xfe\xa3\x88\x891\x9a\xdf\xfb}\
\xe6P\xfb\xf4\xc9\x8b\xb7\xf95p\x0f0\xff\xf9~4\
\xddR\x08]25ca\x11\xc66\xa6\xe9\xb8\xf4\x01\
\x9b\x9eZ\xc5\xe8\xad#d\xc3\xf9H\xdb\xc14M\x5c\
W\xc7\xa3\xe5\x90\x17]\x8e\x13\xcf\xd2\xd3\xd6\xe8\xec?\
\xd6\xdb\xfb\xd7\x1e\x0eeMZ\x80~ \xa5\x1e(\x19\
\xcd0\x5cTV\x92\xd2]$~\xae\x9co`Au\
1\xb3\x82#D\xc2a\x10\x1e\x92\xc98\xae\xf2\x10\x0c\
\x97\xe3\x15\x05\x8cv~\xa8\xda\xda/\x8d\xbe\xd9l\x1d\
\x9d\xc9\xd2\x0c\xdc\x06\xc6\xee\xc3\x9d\x07\x1f\xa8fX\x0a\
\xd7\x908\xcaO*\x99\xa0\xb6j.\x0b+\x04yA\
\x17\xc7\xb1q\x1cE0R\x8e\x10\x85\x98\xa3\x03\x9ci\
iH\xfd\xb69u\xea\xd6\x18\x7f\x02z\xef\x83g\x00\
C=\xa4\x1e5G\x81\xab\x04\xcaLSVh\xb1\xac\
\xae\x80\x90\x88\xe1\x0f\x14\x926 \xaf\xa8\x0est\x94\
\xc1\xaeF\xf7\x8d\xc3\xb7:N\xdf\xa4\xc1\x92\x5c\x04\x86\
\x80)@\xff\xcf\xab\xffM\x10\xf0{\xc9\xc9\xd1(\x0c\
\x1a,]Y\x8d\x9b\xee!/Z\x8e\xed\x99G \x10\
\x22v\xb6\x85#\xcdW\x06\x0e\x9cu\x8e\xa6L\x8e\x03\
1`\x1cH+\xa5\xe4\xff\x02\xffK\x10\x9f\x9c\xec\x96\
\xd9\xee\x95u\xab\x9f/4\xac\xebD\x8aJ\x08\xe6\xd4\
\x92\x88\xf5\xd2r\xe2\xd4\xf4\xbb\xe7\xb3\xad\xdd\x03\x1c\x05\
\xae\xdd\x8f#\x01\x98\x0f\x8b\xe3\xa1\x82\xb7\x9a\xdc?W\
\x17\x8f\x8b\x9d\x8b\xed\x8ds+7\x10N\x0f\xd2\xd1t\
\xd0z\xfd\xc8\xc0\xb9\xce\x01\x9aL\xc9Y`\x04\x98\xbe\
\x1f\x87\xfbq\xc0\x0f\xce\xfc\xb9E<\xff\xd6\xf7\xf2\xae\
7\xfet\x91\xfa\xd2\xba`W\xae\x9f=\xc0F\xa0\x06\
(\x004\xa5\x14\x9fd\xff\x018\xa4n_UI\x82\
\xf9\x00\x00\x00\x00IEND\xaeB`\x82\
\x00\x00\x01\xad\
\x89\
PNG\x0d\x0a\x1a\x0a\x00\x00\x00\x0dIHDR\x00\
\x00\x00\x18\x00\x00\x00\x18\x08\x06\x00\x00\x00\xe0w=\xf8\
\x00\x00\x00\x04sBIT\x08\x08\x08\x08|\x08d\x88\
\x00\x00\x00\x09pHYs\x00\x00\x03v\x00\x00\x03v\
\x01}\xd5\x82\xcc\x00\x00\x00\x19tEXtSof\
tware\x00www.inksca\
pe.org\x9b\xee<\x1a\x00\x00\x01*ID\
ATH\xc7\xed\x941K\x03A\x10\x85\xbf\xc9\x85H\
b\x93\xfc\x07\xed\x82\xa2\xbd\x84T\xb6\xfe\x10\xc1_&\
\x16\xe9\x22ha\x91J\x14\xfd'\x16\xe1\xc2\xdd\xce\xb3\
\xd8\xbb\xdbK\x04\x9b\x98\xca\x1bx0\xbb\xf7f\xdf\x0c\
\xf38\x93\xc4!\xa3\xc7\x81\xa3\x13\xe8\x04\xf6\x8f>\x80\
\x99Y\x9d\xffUH*\x00L\x12/\x97\x17O_\x93\
\xf1\xdc\x1c\xa4\x00\x12rG\x12\xb8\xc7\xdc\x05j\xe5\x16\
9T<\xb9\x83\x84a\x14r\xa6\xa3\xe3\xe5\xf4\xf5\xed\
\xda\x00{\x98\xcd\xfcf\xb1\x80\xb2\x84\x10\x22\xaa\xe2\x06\
R\xba\x0fa\x9b[\x96`\xb6u\xfe\xb8\xbb\xe5\xec\xfd\
\xd3\xfa\x00\xee!\xce\xb5ZAQD\xd4\x0f\xb4\x05j\
\x94e\xe2\xf4z0\x18\xc4\xf3f\x13Q\x14(\x84\xb4\
\x03w\x87,\x83<O\x85\xbb\xdd7\xb6\xa8|qt\
\x04\xe3q\xfc\x96\xe7i\x0a\xb3\xb8\x83\xb6@\xa6J \
\xcb\xd2c!\xa4\x82\xbas\x80\xd1\x08&\x93\x98\xe7y\
\xec\xb8=]\xc5\xf3Z@\x92\x1eOO\x9e\xefgW\
s\xf3\xf6r\x85\xaa\xa56\x8b\x96(\xd7\xebx\xf7K\
\x14\x12\xe7\xc3\xe1\xb2q\xd1\x8eMm_\x87\xfe\xb0i\
\xf7\xab\xe8\x04\xfe\xb9\xc07o\xca\xf6\x0c\xf1\xf6\xc2\xf1\
\x00\x00\x00\x00IEND\xaeB`\x82\
\x00\x00\x02\xa1\
\x89\
PNG\x0d\x0a\x1a\x0a\x00\x00\x00\x0dIHDR\x00\
\x00\x00\x18\x00\x00\x00\x18\x08\x06\x00\x00\x00\xe0w=\xf8\
\x00\x00\x00\x04gAMA\x00\x00\xd6\xd8\xd4OX2\
\x00\x00\x00\x19tEXtSoftware\
\x00Adobe ImageRead\
yq\xc9e<\x00\x00\x023IDATH\xc7\xd5\
U\xcbn\x13A\x10\xcc\xa7\xf1\x19|\x8aO\x08!\x0e\
\x88\x13Bp\xe0\x03\x10\xe2\x06Rx\x84l\x0c\xd8$\
\xf1cm\x92\xe0\xf8\xed]{\xfd\xb6\x13;F\x11\x07\
\xef\xce\x14\xd53\x10\x88d\x03\x07\xf6\xe0Ckz\xaa\
k\xbav\xbb5=[7n\xdeN\xd0\xdc\x98,\xb1\
%\xcea\x1f\xd8\xa9\x01\xaf\xcb\x0a\xdb\xe5\x08/O\x96\
p\x9a\x9a\x98\xc2^\x0bHz\x1a\xa9\x0e\x88\x01\xbb\x0d\
\xf2\xaa\x8a\xdc\xd0\xec\x93\x9e=+\xf8\xbb\xfaO_#\
\xdd\xd5\x90\xdcF 7\xb2\xc1\xbbo\x959\xe04\x15\
\xee'-\xf1ME\xe1\x0eq\x9b\x5c\xe3\x9e\x03\xbc:\
]\x22\xd5\x06nm/\x89Q\x8c\x9c\xdfq\xc9\x93\x1d\
\xe0J \xde\x12\x01\x88\xd5\xfe\xe7\x1f$\xd6\x09\xb89\
\xd6\xcb\xa9E8\xe8\x02\xef\x9b\x11M\xe3S\x07f\x15\
K\xb2\xce)_\x99U\xf6\xbb\xd5\x90{\xe0\xa3'\xb1\
\x08\xd9\xbem\xe8Z\x81\xe2H\x92)<\xfc\x10!\x13\
\x80\x07\x80'\x07\xc0>\x1b\xe6\xd4C<JQ\x88\x89\
RL\xf8 \x19\x1an\x9e\x1f\xf58\x0d\xa4)t2\
\xc1\x1f\x05\xe2-\xd1&49\xf17\x01\xb74\x05\x5c\
\xd6=\xdbQ(\xb2\xb6\x85\xbe\x98F\x89\xb5\xdd\xf7B\
d\xda\xea\x07\x06d\xc89f\xcf\x8a\x03\xc6\xa7\xebk\
\x7fM\xa0<\xd5\xc8\xf8K<s\x15\x0e\xbd%>S\
\xe4i>\x82\xdbU8\x1a\x02/JL\xde\xd3\xc8\x07\
\x0a\xcf\x8b\xfa\x0a\xdfi\xfc\x9b@\xbc%\xda\xa4\x9b\xbc\
\xf2\xcfL\x0fZ3\x8d\xf2H\xa1~\x06\xb3\xd6\xd8<\
\xf1\xab\x13m\xfc\xcaX\x1b\xdf\x9b\x03\xc7\xfd\x10\x15\xfa\
\xa5a\x84/\x83\xd0\xc4jS\x89\xdb\xb3\xc2\xeb,~\
\xf5\xc6\x08\x04_\x99l\xccq\xc0Q\xed\xcd\x80\xda\x84\
c\xa1n\xfd\xc6\x99\x86\xc3\xf9/\x98O\x81\xbd\xba&\
\x064\xcf\xe9\xf3\xbd\xa8\xca\x87M-\xde2|\x85\xdc\
\xe0\xba@\xbc%\xda\xb4&'V^\xb4\xf17\xc0?\
W\x08.\x80\xce\x5c\xdbu&\xab\xf5\xdb3\x85\xeeB\
\x9b\x98\xf0\xba\x17\x96\xef\x13\xef-\x84\xab0\xbc\x5c}\
\xe9\x8c\xc0\xf0R\x1bR\x81\x0f\xb5\x1c\x96\xc4\xc5\x1e\x8c\
/\xf8\x11GD0\xd7F4\xcfQ!\xbe\x88\x16\x02\
\x8d\x1e9b\xa7\x93\xf5\x02\xb1\x96\xe8;1\xcd6\x1d\
\xe5-\x08\xd3\x00\x00\x00\x00IEND\xaeB`\x82\
\
\x00\x00\x04\x9d\
\x89\
PNG\x0d\x0a\x1a\x0a\x00\x00\x00\x0dIHDR\x00\
\x00\x00\x18\x00\x00\x00\x18\x08\x06\x00\x00\x00\xe0w=\xf8\
\x00\x00\x04dIDATH\xc7\xe5\x95{P\xd4U\
\x14\xc7\x09G\xc5\xb2\xb1\xccr,\xcbbb\x9c02\
\xa0A\x14C\x19\x08\x14\xf2\x01\xcac\x97\xf7SD\xe2\
\xb9<\x14\x16\xd8\x88\xd7*\xcb\x0c=x$\x0f\x11D\
\x04D!X\x81\xc8\xa9Q\x11H\xde\xb3[\x8b`\xa4\
\x08\xe8\x02\xb2\x08\xb2\x0b\xec\xb7\xf3#h\x08\xa7\x19\x1b\
\xa7\x99\x9a\xfe\xf8\xcc\xd9\x99\xdf\xbd\xdf\xf3\xbd\xe7\x9e=\
W\x05\x80\xca?\x89\xca\xbf6\x81\x11\x9b\xf7<\xa1I\
\xb8\x12\xf1\x84\x80\x88&L\x89eO\x95\x80\x11\xb7p\
?\xde\xe2\x1a\x92+\xe6\x0a\xae\xdcIL\x93\x0c%g\
\xf6<H\xcd\x11I9\xf1\xe5\xdd\xa6Nq76m\
\xb7Y\xf1\xb7\x13\x90\xf0r\xc2\xca\xc4\xf1\xb3\x1b\xde\x91\
\x17\xba}\xa3\x9b\x07\x5cC\xef\x8e\xd9\xfa\x8e+X~\
\x93S\x01<\xd9dr\xa6d\xd8)8[d`\xc9\
\xb1TQQy\xe6I\x85U\x19aS\xe7\xf8f?\
^mop\xe2\xe0\xb8\x1bW\xa9\xdc\x17\x00\x18y\x02\
[\x1c\x80\x0fl\x01\x13\x17 ,\x11\xc8+\xed\x1f\xdb\
\xe3q\xa2U\xd3\xe0\xe0\xda'\x11\xd75v\x88\x9du\
\x1c\xca\x97N\xb8\xc5\x00\x07\x8f\x02V\x91\x14y\x80%\
a\x16\x0el=\x0c\xe8\xbb\x02\xecP\xe0\xccE\xc0=\
,O\xace\xc86\x9a\x17y\xe1/\xc4=\xed\x03\xb3\
D\x9c$\xc9\xf0\xa18\xc0.\x0a`Q\xf4N\x03\xa2\
\x8a\x80\x13\xdf\x00\xfc\x0a 4\x1f\xb0=N'\xe0P\
\x8c\x00\xb2K\x81p~\xd5-mcW\x0fF\x84\xb5\
\xd73\xb9u'+\x9a\xbd@X\x9d\x08?\x12#\xbc\
\x15\xc8\x9fP\xd8\x93K;F8\x03\x88'wEM\
\xc0e\xb1b\xba\xf0[\xc9\xf0\xa7\x99u\xbd\x82\xf3\xdd\
#\x91%\x80\x83\x00\xf0\xa2Dg\x84\x80\x1f\xaf\xa4\x8b\
J\xe4\xc0\x88\x95\x96\xd7\x8c<\xa2\xd8\xb8\xc3.\xea(\
E\xf3].\x89\xcd\xc1\x09m\x83\xde\x09\xe4(\x16p\
N\x05\x22\x8a\x81S\xd7\x80\xef%S3\x85\xb5\x22\xa9\
\xf5'\xa9\xedz\xe6>\xf9Z\x86,\xae\xa5OJ\x9b\
\xa0R:\x11R@';\x0d\x08\xaf)\x95\xce!\xd9\
\x22\xf5\xcd\xc6\x16L\x82\xba2\xe1\xe4T\xee9%\x98\
$^\xdc\xca\x1e\xdf\xd8\xdeQ'\x12f'\x01>\xd9\
\x80\xa0\x866\x89\xc9u\xc7\xfd\xf1`\xfe9\x89\xae\x99\
\xd7\xa974\xb7;R\x97h\x10/\x1b\xdaD$&\
\x97\x88\x87\x04\x97\x80\xdc:\xe0\xac\xb0w\xd4\xdc-\xa9\
e\xd5\x9a\xd7\xb5\x98\x04\x15\xfc\x0c\x99\xdc\xfd\x18\x09\x86\
\xcf(\xedyJ\xb0\xf9\xf4;\x05\x08\xa6:\x9f\xac\x07\
\xea{\x81\x82\xea\x8e{\x07\x8e\xa4\xb4in\xb3\x8a!\
\xd1\xf7\x885\xc42\xda\xaf\xb6\xcb5\xa19\xab\xa6w\
\xb4\xa8\x9111\xad\x0c\x88+\xe9\xd2\xd0\xdd\xedO\xdf\
\xd72\x09\xca\xa3\xbf\x94\xc9?\xa6\x96\xdb\x19\x04XP\
\xad]\xb2\x00n%\x95\xe4G\xa0\xf1\xf6\xf4Lr^\
\xdd\xaf\xda&n9\xafi\xe8\xb1h\xd3\x9b\xc4s\x84\
\xea\xdc}mp\x0cI\xef\xac\xed\x9c\x98\xaa\xbf\x09d\
\x95u\xdc\xd31\xf5\xc8\xa2\xef\xef\x12\xcf\xce&\x88\xcd\
\x96\xc9\x0f\xd0E\xee\x8e\x07\xecO\x02\x1c\xea\x8e\xccf\
r\xde\xa7\x04\xf7\xf3\x8b\xdd\xef\x1b\xbb\xa4\xab.Y\xba\
\x856\xbcB,]\xd4i\xa1_\x15\xd7\xdfm\xef\x03\
*\xae\xde\x911\xa5Y\xbfQ\xdff\xee\x84\xaa\xb3\x09\
R/\xc8\xe4~9\xc0!\xba\xa4\xb0* \xa5\x01(\
#7\xfe\x09g\x7f&\xe7_\xd3B\x1db5\xb1d\
\x91\xb8\xb1\x03'\xadC\xdc\xafT^j\xe8\x1f\xb3\xf6\
Mm\xdf\xa8\xb7'\x88\xd6\xad\x9f7\xc2,\xaa\xaaj\
z\xa8\xc8\xb9\x02d\x5c\x07N\xb7\x03\xe5=\xe4~\x00\
\xe8\x1a\x9e\x9e\xa1\xf6\xbd\xbeu_\xe0\xe1\xf9\x92,\x10\
_\xf5\x11\x8d\x0ca\xc3mYM\xd3\xc0C[\xff/\
\xda\xdf\xd1\xdf\x1fB\xeb\xde\x22\xd4\xfe\x18v\xb4\xb0\xb8\
\xb2u\xf0Q\xb5\xf8\x81\xa2\xbcC*/\xef\x94\xca\xab\
\xc4C\xf2\xef$\xc3\xf2\x1fn\x8e(\xea\xc4\xf7'w\
\xd8q+\x99\x0b]8:\x98\x7fwj\xe1\xd5\xbe\x02\
\xa1Hj\xee\x9e\xd4\xb2\xc9\xc0\x9aq\xaeN\xac\xf8\xd3\
\xb8\xa6\xc5\xb6\xe4\xf2<\x89\x5c\xa6v{\x8c\x0f\xad\x8f\
\xd5P[2\xceV.H\xb0\xd9\x87\x97\xffSlz\
\xf5/f4\x9f\xde\xd61\xdb;W\x165f\xc0=\
\xf6\x1e0\xee\xe6j\xbc\x8exu..d\xf5\xc2\x13\
0\x18\xdaDjo\xdb\x1f\xc4Z\xf9\xe2\xba\x0d\xf4\xed\
\xa5\xc5\x97\xff\xd4\x0f\xce\xec(\xfe\xdd\xd8\xf2\xc5\x97\xff\
\xdfx2\xff?\x09~\x03o\xed\x9eB\x92\xa3\xfa\xcf\
\x00\x00\x00\x00IEND\xaeB`\x82\
\x00\x00\x04n\
\x89\
PNG\x0d\x0a\x1a\x0a\x00\x00\x00\x0dIHDR\x00\
\x00\x00\x18\x00\x00\x00\x18\x08\x06\x00\x00\x00\xe0w=\xf8\
\x00\x00\x045IDATH\xc7\xb5\x95\x7fL\x94u\
\x1c\xc7\xafZ\xad\xe5\x8a-g\x9a\xfeQ6\xc4\xc4\xa4\
,\xa0\x00EK\xd7\x0f\xac.\x10\xc5\xcaj+\x95\x14\
Q\xd4(\x08D\x0b\x04e\x9c\xfc\x88@e\x1c\xd2\x89\
\x9c`\xca\x93pH\xfc~\xe0P~(\xe4\xe1\x91G\
\x876\xae\xa8\xa3\xd1\xaev\xdb\xfd\xe1\xf6\xee\xfd\xddu\
\x0b\xc2\x83s\xab?\xde{\xf6\xec\xfby>\xaf\xcf\xcf\
\xe7\xab\x00\xa0\xf8?5\xe1e\xe5\x86\xfd\x09T\xcfm\
HC\xbdG\xcd\x98\x16@\xa3\xc0\xdd\x87\xb4\xa6\xeb\x7f\
\x02B\xd7\xc6\x00\xe3(p\x95\x1a\xf8\x0d0\xfd\x0e\x0c\
\xfd\xe1<\x1b\xa2~\xb0\x01m\x03V\xfb\x17\xa7dK\
\xe8\xfa\xbd\xe5\xa1\xeb\x92\x22\xa6\x03\xcc{sW\xbe!\
O+[\xc4\x87W~\x01:\x7f\x04.\x0c\x01]|\
\x1a~\x05\xc4\x99PU\xc7\xe0\x98\x80\xf7\x8d\x00\xc2N\
\xa6\xfdk\x9b3{\x03^\xd9\xe6\xa7P(\xeep[\
\xa2\xc0\xb0\xed\x8f\x06\x84\xc5\xec\x0e~\xe3\xa3jU\x99\
li\xa7\xf3\xe6\xef\x19)\x9f\x05g\xbaG|\x83\xd6\
\x9e_\x18\xa8<\xe6\xffR\xb46)O2\xf7\x0c\x03\
\x1d<\xeb\xf9\x098\xd9`\x18}\xf6\xd5\x9d*\x02\xee\
u\x0b\x10ta\xb0t\xf5\x07/\xc6\x1d\xd4\x9a:n\
\x00M\x04\xb4\x9b\x81\xec\x93\xb2ea\xe0\xebE<\x17\
Q\xceY\x1e\xf9ie\xede\xab\xbd\xc5\xc4\x0c\x06\x99\
\x093\x14}\xe1\xd9<\xb7\x80\xf1\xfd\x10\x00=\x01\xdf\
\x1a\x81V\x01(\x97-\xbe\xc1\x91\xb9t\xf0\x90\xb0Y\
\x11\x95\x92\xac\xd6\x19F\x1b\xaf\x01\xf5\x0c\xe2\xd2\xcf\xc0\
\x86\xb8|\xc3\x5co\xffU\xe3\xcb\xe4\x16\xb03Ck\
je\xfa\xb5\xfd\xcc\x82Q\x1ev\x02r\x5c\x00\xda\x14\
T\xea\x87muF'@\x7f\xc3qsyd\xe2E\
\x9e\x07PwM\x0b\xd8A@\x13S\x97\xfa\x08\xb9\x0a\
d\x9e\xf8\x07\xc0se\x14\xa3m1;\xcf\xc4\xb3\xa0\
\xaa{dQPD\x05\xcf\x17{\x94Al\xba\xd6T\
\xc7\xf4+{\x80\xb3\xbd@Z\x89lq\xcd\xff'\xb9\
\x92\xf9t\xa7\xd5^\xcd\xecj\x088\xde08\xe6\xb7\
bc\xa3\xd7\xacG\xb6\xd2\xf9l\x8fz\xb0\x9d\x80\x1a\
\xa6_v\x81\x13\xd2\x09\xe8\x06X\x06NK\x17\x9b\xd9\
\xce\xe9\xd1\xb1,g\xbe\xe3\xe8J\x83c\xcb\xd6&v\
.\x0eY_L\xe7\x8fS\xf7x\x04\x889\xa05U\
\x19\x80\x92v\xa0\xb4\x03(\xaa\x1f\xb6\xa5kdK\xc6\
\x09\xa7\xce\xf6\xd9\x1cR\xbf\x13\xf2M\xbf\xe3f|\x8e\
d\x0e\x09\x8fO}\xf2\xf9w\xbd<\x02l#\xe04\
\xeb_\xd4J\x00\xb3\xd8_,[\xbc\x97\xbe\x5c\xb1\xe8\
\xb9\xf0\x02\xd1\x8b\x90\xf0\x8f\x9bSK\x09b\x10\xa7.\
\xb1T\xccH\x04\x10\xac\xdcs\x80Y\xdc=-`+\
\x01\xe5\xfc\xb0\xb0\x895\xbe\x08\x08g\xc29?\xf6\x15\
\x8d\x9e9\xd7g\x01!\x9a\xa3\x0d\xc3\xb6b=3e\
\x96:N\xdb\x9aM\x99\xbd\x0f?\xf6\xb4\xb7\xab\xd1n\
\x01\x1f\xa6iM\x9an\xd6\xb8\x01\x10\x0eR\xbf\x9a8\
\xa6B\xa1\xeb\x92\xdf\xdf\xa7\x96-Ge\xa7]\xf9e\
`\xd7a\xc9L\xbbhW\x16n\x01\xd1\x04\xa8\x19\xb9\
\xaa\x0e8\xd2\x06|V:\x19 \xfe\xa4)\x04|\xd9\
\x0cd\xd52\xd3. \x8e\x80\x05\xcf\x84\xc5\xd3\xee\xfe\
)\x01[R\xb5\xa6B:N\xafft,\xd3\xbe\x92\
[\x02\x0efq\x8a\xb2\xcesOt\x80\x86%}'\
Qm\xe46o\xa1\xdd\x03S\x01\x941\x99\x929\xab\
\x1eH\xf9\x1a8\xc4\xe8\x12\x8eMX\xb4\x19\xe2\xee\x10\
\xce\x8e\xb0|\xe95@N\xa3\x00\xd8\x1cA\xca=z\
\xda\xact\xfd\xf4ny\xe1\xc4\xaa$sv\x9d\xd5\x9e\
\xce\xa8\x92\x09H\x13Y4\xda\x1c\x9b\x99\x95k\xd9\xf6\
2\xa3R\xd6<\x9b\xe5\xc9\xa1\xca\xae\x00\x1b\x09\xf4\xf1\
_\xa3\xfe{\x1f\xee\x9ct\xe1l\xfa\x5ck:\xc7\x1f\
\x9c\xc4\xd5Ws\x83\xf38\xa2*6/\xb7\x85\x8d\xe6\
{%7\xfb\xdcu\xa7*\xb8x\xc7\x09(\xa1\x8a\xda\
\xacv\xe1\xfc\x89eQUt\xbc\x9a\xf2\x9a4\xa6\xe2\
\xc2\x89\xd8\x91oHb\xd3nGo'\xa8\x8d\xbcG\
Z\xe7\xfb\xad*\xa4c\xf1'\x9d\xe5\x8a\xde\xed\x85\xb3\
$\xf4\xad\x0cQoO4g\xfeS\xb1t\xf8\x02\xe5\
#\x1a;\xde\xb9\xdb\x0b\x87zP4\xd3C\xcd\xa4\xee\
\xfb\xb7\xe3)7\xf9\xbf\xd4_d\xf9\x94yo\xb3\xd8\
\x06\x00\x00\x00\x00IEND\xaeB`\x82\
\x00\x00\x02\xb4\
\x89\
PNG\x0d\x0a\x1a\x0a\x00\x00\x00\x0dIHDR\x00\
\x00\x00\x16\x00\x00\x00\x16\x08\x06\x00\x00\x00\xc4\xb4l;\
\x00\x00\x00\x04gAMA\x00\x00\xd6\xd8\xd4OX2\
\x00\x00\x00\x19tEXtSoftware\
\x00Adobe ImageRead\
yq\xc9e<\x00\x00\x02FIDAT8\xcb\xb5\
\xd4\xbfO\x14A\x14\xc0\xf1\xef\x9bY\x0eA\x0c9-\
\x8d\x89\x01Q\x8c\xc1\xc2\xc6\x86\x9a\xa8\xc4\x1f!D\x0d\
\x9c\xc6B\x88J!\x1a+\xff\x00+m\x8d\xc1\x92\xc2\
B\x09\xa5!\x12\x0d\xc6\x98\x10%\x16\x16TH\xac\x8c\
\xe2\xc9\xc1qp\xde\xed\xee\xb3\xb8\xb9\x83[\x0f\xb3\x10\
y\xc9d\xb6\x98\xf9\xcc\x9b\xd97\xe3\xa9*;\x11\x1e\
;\x14\xb1a\x11\xd9\x03\x88\xaa.\xff7XDN\xd5\
\xef\xb2/\x11EDF\x80\xfb@FU\x83m\xc3\x22\
r\xa19\x99\x18\xbf<p\x94\xd6c\xca\xd8\xe8\xec\xe0\
\xf4d1\x01\xdc\x15\x91\xac\xaa\xfa[\x86E\xe4\xb81\
2~u\xa8\x83\x03mE\x16\xb3\xf3tv\x07\x14\x0a\
r\xed\xd3[\xb5\xc0\xb0\x88,\xd7\xc2\xbd\x7f\xa0=\xbb\
\x9b\xea\xc6\xce\xf7\x1d\xa2\xa5]Y\xc8\xcc\x11\x84\xab\xd4\
Y\xe8\xea\x05#\x5c\x99\x99B\x80\xdb\xb5po\xb3L\
\x1b\x1a\xbd\xb1\x81;\x1d\xeco\xf1Y\xca\xce\x13\x86\xab\
X\x011`\x04N_\x14\x8c\xd1\xd4\x877P\x0b\xf7\
j\xa0]\x89z3\xd1\xd3\xdf\xc6\xc1\xc3!\xbf\x96\xe6\
\x08\xc35<\x87\x8a\xb8f\xa1\xfb\x92`DS\xd3\xaf\
\xff\xc6\xbd(\xda\x9cLL\xf4_o\xa7\xe5\x88\xb0\xb2\
\xf2\x15\xdd\x90\xa9\x94{\x03\x86\x12~\xaeO\xb0FS\
\xef'\xab\xf1h\xc67\xcf\xf4\xd6\xd1\xb4\xf73\xe9E\
H\xd4S\x9d\xa9\x01c@(\xf5?\xbfC.\x07'\
N\x0a\x85\xbc\xa6>\xbec\x16x$\x22A\x14~\xf2\
\xeci\xce\x02g\x01\x1e\x8e$\xf9]\xcc\xd4D\x8d\x81\
|\x0e\x1e?\xa8<\x09\xcf\x81Q\xdcf\xa2\xf0+`\
\x0ah\x04\xd2\xfb\x9a[\xf9\x91\x9eY?\xd7\x0d\xa8\x91\
\x92\xe0\xa2\x13\xf8\x06,\x01\x01\xa0QX\x81\x22\x90\x03\
\xb0BU%\x94\xd1\xf2\x0e\xacT\xe6e]\xcb\x03\xbe\
\xaaV\xc3Zz\xea\x02 \x10\x11\xac(\x9e\xd1\x9a\xa8\
\x18\xb0\xeb)\xe7\x81\xbc\xaa\x16b\xdd<\xe3\xb2\xaa\xc0\
\xae/\x9f\xb7'\xe26\xb9\xc5+m\x00\x1bY@6\
,b\x8dn\xefuK/\xcc0\xffe\xfd\x8c\xcbe\
W\x86\xd7V+C} \x8c\x0b\x8f\xdc\xba\xc1`\x8c\
W\xf5\x05\xb0\xe6\xfeM,x\x08\xb8\x074\x01\x0d\x9b\
\x8c\xf5\x1d\xba\xe2\xbec\xc1\x81\x9bT\x04\x96\xa9*\xdb\
J\x84n\x9c\x1f;cWz~4\x93\xb8\xf1\x07\xd8\
|\xd4zw\x80\x8e\x0e\x00\x00\x00\x00IEND\xae\
B`\x82\
\x00\x00\x01T\
\x89\
PNG\x0d\x0a\x1a\x0a\x00\x00\x00\x0dIHDR\x00\
\x00\x00\x18\x00\x00\x00\x18\x08\x03\x00\x00\x00\xd7\xa9\xcd\xca\
\x00\x00\x00\x84PLTE\xff\xff\xff\x00\x00\x00\x00\x00\
\x00\x00\x00\x00@X\x80/A^@X\x80IZa\
P\x5cagz\x83hz\x83o|\x83q}\x83r\
}\x83\x94\xd7\xff\x97\xd8\xff\xae\xda\xed\xaf\xe1\xff\xb2\xdc\
\xed\xb4\xe3\xff\xbc\xde\xedV^aYv\x83Zv\x83\
\xc4\xe1\xed\xc8\xed\xff\xc9\xee\xff\xca\xee\xffdy\x83f\
y\x83\x5cw\x83\xcd\xe4\xed\xcd\xec\xff\xd0\xed\xff\xd3\xe6\
\xed\xd4\xf1\xff\xd6\xf2\xff\xd9\xf2\xff\xdc\xf5\xff\xe4\xf6\xff\
\xe4\xf7\xff\xe6\xf6\xff\xe8\xf7\xff\xed\xfa\xff\x7f.\xac%\
\x00\x00\x00\x07tRNS\x00\x0b#/x\xa4\xccC\
\xc8>\xb9\x00\x00\x00xIDATx^\xad\xce7\
\x12\xc30\x0cDQ\x11\x94\xa0\x9c\xe5\x9cs\xba\xff\xfd\
lcP\xed\x0cUp\xf4\x1a\x14[\xe0\x07>BF\
\x1c\xca\xc0\xf7\x15h\xd8\xc8\xb0\xae\xc0\x9cI\x86M\x0d\
\x16le\xe8\xf6 f\xebx\x1e\x91d\x19\xb2\x80\xcc\
x\xee\xf3\x02\x06\xcd\xbd\xb6`\xab\xb9\xb7\x1e\xec4w\
\x99\xfee?r\xd2,\x99>\xf7\xf3\x00\x07\xcd}\x1d\
A\xae\xb9\xef\x13(4\xf7\x5c\x82\x99W\xae\xd3\x17\xf5\
\x9f\x18 \x11\xcdA\xba\x00\x00\x00\x00IEND\xae\
B`\x82\
\x00\x00\x03\x00\
\x89\
PNG\x0d\x0a\x1a\x0a\x00\x00\x00\x0dIHDR\x00\
\x00\x00\x18\x00\x00\x00\x18\x08\x06\x00\x00\x00\xe0w=\xf8\
\x00\x00\x00\x04gAMA\x00\x00\xd6\xd8\xd4OX2\
\x00\x00\x00\x19tEXtSoftware\
\x00Adobe ImageRead\
yq\xc9e<\x00\x00\x02\x92IDATH\xc7\xb5\
\x96MKTQ\x1c\xc6\x7f\xe7\xde\x99;\xbe\x0c\x86\x12\
\x96\xa64D\x8a\x94B\x90\xd9b\x10\xfb\x0eml\x97\
P\xabV-\xdc\xf6-\xa2EP\x14\xb8\xa8\x90\x127\
Q\x1b\xb50+*\xad\xc14LW\xa1\xf9\x92\xa2\xce\
x\xe7\xde{\xeei1g^\x1a\xbd\xea8t\xe0p\
\x0f3\xdc\xe7w\xfe\xcf\xffeF(\xa5\xf8\x9f+\x14\
\xf4\xc5\xdd>amn\x12O\xed\xe0\xd4\xd4\xd1\xe9\xd8\
\x18J!\xab\x22\xc4\x22\x95FS\xb5%\xe4\xab\x8f\xf2\
\xde\xf0g\xc6| \xa5\xefY|\xe1@\x800\xe9o\
\xe9\xec\xbe\xb1\xb3\xb5\xb6\xde\xd4\xd6s\xca\xf3\x95\x81t\
\xbd\xda\x93\xad\xb5\xc7\xea\xcfD,S\xb2\xb8\xd6\xdb<\
\xf8\x89\xab\x02~\x07\x86\xa0\x94\xdas?\xb9s^\x05\
\xad\xb4~.\xcd\xbeT\xbd\xed<\x07\xaa\x82\xf4\x02\x01\
\x8f\xfac\xa9 @b:\xa1\x1c\x999\x7f\x7f\xfbP\
\xdd\xea\xe1A\x10\xc0\x08\x8a\xcc\xf7=/s\xf2P\xa4\
\x80$`\x03.\xd2\xdd\xc6\xd9I\x01\xd0\x16\xbfN\xbc\
\xfb\x5c\x1f\x10\x87\xddz\xa1\x83\xeb \x8d\xc0\x03\x14\xe0\
\x01\x16\xd1h\x05CCOYY\xd9\xe6\xc2\xe5+\xac\
'}\x80v`\x8e\xa2|\x18\x07\x03\x5c\x14.\xe4\xb6\
M\xf3\xe9\x13\xb4\x9cm\xa0\xb5\xb5\x8e\x8e\x8e\x18!\xec\
\xece\xcd\x12\x22P\x05\x11H@\xa1\x10\x08\x14a3\
\xc4\xa5\xae\x8b\x80\x05D9\x16\xb5\xd0ty$\x8b\x14\
>\xe2\x1f\xa8\x0b\x08 \x0d\xd4\x90\xcdVI\x8d\x96_\
6\x02\x85\xd2\x92\x99(\xd0\xd0\xac\xc3\xf2(\x80\xbcE\
\x00B#D\xb6\x11\xcb\x1d\x15\xf9\xfc\xdbE\xd2Y\xbc\
*\xf8D\x94cQZ[\x91\x95\xcc\x98\x94\x91\xf4\xcb\
\x01\x88\x82$\x0b\x04F\xce&\x95\xcb\x84,\xc7\x22\x00\
Gw\xaf\x99\xcbB~I\x9d'\xb7 _%'\xd9\
\xd5\x10\xb3(*\x89\xc2\xd0\x1d\xee\x80q$\x8b\x8c\x1c\
@\x10\xce\x95\xa5B\xeaX\x0c \x0cTS\x11\xae\xc8\
\xbe`\x94\x18\x81\xa3\xabH\x22\xf0\x01\x1fA\x15\x10\x03\
\x8e\xeb\x018\xc7\xea\xeaF\xe9\x00!0\xd0\x16\x08L\
-\xd8\x06xl-\x8c1\xfba\x82\xd1\x91\xf7\xfe\xb3\
\xc1\xaf\xf3?7\x99\xd1\x83.yh@\xc4\xaa\x8c@\
\xa3\x1e\x92\x0d\xa4\x96\x12\x8c\xbf\xb8\xcd\x9b\xd1q\x7f\xe8\
\xf5\xf2\xb7\xa95&\x81\x19\xe0\x0b\xf0\x03X\xd4\x15q\
8@c\x9dP\xb0\xc4\xc8\xc0c\x86\x07\xee;\xe3\x93\
rab\x91wZ0\x01L\x03\xcb\x05\xcd\xb0\xb7\x13\
A\xff*\xba\x9a\xc5\xb5\xe4\x067\xe7\xb7\xf9c\xc3(\
0\x05\xcc\x03\xbf\xf6\xab\xcb]zA?\x99=-\x00\
D\x81\xfa\xbd\xe6\xfc~\x80\xc2\xfd\x17\xfb\xc6\x93\x822\
,\x7f\xcc\x00\x00\x00\x00IEND\xaeB`\x82\
\x00\x00\x03`\
\x89\
PNG\x0d\x0a\x1a\x0a\x00\x00\x00\x0dIHDR\x00\
\x00\x00\x18\x00\x00\x00\x18\x08\x06\x00\x00\x00\xe0w=\xf8\
\x00\x00\x00\x04sBIT\x08\x08\x08\x08|\x08d\x88\
\x00\x00\x00\x09pHYs\x00\x00\x02\x99\x00\x00\x02\x99\
\x01\xe4\x94\xa5;\x00\x00\x00\x19tEXtSof\
tware\x00www.inksca\
pe.org\x9b\xee<\x1a\x00\x00\x02\xddID\
ATH\xc7\xb5\x94\xdbK\x93a\x1c\xc7\x7f\xef\xe66\
\xdd\xdaj&\x1d.\xcc\xe8\xaaL\xb2l\x9b\xba\xbd;\
\xa8++\xad\x8b\x14%\xe8\xc4\x84\x0a\x8a\xb4y\x98\xa7\
m\xaf;y\xb6\xc4L*\x92\x0e\x17\xd1\x85H\x19A\
\x17\xc6 *o\x0a\xfa\x0f:@\xd4U\x11\x88`\xe6\
\xd3w\xfa\x06\x199\xdf\xa9]|y\x9f=\xef\xf3|\
>?~\xcf\xf3\x8e\x18c\xf4?\xb3\xf4\x82\xa2\xael\
*\xec\xe4\x13\x81\xea\xf6w[h\xcfE\xbbT\xc1]\
\xb9\xb3\xf7\x95\x14\xf0\xceK/\xf3\xd3\x8f?x\x08\x01\
\x83\xc0\xbf\xa4\x00\x95'\xa7\x1c\x1e\x9a\x5cWv\x9b\x91\
#\xb2C\x8a\x04\x02\x9d(\x10$\x08:\xcaU\x07\x07\
XF\xd5c\x08\xc2\xbd\x09\xb4H\xa2\xa0\xa0}\x04\x95\
\xb3-\xae1\x96r\xe0\xcaW\xb2\x07\x95\xab&\x00\x5c\
\x07\xf8\x14*\xef\xd7\x1f\xbd\xc5\xd6\x97\xa3M\xb6@\xc5\
*\x0a\x22\xa7\x01\xffN\xf6\x90Z\xe9\xec~\x97~j\
\x94q\x8e\xf0\xb8\x843P\x8b\x82\xae\xf8\x02G\xe4)\
\xd9\xc3\xc3sc[\xd0\xb7\xb1\xf2\x1e\xd3\x1c\xea\x9f%\
^\xd8\x1a\xe7\x16Y!x#\x0a&\x91k\x8b\xc17\
\x00>\x83\xea\x0b\xe6\x05\x81m\x80\xb3\xb4\xb2aF\xbc\
?\xb8\xe2\x0f\x0d\xf0\x0b\x80\x7f@\xe5\xdc\xef9\xb9=\
8\xb1\xa9\xf2\x0eKr\x84\xbf\x90\xd9+_\xa1 \xf4\
\x02\xf0\xf6\x05s\xbc\xff\xec\xda\x92A\xa6)\xeecd\
n-]\xb6\x00\xf0\x0c\xc0g\xd1\x96\xcc\x05\xf3\x16\x9f\
^U\xd4>\x9dzd\x88q\xe6\xd6G\xcb\x17\xd8\x82\
\x8d\x80\xbf\xfe\xd7b\xce\xe2\x1b\xd5\x97^eJGh\
\x86\xf2\x9a6/S\x10xK\xd6\xb6\xe7d\x15\x04\xb4\
E@\xe5\x88W@[\x04\xcao\x19S;;\x99\xc6\
\xd9\xc5 hJX\x10k\x0b\xe0?\x01\x8f\x02\x1e%\
K,\xbe(\x0e\x15i\x8dB\x10M\xe2\x85)mq\
7\x93\xe5\xb7\xbc'\x93\x87KL`\x0d\x84 x\x16\
wC^\xf3\x0dua\x84)x/#SC\xa1d\
\x01\xe0\x0a\xc0?\xe1C:\x13wCn#\xaf\xe0\xfd\
Le\x13\x18\x19\xeb\xef' h;\x06\xf8\x0f\xb4&\
-\xbe\xc0\xc3\xc9\xf2\x1a?\xaa \xe1r=\xd3d\xa8\
M\x95&\xb0\xb4M\x00>.\xe9\xe0\x8c\xf5=\x0as\
3\x93\x99\x1a\x18\x19\xdcMK\x0aP\xb9QU\x84\x9b\
a\xf1\x0dK\x13\xd4U\xc8s=Lf\xacg\xb4\xd7\
\xfd\x8drj\xb4\x8b\xae\x05\xbc\x19\x95\x7f\xd6\x95\x0c@\
\xe0\x9d\xc2m\xa9\xc1m\xd1\xc7\x81\x97\xa0-#\x9c\xa1\
\x96q9n\xfc\xa9U3\x08\x9e\xe0\xb9o\x11\x81?\
v\xbf\x83dr\xf7\x90\xa1\xba\x8fLu\x1d\xb4\xcb\xb5\
\x1do4\xc8\x1aD\x8b\xe8\xc4h)\xa7:B\xd9\xe7\
z)\xcb5H\x99'nR\xe6\xc9\xeb\x94Uu\x99\
v\x9fw\xcd\x03)\x09IFT\x08'Z0 R\
\x88\x91\x8b\x8bbc\xa5\xb88\xf9\x8fM\x8a\xbf\xde\xcb\
\x17V<\xc7\x92\xc5\x9e\xb1\xdf\xbf\x00\x9c[K\xe8s\
\xa3\xea\xbf\x00\x00\x00\x00IEND\xaeB`\x82\
\x00\x00\x05)\
\x89\
PNG\x0d\x0a\x1a\x0a\x00\x00\x00\x0dIHDR\x00\
\x00\x00\x18\x00\x00\x00\x18\x08\x06\x00\x00\x00\xe0w=\xf8\
\x00\x00\x00\x04gAMA\x00\x00\xd6\xd8\xd4OX2\
\x00\x00\x00\x19tEXtSoftware\
\x00Adobe ImageRead\
yq\xc9e<\x00\x00\x04\xbbIDATH\x89\x95\
\x95\x7fP\xd3e\x1c\xc7\x07\x0c\x03DJ\x8f_\xf3\xd2\
TNp\x03b\x980~\xa5X&u%\x0b\xf0t\
2\xd8b\xa0\x8e\xc4\x81 \xdbB8\xc5\xb9)h\x1e\
\x08w\x02\x87\x9e\x02\x12\xda\x00\x93~\xb0S2\x15\x10\
8\x16\xa6&\xa8Dy\xd0\x9a\xd4,;-\x94\xf3\xde\
=\xcf\x0eHo\x0b\xd7\x1f\xaf=\xcfw\xcf\xfb\xf9\xbc\
\x9f\xef\xf3y>\xcf\x97\x11-\xd8\xa5$\xf4>\x07\xa5\
\xad:\x00\x8c\xa7a\xd0\x81\xc1\x87@\x97\xc9:M\xb7\
L\x98\x0c`\x8b\x8e\xc1`\xcc\xb40\xe8\xbe\x07\x94\xf7\
[g\x83\x5c5e`\x8b\x8e\x18\xf8X\x18\xf4\x90\x89\
\x87\x07\xac\x93\xf8\x94\x81-:b\x10dapf\xd0\
\x84$\x85\xca*\xef$\xa6L\x19\xd8\xa2\xb3f\xf0\xdc\
\xe4\x05\xad\x14\xd5\x85\xf3\xb35\xb6\xe8,\xb6\xc8\xfcC\
\x12C\x07\xa8\xfb\x7f\xe03\xa1\xb1I\xf7\xbf\xdf\x80j\
V\x8b\xf6\xe4\xf1\xd3\x8a\xfb\x84\x99\xa5W7\xe7U}\
\xbfMu\xac?WS;\x90\xa3\xae\x19\xd8Rp\xe4\
\x86(\xa7\xfcZrv\xb9\x8a\x04u&\xd8?\x93\x83\
\x91\xbf\x81\xeb\xf7\xadsn\xc8\x84\xd5\x22\x95^ +\
\xf9n\xf4\x11\xd0\xfb\xa3\x11\x8dm\x1d(=\xde\x80\xfc\
\x03\xe5fh\xff\xe8\x99\xb3\xd8$/\xbd\xdd\xd5\xd5\x15\
@\x02\xbb\x11\x1c\xa6\x0cn\xfc\x094\xdf\xb1\x8e\xb4@\
\x83\xa4\xacCW\x0b\x0e\x9e\xbc\xd5z\xf9[\xc82\x94\
\xd8\xb3V\x88\x1aA\x22\xceJ>0C\xfb\x99\xbcp\
,\xf7\x8f\xbc\x9b\x91\x91\x91G\x02\xfb\x13^\xa4&f\
\x83\x9b\xc4\xe0\xf3aK\xbe \xc8\xf7\x96\x80\x06\x97l\
\xdd9R\x9c\x92\x86\xe6\xe4d\xf4\xc9\xb3qu\x87\x1c\
W\x149f&\xfb\x9f\xc4\xc5?\x16z{\x9dMO\
O\x97\x92\xe0~\x04\x17\xb3A\xfb\x1d\x136\xe7\xa9 \
%L\xb6\x94m\xbb\xf7C\xbeS\x85\xad\xca\xfd\xc3\x1b\
8!\xf7\xce\xa7\x88\xd0\x97-Cm\xdc\xfb\xc8\x0c\x8b\
@BT\xb4\x99\x9c\x15\xd1\xf8lS*~(\xda\x83\
\x8b\xa9\xe2G\x12o/\xadB\xa1H\x22\x06\xaci\x93\
L\x13\x9a\xab\xaa\x1a\xe2\xbd\xb2\xa4\xbf>\xe6\xad\x07\xfa\
\x0f7\x22/4\xea\x01\x8f\x13a\x14\xa4\xe5\xdd\xd9u\
\xe0\xd8paq\xc5\xddW9Q\x86\xafD\xc9\xe3?\
\xed\xdd\x8d\xdb;w@\x1b\xb3\xca\x181kVIu\
uu\xe4\xb4\xc7T\xa3\xd1\xc4K\xa5\xd2\x8f\xd3==\
.u\x8b\x12Q\xbf\xe2\xf5\x91\x00g\xe7*\xb5Z\x9d\
\xd5\xd2\xd2\x22\xcb\xcf\xcf/e9:V\xd4F\xf0\xee\
\xf5JD\xd0\xad\x8b\xff\xbdU\x90`\xe8\x11\x0b!\xf3\
\xf2\xd4\x09\x85\xc2\xc4i\xdf\x80\x1e\xc5U|\xc9\xc8!\
n\xb0\xa9{}\x02\xd2|\x83\xee\xd3\x95\xab\x0eio\
\xa7o\xdf7\x1c\xc8\x894\x1c\xe1\xf1\xc6\xbb\x05\x098\
\xca\x0b\x1bg/\x08<\xb7}\xfe<]\x0fy\xae\x0c\
\x0c\x18\xe4r\xb9[\xcc90=\x06F\xfe\xb2dt\
\x0c\xf8H]\x8c\xc6\xf0\xb0'\xed\xef\xc6`\x9f,\x0b\
\xd7\x87\x86q\xbeK\x8f]\x05\x85hX\xb1\x1c\x9dk\
\xde6\xb7\xb9\xdb\x95P\xee.\xfb%z\xa6K\x15\xd5\
\x9e\x0e\x0by\xe8\xe6\xe6\xb6\xcdl` \xc1\xf4\xbfY\
2\xf0\x07\xb0zM\x1c>\x0d\xe6>\xb9\xb42\x0a\xea\
-\x99h\xed\xd0#WY\x88\x13a<\xb4\xbf\xb1\x1c\
u\xa4\xa5\xcf\xb9\xf9\x85(.\xab\xff9\xd2\xd9\xa9\xee\
bt\x14\x9a\xb8\x81\xff\x1a\x18I\xa1]1Yr\x93\
\x18$I6\xa2\xc8\xc7w\xec\x02\xef5\x94\xc4'@\
N\x82\xd5,\x0d\xc67\xbc\xa5\xe6\x96>7]\xd0\xe3\
X\x83\x16[\x15E\x86T7\xd7N\xaa-\x9b7w\
\x90\xc3\xe1H\xcd\x06\xd7\x0c&d\x17\xa8,P\x1f,\
\x87ds:\xc4//\xbe\xdf\x16\xe0\x87\xd3\x91a8\
\x15\xc8\xc1\xd7\x81lT\xfa,DL\xf4\x9bP\x90\xad\
:N\x82\x97UT\x22\xc47\xd4X1\x8fel\xf3\
\xf7\x83\xd4\xc5E\xc7\xe7\xf3\xd7N\x9b\xe4x\xe9\x81+\
\xb4\xfc\x97\xb1\x16\xf6\x1f\x9e\xcbzp\x99\xed\x03}\x80\
/\x1a\x16-\x18\x0fX\x12n\xa0{N\xb7\x85\xae<\
dq\xa81\xcb\x8b\xf5\xeb\xb9E\xf3Q\xed\xe5n\x0c\
a2K\xc8i\xe3N{L\xd9lv()\x98\xf7\
h\xf9\xafsd67z\xcc\x19\xeb\x98\xcf\xc2\x09\x8f\
9\xa3iN3:C\x1d\x1cNR\xc43\x1c;\xcb\
g\xcf2\xea\xbc\xddq\xca}\xf6\x98\xc0\x91\xa9\x15\x8b\
\xc5\xb1\xf4\xbax\xe6\x03m\x05\xfb\x89\x8b\xcb\x9f\x96\xff\
z\xa6\xbd\xb6r\xa6\x93\xf1\xcb\x97\x5c\xd1:\xdb\x15\xb4\
}\xbaO\xc7\xa8&66V@\xe6x\x12\x98\xcf3\
`L\xdc\x8a\xf4\xe2\xf2\xa3\xe5\xbf\xcc\xce\xae$\xd5\xde\
NW\xec\xe80X\xf3\x02\xf3!\x85\xf6\xe9\x7ftl\
b\xe54\xf8\x8c\xa9\x0f\x8e\x8d&.\xf4n\xa1\xe5O\
+\x94\x16\x11=\x86\x14zZhB\xe9\x9eO,\x86\
99\xf7\x1f\xdf\xbd\x1c\x0bc\xf3\x04\xe2\x00\x00\x00\x00\
IEND\xaeB`\x82\
\x00\x00\x01]\
\x89\
PNG\x0d\x0a\x1a\x0a\x00\x00\x00\x0dIHDR\x00\
\x00\x00\x18\x00\x00\x00\x18\x08\x03\x00\x00\x00\xd7\xa9\xcd\xca\
\x00\x00\x00\x81PLTE\xff\xff\xff@X\x80\x00\x00\
\x00\x00\x00\x00@X\x80\x00\x00\x00/A^\xd0\xed\xff\
\xaf\xe1\xffgz\x83\xb4\xe3\xff\xe4\xf6\xff\x97\xd8\xff\x94\
\xd7\xff\xc8\xed\xff\xcd\xec\xff\x5cw\x83r}\x83\xd4\xf1\
\xff\xc9\xee\xff\xdc\xf5\xffYv\x83\xd6\xf2\xffZv\x83\
dy\x83\xb2\xdc\xed\xae\xda\xedfy\x83\xc4\xe1\xed\xe4\
\xf7\xffP\x5ca\xbc\xde\xed\xca\xee\xff\xcd\xe4\xed\xe6\xf6\
\xff\xd9\xf2\xffo|\x83\xe8\xf7\xffIZaq}\x83\
\xd3\xe6\xed\xed\xfa\xffV^a\x0a\xfa\xd9\xbc\x00\x00\x00\
\x07tRNS\x00\xcc#/x\x0b\xa4%\xd3Y\xf9\
\x00\x00\x00\x84IDATx^\xb5\xce\xb7\x0e\x02Q\
\x10CQ<\xb3\x8f\xcd\x99\x9cs\xfa\xff\x0f\xa4qa\
Q \xb4\x12\xd3\x9c\xe2\x16\xe3\xd1\xc0\x8b\x00 \x22\x1a\
0\xa9\xaa\x15\x02\xd1\xd0\x97\xe5\x14F4\x1c\x8ab\x0e\
'\x1a\x96Ms\x83\x93\xcf\xe7c#\xfa=\x98\xbb\x05\
\xf2\xd3\xdcm\xd7\xed\x11\x88\x86Y\x92,`D\xc39\
\xcb\xd6p\xa2a\x93\xa6;8\xf9\xd3\xdcg\x9e\x1f\x11\
\x88\x86S]_`D\xc35\x8e\xefp\xa2\xe1\xd1\xb6\
/8\x190\xf7\xeb\xbd\x01\xaf\xa5\x09\xaf\x04,\xdf\xc5\
\x00\x00\x00\x00IEND\xaeB`\x82\
\x00\x00\x03\xe5\
\x89\
PNG\x0d\x0a\x1a\x0a\x00\x00\x00\x0dIHDR\x00\
\x00\x00\x18\x00\x00\x00\x18\x08\x06\x00\x00\x00\xe0w=\xf8\
\x00\x00\x00\x04gAMA\x00\x00\xd6\xd8\xd4OX2\
\x00\x00\x00\x19tEXtSoftware\
\x00Adobe ImageRead\
yq\xc9e<\x00\x00\x03wIDATH\xc7\xa5\
\x95\xfbK\x93Q\x18\xc7\xf77\x98%\xd1O!A\xe4\
5\xed\x22]d6S)3\xac,\xcdP\xdfLQ\
\xc3Km,S*\xcd\xca\x0a\x0bW6\xcc\x1f\x942\
\x02\xc1R\x89px\xdd\xbcM\x14\xbcM6u\xde2\
\x09\x14f\xf4CtY\xf8\xed<'\x9d\xce\xe66\xeb\
\xc0\x97\xf3\xbe\xcf9\xe7\xfby\xce{\x9e\xc3+\x12\x89\
D\xc1L\xd2\xffT0\x00\x91-Q\x93\x1a\x8dF\xf4\
\xf6\xf6bpp\x10:\x9d\x0e}}}\xfc}``\
\x80kdd\x04\xfd\xfd\xfd|ly\x0e\xf5\xa4\xaa\xaa\
*r\x91\xda\x05\x0c\x0d\x0d\xa1\xa5\xa5\x05\x8d\x8d\x8dP\
\xa9ThkkCCC\x03Wkk+:::\
\xf8sSS\x13\x9fG1\x9aKJHHp\x0c\x18\
\x1e\x1e\x86\xaa^\x05\x8dF\xc3\xcd\xd4j5\xef\xc9\x88\
b\xa4\xee\xeen\x1e'\x10\xbd777\xb3d\xea\x91\
\x98\x98\xe8\x18\xa0\xd7\xeb\xb9\x99\xb6K\x8b\xf6\xf6v\xbe\
\x98vA1\xca\x98\x9e\xbb\xba\xbax\x5c\xad\xd6\xf08\
\xc5H\x82 8\x07\xa0\xac\xc8\xac\xac\xac\x0c\x0a\x85\x02\
\x15\x15\x15\xe8\xe9\xe9\xe1\xa6\xb4\x1b\x1a\xef\xec\xec\xe4=\
\xc5\xc9\x9c\x92INJr\x0c\xa0C\xa4\xad+\x95J\
\x84\x86\x86B\x22\x91`\xa7\xc7n\xf8\x07EC\x1c\x99\
\x8e \xd2\xa9L\xa6\x8c%e\x22;\xff\x09\xfflI\
\xce\x00\xc6\xc7\xc7Q^^\x0e\xb9\x5c\x8e\xd4\xd4T^\
\x19\xdb\xb6{!\xf7\x8c\x18\xa8\xce\x03\x1a\x94\xc0\xfb\xc7\
+z%\xe3\x90\x9c;\xcf\x90\x92\x92\xe2\x1c\xa0\xae\xae\
\x8e\x97\xe2r\x89\x1e9\x9d\x09\xbc\xcdg}\x16\xf0\x22\
\x03xr\x0e\x8bK2\x17\x9f\x85\xe9~$$QW\
!\x0e\x89p\x0c\x98\x98\x98\x80V\xab\xb5\xd4=I\x12\
\xc5\xd6\xb4\x94\xb2l\x19\xe0]!\xa0\x8c\xc1\xe2\xb3\x18\
\xfc,9\x0fH}a\x8eq\x81)\xcd\x13\xee\x9e\x07\
\xb1\xd5\xdd\xaf\xd9.`ff\x06T\xaa\xa4\xe5\x0b\x14\
\x12-\x07\x1a\x15@Y\xac\xb5\xe4\xbe\xc0\x05\x17P3\
\xc72H\xba\x17\xb6{K\xbe\x88\xa3\xf3\x0a\xed\x00>\
\x80*I\xaf7\xf0\xec\x0d\x06\x03\x82\xcf\xc9\xd8\x0e\x9e\
\x02\xe5q+\xba\xee\x07\xc4o\xc2\xeaf\x8e\xdb\x04S\
\x967\x18\xe0\x93-\x08\x07\xcc\xce\xceB7\xa4\x03\x9d\
\x05\x99\x93\xf8\x0e4%\xc0\xcb\x84?\xba\xe1\x0f\x08\xd6\
\xe6\x16\x08\x83\x9ad>6!\x16\x00\x99\x8f\x8d\x8da\
rr\x12\xa3\xa3\xa3\x08=\x9f\x03\xa8n\xe2[e<\
\x16\xf3\xf6\x00I\xae\xb0\xd7\xcc\x89\x0c\x92\xed\xfb\x17\x84\
\x03\xe6\xe6\xe6`4\x8e-\xc9\xc8aw\x8b+\x11\x16\
\x9b\x0b\xd3\x8b8|\xbdd\xdf\xdc\x02Iv\x85)\xd7\
\xcf\x0a\xc2\x01\xf3\xf3\xf3<\xf3\x99\x8f\x1fA\x07>=\
=\x8d\xa9\xa9)\xdcS\xbcb\x90\x1c,\xe4\xf9\xe3{\
\xeaf\xe7 i\x0c\xf2Z\xb0@8\x80\xaaF*\x95\
r\xc9d2\xab\xfe\xe8\xf1(\xec\xf0\x11\xe3s\xc1^\
\xfcJw\x00\xc9`\xe3E\x01\xa8\xce\x0dCA\xdc~\
\x0e\x119\xf3\xc3\xa1:\xa7R4\x15\xee\x839k\x8b\
m\xf3+,^|\x00\xb5\xb7\xc3!\x84\xedZ\xd9\xc1\
z\x17d\xadh2-2=\x0c\x80Y\xba\x06\x22s\
\x03J\x0e\xa1\xe6n\x04\x84c\x1e\xcc\xfc\xd6\xca\x198\
\x0b\xb0\x82<b\x10\xb9\x1b\xf7^\xbc\xc6\xfa\xd2\xc3\xa8\
yp\x12B\xb8\xe7\xdfU\xb4\x11\x80\x15\x84}\x8e\x1f\
\xcc\xdc\xfc<\x10\xb5E\x91\x10Nx\xd9\xbe\x07\x1b\x05\
\xac\x86,\xa83\xf1\x86\x99_<i\xe7&\xff\x0b`\
5\xa4\xe0r\xe0\xba\xe6\xff\x05X\x0dY\xcf\x9c\xf4\x1b\
\xa9\x8e!\xbb`\xad\x07\x8a\x00\x00\x00\x00IEND\
\xaeB`\x82\
\x00\x00\x04\x0e\
\x89\
PNG\x0d\x0a\x1a\x0a\x00\x00\x00\x0dIHDR\x00\
\x00\x00\x18\x00\x00\x00\x18\x08\x06\x00\x00\x00\xe0w=\xf8\
\x00\x00\x00\x04gAMA\x00\x00\xd6\xd8\xd4OX2\
\x00\x00\x00\x19tEXtSoftware\
\x00Adobe ImageRead\
yq\xc9e<\x00\x00\x03\xa0IDATH\xc7\xa5\
U=O\x14Q\x14\xbdo\xde{3\xfb\x11\x90\x82\xf8\
\x03\xfc\x03\xdbZ\xca?\xb0\xc3\xc6_`\xac$\xb1\x04\
\x0b\x0b+\x0b\xa2\xd1\x12\x0a\xb5\xa4\xc3\xc2\xc4\xc2\x06M\
\x8c!&BL\x8c\xd1\x88$\x06t\xcd\x1av\xe7\xe3\
\xcd\xf3\x9e;\xf3\x86]\x04\xb6p6\xc30\xef\xe3\x9c\
{\xcf=\xf7\x8d\xb9rm\xe5*\x11]\xa6\xff\xbb\xb6\
^>]\xde8m\xc2\x00|\xed\xf1\xf2\xa5\xc3?\x9e\
\xb4R\x94\x15\x8eb\xab\xc9\x95\x9e\x5cQ\x921\x11\x95\
\xde\x93\x89\xaag\x14)\x22\xcf\xbb\xf8\xc1C\xf4\xed\xc7\
O\xbaww\x15Xg\x12\xd0\xef!\xd1\x87\xaf\x8a\x9c\
sd\x18\x5ck\xa2\x22W\x0c\x18\x91\xf7%Y\x1e+\
\x0a/\x1b\xbcw\xd4nq\x00\x8ex\x9e\xe8\xc5\xb3\x87\
\xe7\xa6&\x04\xa5\xe3\x08\xb5\xe2\x88*\xf04-8r\
Cy\x9aq61\x93\x15\x94e\x19\xcd\xcct\x98(\
\xe21\xa2A\xca\xc1\x18=U;!\x88\xad\xaa^8\
\xe5<+8BC\x19\x93t\xdb\x89H\xa1\x0aE\x9d\
\x0b\x1d\x1a\x0es!\xc6\xeaV\xa2i4\xca9#?\
\x9d\x00\xb2\x22*V\x83\xa2\xd8\x90\xe5Q\xe5\x19\x08\xe0\
L\xaa\x15g\xc6\xcf\x84\xe7\x10\x0c\xe4\x09\xef:R\xd3\
\x09\x84\xa4\xf9\x83,Jz\xf5\xfc\xc9\xc5O;o\xe7\
4#9W\xb2|\x91\xd4\xd6\x97\xa5\xac\xc18\x82\xff\
\xbc\xf3\x9a\x0e\xfa\xa3y\xa5Vn\x9d\x82\xbfm\xaa\xc2\
y\x89\x04\xce\xa9$\x8b\xe8\xcb\xc7ws\xf7\xef\xdc\xe8\
\xf5\xfb}\x8a\xe3X\x08\xf2<\x17#Xke]\xab\
\xd5b\xd9\xae\x8bleY.`MY\x07\xb0\xbb\xbb\
K\x8b\x8b\x8bKB\x00{*\x8e\x8f\xa7y\x01\x9c\x14\
\x83\x967\x0fi0\x18\x08(\xeeN\xa7\xc3\xba\x8f\x04\
\x00$\xb8\x8f\x8e\x8e\x84\x1c\xb7b\x9c\xa2(d~s\
ss\xb2\x06\x96]\xe4ea\xe5\x0cd\x84MpO\
\xbb\xddfI\xb4l\x06\x092\xc1\x1cHggg\x85\
\x14\xeb\x92$\xa9\xf6\xe4\x99\xac\x1f\xab\x81gW(\xde\
HR\xd8\x827*i\xa4H6\x89U]!\x80\x18\
\xc3%=\xc3\xd2@^\xfc\x0f\x19!O\xc8,H\xd5\
\xd84Osj\xb5-!\xc3\xc4V\xae\x91\xec\x00\x08\
7AFU\xc9\xd0\xedvE\xba&C\xaeE^g\
\x87l\xb0\xc6X3\xd6h\x5c\xdc\x0e\x83\xc3\x15Zy\
R\xf2\xab\xc0Q\xc8\x0a\x5c5\x9eO\xd3\xb4\x19\x0f\xd1\
\x22S\xcc#+\x09\xca\x8f\xd9TI\xa1\xa9>k0\
WJS\x04\x09\x00\x00MQ\x0b\xe8\x1f\xe4\x804\x98\
\x07\x11\xc6\x10=\xd6\x81`\xa2\x06V\xd0]\xd34\xf0\
\xb8\xae5B\x84\xd2\x03\xb5\xd6\xd8\x08p\x91\x81\x03\xc0\
;d\xaa\xf6U\xe0a\xcfq\x91ys\x12\xeb*+\
ORP\xd86D\xe6\xf8\x84EGG\x91m\xa4\x02\
\x09\xe62\xce\xc8\xf21`\xb4\x11\xd9 \x9f\xa8\xa2\xd4\
1\xc1a\xff\x17\xad=z0\xa1\xf3\xce\xfb7\x12I\
(\x18\xa2\x17C0(d\x0as\xba\xf6\x7f\x00\xc58\
\xe6\xc7\x09\xb6n\xde^\xfd\xa7\xc7\xbf\x1f\x8c\xe6\x91\x8d\
4\x10\xbf\xa3\x07\x00\x8e\xa71Vl\x8c,\x22\x96\xd2\
\x9a\xaa\xb3\xcb:3\xd4\xaa\x91\xa8\xfe\x12m\x9c$\xc0\
\xd9\xc2\x9b\x17BsQ\x88\x08\x85\xe7\x9f\xd6\x95[B\
\xe7b\x1cE\x86\x9b\x9c\xd4h\xbc\x06\xe7\x5c\x00\x0f6\
D\xear\x5c3Yh\xa4 E\xc80\x18\x22\x98\xe4\
\x5c\x02\xe8\x89\xf3\x08\x18\x8e\x0b\x1f\xac'}QK\x17\
\x5cU\x1fx\x02\x8e`&\x8a|\xd6%Ed\x00\x10\
\x05\xe7\xe0\x13\x8a\xda\xa8@\xa4T\xa372@\x8bf\
E>yT\x9cu\xed\xef\xef\xd3\xfa\xfazC\x16\x9a\
\xea\xe4W,\x10\x85\xfe\xc0\xfc\xde\xde\xdeT\x82\xed^\
\xaf\xb74\xadFS\xae\xed\xbf<z\xce\xe4_\xd1[\
>\x00\x00\x00\x00IEND\xaeB`\x82\
\x00\x00\x05-\
\x89\
PNG\x0d\x0a\x1a\x0a\x00\x00\x00\x0dIHDR\x00\
\x00\x00\x18\x00\x00\x00\x18\x08\x06\x00\x00\x00\xe0w=\xf8\
\x00\x00\x04\xf4IDATx^\xa5\x96Kl\x5cW\
\x1d\xc6\x7f\xe7\xdc\xc7xf\xfc\x9a\xc4\xaf<Z\x16\xa1\
 \x12\xa8\xda\x80\x84(\xdb.J\xbb\x0e,P\x14`\
\xd7\x05HH%\x8b\xb2A\x95\x80EZ\x09Q\xd4v\
UDS\x15\xd5U\x9b\x84*\x02\x16U\xa8hK\xb1\
#S\x5c\xda\x18\xbf\x82\xe3W\xec\xf1\x8c=\x1e\xcf\xcc\
}\x9cs\xfe\x8d\xee\x5c\x09[B\x10\x95\xdf\xe6\x7fu\
u\xf5\xff\xf4}\xdf\xb9\xbaW\x89\x08w\xc3\xa5\x9f\x9e\
~\xd8\x99\xf4\xbcs\xe6~\x11i#\xe2\xf87\xea\x0e\
\xbd\x9e\xef\xbf^*\x86O?\xf2\xa3\xa9Er|r\
^\xf8\x9ez\xd49\xfa\x10\x12\x81/ \x00\x08\xc21\
\x11\x06\x0b%\xbe\xf1\xf5o\xff\xfc\xd0\xe7\x1f:C\xda\
\xde\xc1:K\x86s\xa05A\xa1\x8f\xcd\xc5\xc9\xc7\xa7\
\xdf\xbc\xf08\xa0\x0e\x08<\xff]u\xee\x81G\x7f\xf8\
l\xa1Tq6\x8d\xd2\xa1{O\x17Q(@J\x83\
\xf7\x04\xa5\xca\xbd~\x1a\xb5\xf4\x9f_>Gj\x22\xee\
\xfb\xf2\xc3(LfB\x10l*h\x7f\x80\xd2\xe1\xa3\
\x04\xe5C\xfc\xf2\xfb\x9f=\xfb\x83g\xe7/\x02 \x22\
\xfc\xea,\xd7\xacM\xe4?\x11'V66\xb7\xc4\x8a\
HucU^\xf9\xf1\x09\xb9v\xf1[\xb26\xfb\x92\
\xd4V\xdf\x90\xea\xd2k27\xfd\xa2\xb4[\xdbR\xbd\
\xfd\x91\xac\xddxU\xde{\xe9\x8c\xbc\xf1\xd4\x17\x9f\x10\
\x114\x808\x8cK;\x80\x80D \x060\xd9u\xdc\
\xaa\xb2\xb6\xb2H\x1c%\x0c\x8d\x1c\xe5\xa1\xef\x5c\xa22\
\xfc \xffx\xe7w\xb4\xdbq\xe6b{\xbb\xc1\xd6\xd6\
\x16C\xa3'\x91\xde\x13<\xf0\xd8\x13(\xe4I\x00\x0d\
\xe4F\x0c\x10\x83\x8d\xc0\xc5`\x9a\xe0\xa2lA\xa7\xbd\
Guc\x1d\x118\xf2\x99S\x8c\xdd\xffMV?z\
\x9b\xadZ\x83\xd4\x18\xb4\xd6\x5c\x1e\xbf\xc0\xcf~r\x8e\
\xd9\x8f\xffB\x9cFXk\x07\x94R\x15M\x0e\x08`\
\xbb\x0e\x5c\xa3;\xb1\x04\xbeA+\xc3\x07\x7f\xbf\xce\xd5\
\xabo\xf2\xde\xbb\x7f\xa2^\xdf \x8a\xcd\x9d\xb9\x8b\xb3\
\x8e\x81\xfe2_9\xfd9\xbe\xf6\xd5\x93\x8c\x8e\x0c\x22\
b\xb0N\x00\x0a>9H\x0c\xa8<\x1eG\x863\x04\
\x9eat\xb8L\xadz\x8b\xcd\xf5:\xde\x91\xa3\x14\x8e\
\xde\x87\xb3B\x14\xc5$i\x82\xd602<\x909\x09\
{\x8a\x94\xfa\x0e\xd3W\xf45\xe0\xed\x13\xb0`[`\
wA\x97@\x12pm|\xe0\xd8\xd8\x00\x95\xbeS\xa4\
VQ(\xf4\xa2}\x0d\x1a\xacuXk3\x17\xce9\
@\x10U\xc8\xee\x81pP@Y\x90\x0e\xb8\x0e]\x14\
\xa8\x02\x88!\xf0-\x03}\x09\xe8^\x08\x0b\x98\xc8\x22\
\xd6\x92$1\xc6\x18\xac\xb1Xk\x10\x11<\xdf`]\
\x0a\xa8\x83/Z\xb6\xd8\xc6\x80\xceER \x00\x0cH\
\x00\x84 \x0a\xcc\x1e\x22>\xa2\xc8\x0a\x8e\xa3\x984M\
\xbb\xcb=\x0f\xb4&\xde\xab\xd3\xecX\x01\xd0\xe4\xa0}\
\xd0\x01\xd8-p\xbb@\x01p\xdd\xc8\xb0]Q\xb3\x05\
(\xc49\xc4H\xb68\x8a\x22\x80,\xa2$IH\x93\
\x04q\xa0\xc8\xb0\xfb:0`\xb6\xbb\xb1(\x1f\xcc:\
\xd86\x19\xfe\xa1\xac\x0fL\x13\x82\x10\xa4\x17AP\x0a\
L\x16U\x929\xe8)\x16\xb1\x22\x88\x22W\xc0\x1d<\
EJ\x83k\x81.\xe6\x91\xd5\xc0\xab@4\x0f\xde \
x}\xf9s>\x22\x8a8N\xf1\xfd\x00\xfc\x1e\xd0\x8a\
b\xb9\x9f\xca\xd0\x11z\xfb\x07\xf0\xb4Vy.9\x08\
\x90\x80\xb9\x05\xce\x81?\x02^?`\xc9H\x97\xbb\xe2\
\xe1)\x04\x85\xf64\x85b\x99\xde\xc1\x11\x8aw\xa6\xe7\
\x07H\xd4\xc0\xd6\x16Y\x9a_fr\xa6y\x0d\x10\x1f\
r;\xb2\x07\xc9,\xe0\xe7.z\xba\x91\xc4s\xa0\xca\
\xe0\x95\xbaQ\x89A\xab\x90 \xecat\xe48e\x95\
\xd0\xbc\xf9!\x8d\xd5\x7f\x92\xb6\xebL~\xb86S\xdb\
\xb53\x17\xc6W~\x014}\x0eP\x02\xb7\x03\xe1\x18\
\xb4&A\x85y7K \x15\x08\x8f\x81\x12\xb46H\
\xdcd\xe5\xfd\xdf\xe2\x1d6\xbc~m\xf9\xf2\x8d\xa5\xf6\
\xbb\xb76\xa2\xe9\x85\xf5x\x1eh\x02-\x11i\xef\xeb\
\xa0\x03\xd2\xcaO\x8a\x0f\xa4\xe0\x0f\x01}`\x02\x08J\
\xa0w\xa18\x84\x17\xa7\xec\xd4;\xcd\xe7/]\x7f\xa6\
\xd5\xb1\xbf\xaf\xef\xd9\x15\xa0\x01t\xe4\xe0\x87\x88\x83\x02\
f\x07\x821\x88\x17!\x1c\x05\xb5\x07\xc5\x13\x10~\x09\
<\x8fvu'Y\x9b\xba\xd2\xd9\xab\xad\xf0\xc1\x12o\
-W\x93q\x11\xb9\xc1\x7f\xc1'\x07\xd5\x03\xe10\xa4\
\x0d(\xdf\x03\x85a\x08\xfb\xe9T7\xd3\xb9\x89+\xb5\
\xb5\x99\xa9Vcc\xce\xfcq\x22\x99n\xa7\xac\x8fO\
2\x0e\xac\x00\xfcO\x01\xa5\x08|\xcfAx\x18\xda\xbd\
\xec5\xe3x\xf9\xfa\xdb\x8d\xd9w\xae\xee4n/\x9b\
\xcb\x93L.l\xf2\xb7\xb5m>\xdejq3\x8f\xa3\
\x05t\xeeJ@{\xac\xc7\xad\x1a=\xc1q\xe6\xa7\xae\
\xd4\xe7\xff\xfa\x87\xc6\xee\xedYs\xfe\xa2{n\xa9\xc6\
\x04\xb0\x0e\xd4\xf3\xe2,wM.\x10\x86\xfc\xe6\xd7\xe7\
\xcf\xf6 \x1c\x9fX`a\xea_L\xdc\xdc\xe4\xfdf\
\xc2\x1cP\xcf\x8a\xfb\x94\x1c\xf8mQJU\x80\x12\xd0\
\x06\x1a\xd9\xe2\xff\x93O\x00\xc20\xec$\xf5r\x95%\
\x00\x00\x00\x00IEND\xaeB`\x82\
\x00\x00\x05h\
\x89\
PNG\x0d\x0a\x1a\x0a\x00\x00\x00\x0dIHDR\x00\
\x00\x00\x18\x00\x00\x00\x18\x08\x06\x00\x00\x00\xe0w=\xf8\
\x00\x00\x05/IDATH\xc7\xad\x95yPSW\
\x14\xc6OB\x02\xc4\x017hP\x10eq\x09\x0a\x82\
\x15#\x10ST**\x0a\x16\xd1v\xec8\xb8Lq\
\xa5u\xa1\xb6\xa8u\x14\x07\xabbi\x91\xc5ZT\xc4\
\x82\x8a5\x84-\x98(\xab@\x82\x15\x81\x00\x0a\x04\x1c\
\xa9-K\xa1\xa2\x09\x8a\x0b)\x9c\x9eP;\xb5\x96\xb8\
\x8c\xfe\xf1\x9b7s\xdf;\xdfw\xdf\xb9\xe7\x9c\x0b\x88\
\x08\x031u*0\x89\xd9D(\xb1\x8c\xb0\xd1\xf7\xed\
\x8b\xd0+\xce\xe7\xb3DG\xe2B\xafUUHZ3\
\xd2\x8e\xd4\xae];+\xc7\xc9\x09f\x02\x00\xf3m\x18\
\x98/\x0d\xb0\xcfn\xbe\x1e\xab\xc6\xa6 \xd46G\xf6\
\xaaj\xb2:\x02\x03\xf9\xb2\x09\x13\xe0]2a\xbc\xa9\
\x01o\xebz\x9b|TZas\x16\xdck\x91\x82\x06\
+\xdfA\xb9,\xe4\x17WW\xc6y\x16\x0bL\xde\xd4\
\xc0#l\xe7\x9c\xe2>\xa5\x1d\x06\xf8\x0d\x91\xb8\xba\xc2\
\xf9\xea\xb3\xd0\xfa\xb0R\xd0#\xf00H56~\xf5\
\xf3\x18H\xdc\xc0m:K\xd4 \xdf\xd8\xf1\xb8\x9c\x8f\
_m\xf7-\x9a8\x11\xa2\xcf\xc4\xcd\xba\xae-\x1f\x87\
B\x01Sld\x04\xce\xfa\xd2D\xf1f\xba\x0c\x10\xf6\
/0\x00\x91*\xcd\xb0C[j\x8a\xed\xb51ZE\
\xb1\xa8\xb5\xa1,\xf6~{\xe1\xe4n\x81;#\x95\xcd\
\x06\xd7\xe7\x0d(\xce\x94\xf8`I\x00/;$\xc4\xaf\
 8\xd8;w\xca\x14X\xac/E\xee\x01\x0b@r\
b/Tt\x15Yk\xef*\x16\xe1\xbdb!v\x96\
\x08\x1e\xf2\xf9L\x11\x93\xf9\xef\x1f\xd0\xb7C\x88\xa5>\
>\xa32O'G\xd4\xb4\xb5\xdd\xbe\xaf\xd5j\xb1\xa3\
\xfd\xf6\x0328\xa67w\xb6\xb6`M\xa9\xd9\x92\x15\
\x0duX@K9\x80\xbd%\x16}\x9fmp\xc9\x1b\
9\x12\x16P\xc9Z\x92\xf0\x12O\xcf!i\xa7\x93\x0f\
\xddhj\xaa\xef\xd2t=F\x8d\xa6\xa3/\xfd\xc7\xe5\
u\xe1\xdbF\xc8ml`\x97\xfe\xc3\xa1\x1dRIZ\
zyBz\x8b\x84\xa9\xc6\x8a\xf9\xd8\xa7)CY\xca\
\x8aFZ\x0f\xfbp)O\xfa}\xdc\xe7U\x8d\x0d\xd5\
\x8f\x9a[:\xb0\xa5M\x83\xca+\x89wv|jq\
Y(\x001\x97K\xe2\x003^Z\x05..\xe0\x13\
\xf4\xb1\xf1\xa5\x86\x06\xe5\xdd\x9e?\x11U\xd5\xb2\xae\xbd\
\xbbWU]Q\xc8\xba\xeb\xeb\x1b\xf0Fm#\xd6T\
\x95>I\x8c\x12T\xfb\xfb\xb0\xfa+\x8e\xca\xd8\x8f\xc4\
\xc7\x12\x83_j\xa0\xab\x0aggX\xbd\x7f\xff\xbaJ\
\xf5\xbdNLL<\x85\xb11\xd1\x98rN\x84Ri\
v\xef\x05\xf1\x9e\xd6\xe0\x95\xa6y\xd6\xd6p\x9c\xc3\x81\
5\x0cF\x7f#\x9a\x11,\xbd}\xf0Tx2\xb1b\
\xb1\x9fY\xf6\xbe=\x1f)\x13O\xc6\xf6\xe4\xe6\x15\xe2\
\x1c\xefyx\xf0\xe07XS\xad\xc4\x84\xf8\x1d\xb7\xc6\
\x8e\x85\x1433\x08'A/b\x14a\xf4l\x85\xc1\
\x00\xa5\xe6O\x1c\xda\xb9\xc9\xfa\xb2,\xdeA\xf5\xab\xc4\
\xb9K\x9c\xb0\x0a\x8f'$at\xd4\x01\xed\xd9\xe4\xa3\
\xdake\xa5X\xaf\xba\x89\xb7\x1a\x95\x8f\x22#V^\
up\x80\xbdd\xe42\xd0\x9c\xfaG\x98K\x04\xcd\x7f\
\xdf0#\xe50\xaf\xa6Y\xe6\xa8~\x92\xc7\xd5b\x91\
1j\xb38X\x11g\x80\xa7\xa3<\xda\x16/\x1au\
\xd1w\xa1\xed\xa5\x8dk\x5c\x0a\xf3/Dt\x96^)\
\xc3\x9b7\x1bQ\x9a\x19s\xcb\xcd\xcd0\x95R)\xfc\
\x9f\x01\x09\xf3\xbd\xbd\xd8\x19\xd9?\xd8\xd6\xa3\xdc\x06\xfb\
\xf2\x06aK:\xa8O\x84A\x85\xd7Lfz\xbd\xd8\
\xe5N\xaf\x84\x83\xb2\x18P\x8d\x19\x03\xc7\x86\x0e\x85\xd5\
\xf4\x5c\xeb\xe1\xceN\xfd\xee\xc0\xb2\xeb9\xb2\xb3=W\
\xcb\xcaQQr\xa1\xddw\xa1U\x16\x99\xf8\xfe'E\
>\xde\xec\xcc\x1b\xe7\xb8\xbf\xf7I\x07ae\x224\x1f\
\x0c\x01\x85\xa3#$\xd9\xdbCLr\xa4UUW\xa1\
\x10U\xa9\x06\x7f\xf8\xfb\x80\xc4\xc4\x04\xd6Q\xb05\xc1\
\xa12\x1cM\xa9\xd9\xf2I\xe0\x84\xfc\xa4\x13\xdb\xdbe\
\xb2\x8b\xf8sI\x9a&p\xb9\xe3%]Q\xd0;v\
\xbfA\xf8&c\xf9\x93tK\x94DsT\xe3\xc7\xc3\
I\x0a\x0c\xa7\x06\xfb6=\xd6\xbcVS\xe0\x89\xadR\
\xee\x03\xdf\xb9\x90E\xeb_\x93\xf0\x14\x9d\xf83\xbdb\
H1\x0b\xde\x13r\xd2\xc2Bg(3\xc5\x09\xa8\x90\
\xe7\xf7\xec\xfc\xd2[\xe1\xeen\x98ji\x09\xc6\xb0{\
\x03\xab\xf8\x81\xd8\x01+\x7frj\xdf\xb7\x95#\xdf\x16\
\xc4.(O\x19\xd9\xa2\xce\x99\x8d\xea\x02;\xed\x17k\
\xa0\xd0\xca\x0a\x0e\x93\x98\x800}~\x06\xe9\x0e\xd6\xdc\
\x1c,&M\x82\xd0%\xfe\x96\x17\x93\x8e\xae\xef<\x15\
\xbf\xf9\xb7\xf9\xf3\xb8\x122\xb0\x07_oFf\xd5\x19\
\xa3\xb6\xee\x5c\x1e>\xce\xb7Em\x919v\xe7\xf0\xf0\
n\xbeM\xcf\xee`(\xa6|\xc7\x93\xc8\x5cb\xf8\x8b\
.\x1a\xdd\xdf\xf0x\xe0?m\x1aC4o\x8e\x89\xc4\
\xdd\xad\x7f\xac\x8f\x01\xca\xd7\xf4YBH\x0b\xdf\x0c\xf2\
\xcc(f]\xd11\xc3\xa6\x8c(\xa8\x0b\x0e\x84\xdc\xd1\
\xa3\xe1(\x05.$F\xbc\xcaU\xa9\xdb\x00u\xf1`\
\xea\x0b'\x1a\xe9\x7fw\xb2n\xd1\xc2\x02\x86\xdb\xd9\xc1\
\xa2q\xe3`\x17\xe54\x92\x06]\xc4\xb0a\xb0\xb1\x7f\
\x96\x00p\x09\x83\xd7\xba\x87IS\xb7\xa1\xfe\xe73\x8b\
\xac\xa79\xb6 \xac\x9e\x0a\x0fz\xddK\xfe\x95\xae\xcc\
\xb7\xc9_~\xba\xceU\x0fJ\xe3\x1f\x00\x00\x00\x00I\
END\xaeB`\x82\
\x00\x00\x04\xee\
\x89\
PNG\x0d\x0a\x1a\x0a\x00\x00\x00\x0dIHDR\x00\
\x00\x00\x18\x00\x00\x00\x18\x08\x06\x00\x00\x00\xe0w=\xf8\
\x00\x00\x04\xb5IDATx^\xb5\x95\xdb\x8b\x1cU\
\x10\xc6\x7f\xa7\xcf9\xdd=\xd3\xbd;\xb3\xb7\xd9\xcd\xd5\
,1(\x04\xc4\xdc\x0cF\x13\xcd\x05QQ\x14\x8c&\
\x98\x80 y\xf1\xc1\x17\x11\xf2\x94\x07A\xff\x01AA\
\x14\xcc\xcb\x86\x101\x81\x80\xb8\x86\x80\x06L\x82\x89\xc9\
B\xc4\x18w!$\xbb\xd9]b6\xd9\xcb\xecez\
\xa6{\xda\xae\xb0\xf3\xa0C\x1e\x84X\xc3\xe1\x9c>3\
]_}\xf5U\xd5\xa84MQ;?\xfe\x888\xda\
\xc9\x7f\xb5\xc2\xcay\x96\xac\x9b~\xc0\xb7\xa7\xd2/6\
~i\x00\xc4\xf9\xe1\x83\xfb\x9e\x19\x9fX M\xeb\xc4\
q\x82\xe38\xb2\xe4\x19c,QTA)\x07\x00\xad\
\x1d.\xfc>\xc6\xf3\xcb\xae\xb3m\x9bF)E\x18\x86\
LMM\x01088\xc8\xbe#SE\xa56\xfd`\
X\xb4\xe1\xdb3\xfc|e\x9c\x5cNSh\x01c`\
v6\xa6\x16\x1b*Q\x821\x1eQ\x14\x09(q\x1c\
\x93\xde\xb9\xc8\x5c1dtt\x14\xd7u\x19\x19\x19\xa1\
Z\xad\x11\x86\x01\xfd\xfd\xfd\x10\xad\xb5@\xa7\xc3\xa2\xb9\
\xbe\x8b\xf1-\xed\x1d\x86\xa1\xd1I\x06o\xddC\xfb\x11\
\x85\xf6\x84\xf6.\x17?\x07~\xe0a<\x9b\xed9P\
\x8aZ\xadF.\x97\xa3\xb5\xb5\x95|>OOO\x0f\
Zk\xea\xf5:\x0dk\x00Pw\xc0\xf8.^N\x11\
\xc5U\xae]\x1db\xe8\x8f\x01\xca\xe5a\x82\xa0Lw\
O\xc4\xb2\xe5\x1a7\xafHM\xb6\x1c\x84\x8d8\xcc\x98\
\xceR\xadV\x99\x9c\xbc\x871F\x18\xd10\xd38(\
\xe3\xa0\x5cE\xac\x0c+;\xefp\xf9\xdc=&\xee\x18\
~\xbd4\x80\x93V\x09s\x09\x8fo}\x8d\xc7z;\
\x89g\xc1\xbaV\x00\x98\x9b\x9b\xa3X,\x0a\x00\x1d\x1d\
\x1d\x12\xbd\x804\x03hW\x938PI5\xdd\xdd\x01\
\x8eQ\xd4\x1d\x0f\x82\xec\xa5\xb8B\xd0r\x97'\xd7\xd4\
\x98w,\x8e\x9fbs.JA{{;333\
H5.,,4X5\xa7\xc8x\x06\xe3\x1b\xea\xc6\
%\xec\x5cMg1\x02j`\x0c\x18\xcb\x8b;-a\
G\x17\xb1\xd28\x9e\xa6R\x8bDlq*\x0c(\x14\
\x0a\x129jQ\x9b&\x00\xacF\xe7-\x89\xd1,\xe0\
\xb1\xba\xd7\x81\xfa<=\x859\xda\xc2yN\xfe\x94c\
\xfa\xe6w\x84A\x0d/\xf4\xc8\x87y|\xdf\xe7\xbe\xa8\
IB\xa5R\x91\xe8\xc5\xb9\x005\x03\xa0\xc1\xe4\x5cp\
5*W\xa4\xad\xcdP\x0ck\xbc\xfd\xf2\x0c\xfb_\xad\
\x12%\x0e\xdf\xfc\x18\xe2\xd7\xae\xd1\x92\x8fp}+\xce\
\xc5\x99\xac\xec\xf7m\xb2K5\x89\xc8\xcd\x00\xda58\
\xae\x83\xf64\x91cY\xbe\xe5\x1dv\xbf\x7f\x80\xda\xaa\
\x03$+\xf6\xb2\xf7\xa5\x08m\x14}\xc7G\xa8\x8f|\
\x8b\xe7\x96q]+,0\xd66\xd2C\xa1\xd0*L\
\x1ePE\x9e\x16\xcaD\xa4X?\x00R\xe6RM\xa2\
5\xfe\xa3o\xb1\xbft\x95\xc3Gor\xf4t\x9e7\
6]$UO\x13\xc75\x5c\xb7\xd1\x84\x8a\xa9\xa9i\
\xd1\xa5\x99A\xaa\xc1\xe6=\xb4g\xc0h\xd1\x82\xba5\
$\x1ap5Q\xae\x0d\xba\xd7\xb1\xe7\x85\x05Rm8\
q\xdag\x9a1\xe2d\x1e\xebj\xfc\xbca\xdeq(\
\x95:\x85I3\x83\xdf&\xcaL\x9f=%\xf9\x93Z\
\xa6\x9e\xd6\x85*J>\x8e\x922\xa4\x92\xed\xa1\xb7\x84\
=\x1b\xcfp\xa2?\xe6\xd3\x13w\xd1\xe68\xdb7\xec\
\xe2\xb3s\x93\xd8\xc2#|\xb8Y7\xf7\x81L\xc5\xad\
\xe3\x97\x98-y\x82\x9e\x01\x80\xd6V\x9agq\xd8\x19\
\xb46\xf2\x8c\xd6\x1e\xb9U\xbb(\xber\x9a\xaf\xcf\xb7\
\xf1\xf9\x99\x1c\xbf\x8c\x0dp\xf2\xec$k\x97] \xda\
|\x00c\xff\xa5\x81\x8c\xdc\x1d;z\x98\x9c\x9c\x14\xd1\
\x84\x81D,\x0c\xe4\xdc4_\xe2$f\xf3S\xcf\xd2\
\xbb\xe6(\x1f\x1ck\xe1\xe4P+\xb4Z\x86'\xc6\x99\
\xaei\xacmN\x918\x91\x12\x03h8\x05\xc0\xda\xfb\
\xa3\x1aPr\x166\xd4+\x09I\x1aseX\xe1\xf8\
\x01(\x0bn\x9er\xa5\x85k\xb7\xae\xe3z\xaaYd\
yQ\x1c'IB\x10\x04\xd2\xa54,\x08\xc2\x86s\
\x01\xc7\xf5,\xc7\x06\xeb|\xf5\xfd,\xd1\xeda\x98\xb8\
\x01\xd5\x050.\x037&\x08ZL3@\xba\x18\xad\
\xe3hq.\xa9j\xb0\x91%\x82/v\xab\xc6h\xcb\
\xee\xb5\xed\x1c\xf9\xe4]\x0e\xbe\xf7:\xdb\x9f[Go\
I\x13\x16Z\xb8<\xb3\x02\xd7\xa59E\xa4)\x804\
\x8f\x00I\xcb\xe3y\x9e\xd4y\xb6\x12\x99\xfb\x8b\xa3\xa0\
*\xf7\x04\xd9y\xcb\xf2\x0e\xd6/\xed\xe0\xcd'\x962\
4\xb5\x81s\xc3eFg\x12\xa2\xbf\xd2f\x00\xf9g\
\xea\xeb\xebk\xd4\xb0\xec\x22\xb4\xec\xc2H4\x11\x00P\
\x90\xc4\x89\xb0\xc2\xb5\x16\xe4J%\xb8\x1e\x94\xdc:%\
\x1c\x06\xff\x1c\x05J\xff\x008\xb5\xfe\xd0\xf9\x22Q\x97\
\xe5\xa1X\x17\x94\xc7.\x02(\x89r1\xe2\x95@'\
\x0f\xd7&\x04\x80\xff\xd3\xfe\x06rk\xdb\xfc\xac\xdc\x5c\
5\x00\x00\x00\x00IEND\xaeB`\x82\
\x00\x00\x03=\
\x89\
PNG\x0d\x0a\x1a\x0a\x00\x00\x00\x0dIHDR\x00\
\x00\x00\x18\x00\x00\x00\x18\x08\x06\x00\x00\x00\xe0w=\xf8\
\x00\x00\x00\x04gAMA\x00\x00\xd6\xd8\xd4OX2\
\x00\x00\x00\x19tEXtSoftware\
\x00Adobe ImageRead\
yq\xc9e<\x00\x00\x02\xcfIDATH\xc7\xb5\
\x95kHSq\x18\xc6W\x14\x91\x96\x86\x99\x05!\x18\
]f\x86\xcd 5\xad\xd4P\x222\xc5\xc4\xb2(\x19\
]!\xaclP\xe1DS\xba\x9a ^\x90\xca\xc4i\
^\x98\x95%\xc7&\xa12\x1d\xc7\xebr5l8\xcb\
9\x8dZ\x08\xae\x16\x15\xc2>\x08O\xef\x9f\xe9\x970\
\xdd\x996x\x18;\xff\xb3\xe7\xb7\xf3\xbc\x97\x89\x00\x88\
\xfe\xa7\xe6\xbc!\xeaXN:I\xe7\x84\xd2\x05\x03\xe8\
K1Y%\x9cy\xf470\xf2\x0b\xf8\xf0\x1d\x18\xb0\
:4\xf8\x0d\x18\xfa\x01\xb03&\x06\x11\x89D\xeeB\
\x01[\xcfg)\x8c\xc5u\xbcE;\xf2\xd3\xae\xff\x0a\
\xf4\x8c:\xf4\xf6\x8b\x03\xc4u\x9bl\xec|G\xf4\xe9\
r\x02\xf8\x0a\x8ehW\x5c\x9ad\xe7\x81\x0bW\xf7$\
\xa6\xabU\xba\xf1\x09\x8d\x09`\xd2Y\x80\xe3\xb2\x12\x83\
$*\xa5E\x1c\x1cW\xbe|\x85W\x02\x01|\x04\x03\
\xe8\xb5\x98\xe4\x16\x99|C\xd35l\x9f\xd4\x0c\x01\xfc\
0\xf0Tc\xb21s:K$m\x22\xad&-\x15\
\x0c\x98\x8e\xea\x5c\xa6\xc2\xa8\xfd\x0c\xa8?\x02\x1df\xa0\
\x94\xeb\x1b\x0b\x08?RC\xa6\x9bI\x8b\x5c\xee\xa2)\
\x80\xb4@\xc9[x2n\x1e\x00:G\x80\x8cb\xce\
\xbc!p\xdf\x1d2_7\xaf6\x9d\x02\xe4*)\x92\
\xd6A\xa0\xc9@\x80O\xc0\xa1\xb3yz7\x8f5\xc9\
\x04\xf0\x5c\x08@5G\x05V\xbd\x07^\x91\xdaM\xf6\
\xc9\xbdI\xf2^2\x0f\x9f)w\xa1\x83\xe6\xc1~m\
;\xc5\xf3\xf2\x1d\xd0\xd8\x0fT\xb5\x99lA\xd1\xa7T\
d\xbem\xb6\xfc\x9d\x05\xc4\x5c/\xe4\xccMF\xa0\xee\
\x0d\x01\xe8\x09\xf2jy\x8b8$\xbe\x8c\xcc\xfd\x16b\
U\x5c*z\xd17V\xaf\x07j{(\x22*r\xea\
\xdd\xba!_q\x98|\xa6\xbew\x05\x90[\xd6b\xb2\
\xd5\xf6\x02O\xba\xa8\xc8T\xe8X\x8a\xcc\xdd\xd3\x87\xf5\
\xff\xca\x85\x00\xb45\xf4\xdb'\xcby\xa0\xa2\x13\xa8\xe9\
\x1e\x9f\x08\x89\xbd\xa8!\xf3P\xd2\x92y\x01\xd8\x80I\
3\x14\xc6g\x14\xcfC\xb5\x03P\xcc\x19\xac\x81\x11'\
\xea\xc9\xdc\x7f\xae\x02;\x03\x90\xde\xaa\xe2-\x0a\x8a\xa6\
\xa8\x19`\xef\xec\xb3\x7fh\xc2\xa3\x99\x16\x9b \x00\x99\
\xafg\xf9\x17p\xb4-[\x81\xfb*Z\x0f\x14S\x8a\
\x5ca\x5c\xeb'\xb9B\x00o\x97\x00\xd3\x7f0I\x97\
K\x0c\xf7\x94}c\x15T\xdc\xfc\xd7@.\x01\x1eh\
\xa8E\x9f\x1b\xac\x07\xcf\xe4\xe9i\xbb\xde\x8c8\x9a)\
v\x05\xa0k\xa5\xa5\xc6\xd4@\x1dS\xa5\x03\x1eS\xf6\
\xa5\x1d@\xa5\xd6q\x8d\x9d\x156\x1a\xac\xbb\x0f_c\
\xbbh\x99\xe0'\xc8\xae\xe4-\xd3\xca\x99R\xf6_J\
\xcb\xe7\xcc[\x82\xe3d\x04\xf0\x12\x0ap\x0f\x8b\x97\xa5\
n\x8f<y; <\xa9\xf0_\xda\x18\xb4?\x93\xcc\
\x83]Zvl\x81\x91V\xb1I\x9dE\xdel\xd0\xe6\
\x9a\x05\xa7\xb6\xe9|\xf4\x0717\xf2\xb9(\x8c\xc6\xad\
\x00\x00\x00\x00IEND\xaeB`\x82\
"

qt_resource_name = b"\
\x00\x0e\
\x05(l\x87\
\x00q\
\x00t\x00-\x00p\x00r\x00o\x00j\x00e\x00c\x00t\x00.\x00o\x00r\x00g\
\x00\x0a\
\x03\xb6\xa6B\
\x00f\
\x00o\x00r\x00m\x00e\x00d\x00i\x00t\x00o\x00r\
\x00\x06\
\x07\x03}\xc3\
\x00i\
\x00m\x00a\x00g\x00e\x00s\
\x00\x0d\
\x08\xa0E\xa7\
\x00c\
\x00l\x00e\x00a\x00r\x00t\x00e\x00x\x00t\x00.\x00p\x00n\x00g\
\x00\x08\
\x06\x97X\x07\
\x00s\
\x00o\x00r\x00t\x00.\x00p\x00n\x00g\
\x00\x03\
\x00\x00}\xfe\
\x00w\
\x00i\x00n\
\x00\x07\
\x0a\xc9\xa6S\
\x00c\
\x00u\x00r\x00s\x00o\x00r\x00s\
\x00\x0f\
\x05\xc43g\
\x00f\
\x00i\x00l\x00e\x00o\x00p\x00e\x00n\x00-\x001\x006\x00.\x00p\x00n\x00g\
\x00\x0e\
\x06\xdd\x5c\xc7\
\x00p\
\x00r\x00e\x00f\x00i\x00x\x00-\x00a\x00d\x00d\x00.\x00p\x00n\x00g\
\x00\x0f\
\x0d\xf4\xfc'\
\x00q\
\x00t\x00l\x00o\x00g\x00o\x001\x006\x00x\x001\x006\x00.\x00p\x00n\x00g\
\x00\x0f\
\x0d\xd8\xf8\xa7\
\x00q\
\x00t\x00l\x00o\x00g\x00o\x003\x002\x00x\x003\x002\x00.\x00p\x00n\x00g\
\x00\x0a\
\x05xO'\
\x00r\
\x00e\x00l\x00o\x00a\x00d\x00.\x00p\x00n\x00g\
\x00\x11\
\x0e\xad\xbd\xe7\
\x00r\
\x00e\x00s\x00e\x00t\x00p\x00r\x00o\x00p\x00e\x00r\x00t\x00y\x00.\x00p\x00n\x00g\
\
\x00\x0b\
\x0c\xa5%'\
\x00s\
\x00u\x00b\x00m\x00e\x00n\x00u\x00.\x00p\x00n\x00g\
\x00\x0b\
\x00\xa7/\x87\
\x00p\
\x00l\x00u\x00s\x00-\x001\x006\x00.\x00p\x00n\x00g\
\x00\x0f\
\x0d*\xe6\xe7\
\x00q\
\x00t\x00l\x00o\x00g\x00o\x006\x004\x00x\x006\x004\x00.\x00p\x00n\x00g\
\x00\x12\
\x0d\x0d\xf4\xc7\
\x00d\
\x00r\x00o\x00p\x00d\x00o\x00w\x00n\x00b\x00u\x00t\x00t\x00o\x00n\x00.\x00p\x00n\
\x00g\
\x00\x0f\
\x0d\xea\xfe\xe7\
\x00q\
\x00t\x00l\x00o\x00g\x00o\x002\x004\x00x\x002\x004\x00.\x00p\x00n\x00g\
\x00\x0b\
\x05R\xa3'\
\x00q\
\x00t\x003\x00l\x00o\x00g\x00o\x00.\x00p\x00n\x00g\
\x00\x07\
\x0d\xfa\xdcS\
\x00w\
\x00i\x00d\x00g\x00e\x00t\x00s\
\x00\x0f\
\x00!\xd8\xe7\
\x00r\
\x00i\x00g\x00h\x00t\x00t\x00o\x00l\x00e\x00f\x00t\x00.\x00p\x00n\x00g\
\x00\x08\
\x0b\x07Z'\
\x00e\
\x00d\x00i\x00t\x00.\x00p\x00n\x00g\
\x00\x0d\
\x02\xee)\x07\
\x00e\
\x00m\x00p\x00t\x00y\x00i\x00c\x00o\x00n\x00.\x00p\x00n\x00g\
\x00\x09\
\x03e\x83\x87\
\x00c\
\x00o\x00l\x00o\x00r\x00.\x00p\x00n\x00g\
\x00\x11\
\x05b\x01\xe7\
\x00e\
\x00d\x00i\x00t\x00d\x00e\x00l\x00e\x00t\x00e\x00-\x001\x006\x00.\x00p\x00n\x00g\
\
\x00\x0d\
\x08Q\xc9'\
\x00c\
\x00o\x00n\x00f\x00i\x00g\x00u\x00r\x00e\x00.\x00p\x00n\x00g\
\x00\x0c\
\x0e\xc9\xef\x87\
\x00m\
\x00i\x00n\x00u\x00s\x00-\x001\x006\x00.\x00p\x00n\x00g\
\x00\x0e\
\x00\x11\xd5\xc7\
\x00f\
\x00i\x00l\x00e\x00n\x00e\x00w\x00-\x001\x006\x00.\x00p\x00n\x00g\
\x00\x0d\
\x03x\xd3\xe7\
\x00l\
\x00e\x00v\x00e\x00l\x00d\x00o\x00w\x00n\x00.\x00p\x00n\x00g\
\x00\x0c\
\x0e\xab\x9d\xa7\
\x00d\
\x00o\x00w\x00n\x00p\x00l\x00u\x00s\x00.\x00p\x00n\x00g\
\x00\x0b\
\x03&\xce\xc7\
\x00l\
\x00e\x00v\x00e\x00l\x00u\x00p\x00.\x00p\x00n\x00g\
\x00\x03\
\x00\x00ss\
\x00m\
\x00a\x00c\
\x00\x08\
\x0b\xb2XG\
\x00r\
\x00e\x00d\x00o\x00.\x00p\x00n\x00g\
\x00\x0d\
\x08h'G\
\x00t\
\x00e\x00x\x00t\x00r\x00i\x00g\x00h\x00t\x00.\x00p\x00n\x00g\
\x00\x0c\
\x05h\x0eg\
\x00f\
\x00i\x00l\x00e\x00s\x00a\x00v\x00e\x00.\x00p\x00n\x00g\
\x00\x0e\
\x030yG\
\x00t\
\x00e\x00x\x00t\x00c\x00e\x00n\x00t\x00e\x00r\x00.\x00p\x00n\x00g\
\x00\x0e\
\x06\x90@\xc7\
\x00t\
\x00e\x00x\x00t\x00a\x00n\x00c\x00h\x00o\x00r\x00.\x00p\x00n\x00g\
\x00\x16\
\x0bW\x8f\xe7\
\x00r\
\x00e\x00s\x00o\x00u\x00r\x00c\x00e\x00e\x00d\x00i\x00t\x00o\x00r\x00t\x00o\x00o\
\x00l\x00.\x00p\x00n\x00g\
\x00\x0c\
\x05\x81B\x87\
\x00e\
\x00d\x00i\x00t\x00g\x00r\x00i\x00d\x00.\x00p\x00n\x00g\
\x00\x0d\
\x0fZ.'\
\x00t\
\x00e\x00x\x00t\x00u\x00n\x00d\x00e\x00r\x00.\x00p\x00n\x00g\
\x00\x08\
\x07\x9eZG\
\x00b\
\x00a\x00c\x00k\x00.\x00p\x00n\x00g\
\x00\x08\
\x03\xc6Y\xa7\
\x00p\
\x00l\x00u\x00s\x00.\x00p\x00n\x00g\
\x00\x0e\
\x0d\x04\xdfG\
\x00w\
\x00i\x00d\x00g\x00e\x00t\x00t\x00o\x00o\x00l\x00.\x00p\x00n\x00g\
\x00\x0f\
\x00\xba)'\
\x00t\
\x00e\x00x\x00t\x00j\x00u\x00s\x00t\x00i\x00f\x00y\x00.\x00p\x00n\x00g\
\x00\x0d\
\x07\xf9&\xe7\
\x00e\
\x00d\x00i\x00t\x00r\x00a\x00i\x00s\x00e\x00.\x00p\x00n\x00g\
\x00\x14\
\x07\xf1\x5cG\
\x00e\
\x00d\x00i\x00t\x00v\x00l\x00a\x00y\x00o\x00u\x00t\x00s\x00p\x00l\x00i\x00t\x00.\
\x00p\x00n\x00g\
\x00\x10\
\x0bTZg\
\x00t\
\x00a\x00b\x00o\x00r\x00d\x00e\x00r\x00t\x00o\x00o\x00l\x00.\x00p\x00n\x00g\
\x00\x08\
\x06\xe1Z'\
\x00d\
\x00o\x00w\x00n\x00.\x00p\x00n\x00g\
\x00\x14\
\x07\xf5\xdcG\
\x00e\
\x00d\x00i\x00t\x00h\x00l\x00a\x00y\x00o\x00u\x00t\x00s\x00p\x00l\x00i\x00t\x00.\
\x00p\x00n\x00g\
\x00\x14\
\x0c\xf4\xea\x87\
\x00s\
\x00i\x00m\x00p\x00l\x00i\x00f\x00y\x00r\x00i\x00c\x00h\x00t\x00e\x00x\x00t\x00.\
\x00p\x00n\x00g\
\x00\x11\
\x04\xef\x5c\x87\
\x00t\
\x00e\x00x\x00t\x00s\x00u\x00b\x00s\x00c\x00r\x00i\x00p\x00t\x00.\x00p\x00n\x00g\
\
\x00\x0f\
\x07\x98\xa8\x07\
\x00e\
\x00d\x00i\x00t\x00h\x00l\x00a\x00y\x00o\x00u\x00t\x00.\x00p\x00n\x00g\
\x00\x0b\
\x08]\x84\xe7\
\x00f\
\x00o\x00r\x00w\x00a\x00r\x00d\x00.\x00p\x00n\x00g\
\x00\x0d\
\x0d\xc9;\xe7\
\x00e\
\x00d\x00i\x00t\x00p\x00a\x00s\x00t\x00e\x00.\x00p\x00n\x00g\
\x00\x0f\
\x04F\xf6G\
\x00i\
\x00n\x00s\x00e\x00r\x00t\x00i\x00m\x00a\x00g\x00e\x00.\x00p\x00n\x00g\
\x00\x0e\
\x0a\xb5\x05\xe7\
\x00e\
\x00d\x00i\x00t\x00d\x00e\x00l\x00e\x00t\x00e\x00.\x00p\x00n\x00g\
\x00\x12\
\x0f\xe6\x12\x07\
\x00s\
\x00i\x00g\x00n\x00a\x00l\x00s\x00l\x00o\x00t\x00t\x00o\x00o\x00l\x00.\x00p\x00n\
\x00g\
\x00\x0c\
\x0b!\x0f\x87\
\x00f\
\x00i\x00l\x00e\x00o\x00p\x00e\x00n\x00.\x00p\x00n\x00g\
\x00\x09\
\x05\xc6\xbfG\
\x00m\
\x00i\x00n\x00u\x00s\x00.\x00p\x00n\x00g\
\x00\x0c\
\x04\x8e\xa1\x07\
\x00t\
\x00e\x00x\x00t\x00l\x00e\x00f\x00t\x00.\x00p\x00n\x00g\
\x00\x08\
\x04\xb2X\xc7\
\x00u\
\x00n\x00d\x00o\x00.\x00p\x00n\x00g\
\x00\x0c\
\x0d~\xa2g\
\x00t\
\x00e\x00x\x00t\x00b\x00o\x00l\x00d\x00.\x00p\x00n\x00g\
\x00\x06\
\x07\xc3WG\
\x00u\
\x00p\x00.\x00p\x00n\x00g\
\x00\x0f\
\x07\xbc\xa8\x07\
\x00e\
\x00d\x00i\x00t\x00v\x00l\x00a\x00y\x00o\x00u\x00t\x00.\x00p\x00n\x00g\
\x00\x0b\
\x04\x14R\xc7\
\x00f\
\x00i\x00l\x00e\x00n\x00e\x00w\x00.\x00p\x00n\x00g\
\x00\x13\
\x06\xda\x8a\xa7\
\x00t\
\x00e\x00x\x00t\x00s\x00u\x00p\x00e\x00r\x00s\x00c\x00r\x00i\x00p\x00t\x00.\x00p\
\x00n\x00g\
\x00\x13\
\x0e\x81\xa3\xa7\
\x00e\
\x00d\x00i\x00t\x00b\x00r\x00e\x00a\x00k\x00l\x00a\x00y\x00o\x00u\x00t\x00.\x00p\
\x00n\x00g\
\x00\x0c\
\x0b\xfaB\xe7\
\x00e\
\x00d\x00i\x00t\x00f\x00o\x00r\x00m\x00.\x00p\x00n\x00g\
\x00\x0d\
\x09*\xd7\x87\
\x00b\
\x00u\x00d\x00d\x00y\x00t\x00o\x00o\x00l\x00.\x00p\x00n\x00g\
\x00\x0d\
\x0a\xa40'\
\x00e\
\x00d\x00i\x00t\x00l\x00o\x00w\x00e\x00r\x00.\x00p\x00n\x00g\
\x00\x0c\
\x0b\x0eB\x07\
\x00e\
\x00d\x00i\x00t\x00c\x00o\x00p\x00y\x00.\x00p\x00n\x00g\
\x00\x0b\
\x0a\x106\x07\
\x00e\
\x00d\x00i\x00t\x00c\x00u\x00t\x00.\x00p\x00n\x00g\
\x00\x0e\
\x07A\x18g\
\x00a\
\x00d\x00j\x00u\x00s\x00t\x00s\x00i\x00z\x00e\x00.\x00p\x00n\x00g\
\x00\x0e\
\x0b\x04]\xe7\
\x00t\
\x00e\x00x\x00t\x00i\x00t\x00a\x00l\x00i\x00c\x00.\x00p\x00n\x00g\
\x00\x0b\
\x0a\x1a\x12\xa7\
\x00h\
\x00s\x00l\x00i\x00d\x00e\x00r\x00.\x00p\x00n\x00g\
\x00\x0c\
\x02X\xeaG\
\x00p\
\x00r\x00o\x00g\x00r\x00e\x00s\x00s\x00.\x00p\x00n\x00g\
\x00\x13\
\x01\x1c\x97\xe7\
\x00d\
\x00i\x00a\x00l\x00o\x00g\x00b\x00u\x00t\x00t\x00o\x00n\x00b\x00o\x00x\x00.\x00p\
\x00n\x00g\
\x00\x0e\
\x06\x82\xf2\xc7\
\x00d\
\x00o\x00c\x00k\x00w\x00i\x00d\x00g\x00e\x00t\x00.\x00p\x00n\x00g\
\x00\x0b\
\x09\x9d\x9b\x07\
\x00t\
\x00o\x00o\x00l\x00b\x00o\x00x\x00.\x00p\x00n\x00g\
\x00\x0b\
\x08W\x08G\
\x00m\
\x00d\x00i\x00a\x00r\x00e\x00a\x00.\x00p\x00n\x00g\
\x00\x0f\
\x0dk\x8f\xc7\
\x00r\
\x00a\x00d\x00i\x00o\x00b\x00u\x00t\x00t\x00o\x00n\x00.\x00p\x00n\x00g\
\x00\x09\
\x00H\xad'\
\x00v\
\x00l\x00i\x00n\x00e\x00.\x00p\x00n\x00g\
\x00\x0e\
\x0d\xa0,'\
\x00s\
\x00c\x00r\x00o\x00l\x00l\x00a\x00r\x00e\x00a\x00.\x00p\x00n\x00g\
\x00\x09\
\x088\x8cG\
\x00f\
\x00r\x00a\x00m\x00e\x00.\x00p\x00n\x00g\
\x00\x10\
\x02\x0e\xa0\xc7\
\x00g\
\x00r\x00a\x00p\x00h\x00i\x00c\x00s\x00v\x00i\x00e\x00w\x00.\x00p\x00n\x00g\
\x00\x0a\
\x08\x88\x95G\
\x00w\
\x00i\x00z\x00a\x00r\x00d\x00.\x00p\x00n\x00g\
\x00\x0b\
\x09>\x1b\xa7\
\x00v\
\x00s\x00p\x00a\x00c\x00e\x00r\x00.\x00p\x00n\x00g\
\x00\x0c\
\x04g '\
\x00t\
\x00i\x00m\x00e\x00e\x00d\x00i\x00t\x00.\x00p\x00n\x00g\
\x00\x0e\
\x07\xa4p\xe7\
\x00t\
\x00o\x00o\x00l\x00b\x00u\x00t\x00t\x00o\x00n\x00.\x00p\x00n\x00g\
\x00\x0e\
\x02\x9cs\xc7\
\x00p\
\x00u\x00s\x00h\x00b\x00u\x00t\x00t\x00o\x00n\x00.\x00p\x00n\x00g\
\x00\x0a\
\x03\x0a\xa3\xa7\
\x00h\
\x00s\x00p\x00l\x00i\x00t\x00.\x00p\x00n\x00g\
\x00\x0c\
\x04\xb9\x8f\x87\
\x00g\
\x00r\x00o\x00u\x00p\x00b\x00o\x00x\x00.\x00p\x00n\x00g\
\x00\x0e\
\x03\xb2\xc6G\
\x00c\
\x00o\x00l\x00u\x00m\x00n\x00v\x00i\x00e\x00w\x00.\x00p\x00n\x00g\
\x00\x08\
\x0f\x7fZ\x07\
\x00d\
\x00i\x00a\x00l\x00.\x00p\x00n\x00g\
\x00\x15\
\x0b \x11\x87\
\x00c\
\x00o\x00m\x00m\x00a\x00n\x00d\x00l\x00i\x00n\x00k\x00b\x00u\x00t\x00t\x00o\x00n\
\x00.\x00p\x00n\x00g\
\x00\x0c\
\x04'%\xe7\
\x00c\
\x00o\x00m\x00b\x00o\x00b\x00o\x00x\x00.\x00p\x00n\x00g\
\x00\x12\
\x02\xb4Y\x07\
\x00c\
\x00a\x00l\x00e\x00n\x00d\x00a\x00r\x00w\x00i\x00d\x00g\x00e\x00t\x00.\x00p\x00n\
\x00g\
\x00\x11\
\x01\x82\x02'\
\x00p\
\x00l\x00a\x00i\x00n\x00t\x00e\x00x\x00t\x00e\x00d\x00i\x00t\x00.\x00p\x00n\x00g\
\
\x00\x0f\
\x02&\xd5\xe7\
\x00w\
\x00i\x00d\x00g\x00e\x00t\x00s\x00t\x00a\x00c\x00k\x00.\x00p\x00n\x00g\
\x00\x0a\
\x09\xca\x1b\xa7\
\x00s\
\x00p\x00a\x00c\x00e\x00r\x00.\x00p\x00n\x00g\
\x00\x0b\
\x0a>\x12\xa7\
\x00v\
\x00s\x00l\x00i\x00d\x00e\x00r\x00.\x00p\x00n\x00g\
\x00\x0c\
\x05g\xc0'\
\x00l\
\x00i\x00n\x00e\x00e\x00d\x00i\x00t\x00.\x00p\x00n\x00g\
\x00\x10\
\x0c<|\x87\
\x00f\
\x00o\x00n\x00t\x00c\x00o\x00m\x00b\x00o\x00b\x00o\x00x\x00.\x00p\x00n\x00g\
\x00\x0c\
\x04V#g\
\x00c\
\x00h\x00e\x00c\x00k\x00b\x00o\x00x\x00.\x00p\x00n\x00g\
\x00\x0a\
\x0d\xc8\xe8\x07\
\x00w\
\x00i\x00d\x00g\x00e\x00t\x00.\x00p\x00n\x00g\
\x00\x10\
\x02M\x82\x87\
\x00d\
\x00a\x00t\x00e\x00t\x00i\x00m\x00e\x00e\x00d\x00i\x00t\x00.\x00p\x00n\x00g\
\x00\x11\
\x0dR!\x87\
\x00d\
\x00o\x00u\x00b\x00l\x00e\x00s\x00p\x00i\x00n\x00b\x00o\x00x\x00.\x00p\x00n\x00g\
\
\x00\x0b\
\x09\x9f\xb7\xc7\
\x00s\
\x00p\x00i\x00n\x00b\x00o\x00x\x00.\x00p\x00n\x00g\
\x00\x0d\
\x094\xe9\xe7\
\x00t\
\x00a\x00b\x00w\x00i\x00d\x00g\x00e\x00t\x00.\x00p\x00n\x00g\
\x00\x0e\
\x0b\xd7\x8eg\
\x00v\
\x00s\x00c\x00r\x00o\x00l\x00l\x00b\x00a\x00r\x00.\x00p\x00n\x00g\
\x00\x0b\
\x09\x8dB\x07\
\x00l\
\x00i\x00s\x00t\x00b\x00o\x00x\x00.\x00p\x00n\x00g\
\x00\x09\
\x08\xbf\xb3\xa7\
\x00l\
\x00a\x00b\x00e\x00l\x00.\x00p\x00n\x00g\
\x00\x08\
\x00HY'\
\x00l\
\x00i\x00n\x00e\x00.\x00p\x00n\x00g\
\x00\x0e\
\x0b\xd7\x8a\xe7\
\x00h\
\x00s\x00c\x00r\x00o\x00l\x00l\x00b\x00a\x00r\x00.\x00p\x00n\x00g\
\x00\x0d\
\x0d\xf3\xee\xe7\
\x00l\
\x00c\x00d\x00n\x00u\x00m\x00b\x00e\x00r\x00.\x00p\x00n\x00g\
\x00\x0c\
\x01\xab\x00\xc7\
\x00l\
\x00i\x00s\x00t\x00v\x00i\x00e\x00w\x00.\x00p\x00n\x00g\
\x00\x0c\
\x04^\xa2'\
\x00t\
\x00e\x00x\x00t\x00e\x00d\x00i\x00t\x00.\x00p\x00n\x00g\
\x00\x0c\
\x06V\x00'\
\x00d\
\x00a\x00t\x00e\x00e\x00d\x00i\x00t\x00.\x00p\x00n\x00g\
\x00\x09\
\x09(\xa3\xa7\
\x00t\
\x00a\x00b\x00l\x00e\x00.\x00p\x00n\x00g\
\x00\x0b\
\x09\x92\x86g\
\x00u\
\x00p\x00a\x00r\x00r\x00o\x00w\x00.\x00p\x00n\x00g\
\x00\x09\
\x09j\x86g\
\x00a\
\x00r\x00r\x00o\x00w\x00.\x00p\x00n\x00g\
\x00\x0d\
\x04\xd7#\xe7\
\x00w\
\x00h\x00a\x00t\x00s\x00t\x00h\x00i\x00s\x00.\x00p\x00n\x00g\
\x00\x09\
\x06\xa6\x82g\
\x00c\
\x00r\x00o\x00s\x00s\x00.\x00p\x00n\x00g\
\x00\x09\
\x0b\x80\x88G\
\x00i\
\x00b\x00e\x00a\x00m\x00.\x00p\x00n\x00g\
\x00\x0a\
\x03\x08\xe3\xa7\
\x00v\
\x00s\x00p\x00l\x00i\x00t\x00.\x00p\x00n\x00g\
\x00\x09\
\x00\xb5\xa3g\
\x00s\
\x00i\x00z\x00e\x00b\x00.\x00p\x00n\x00g\
\x00\x08\
\x08\x07X\xe7\
\x00w\
\x00a\x00i\x00t\x00.\x00p\x00n\x00g\
\x00\x0b\
\x08\xdbv'\
\x00s\
\x00i\x00z\x00e\x00a\x00l\x00l\x00.\x00p\x00n\x00g\
\x00\x0e\
\x02\x948\x07\
\x00c\
\x00l\x00o\x00s\x00e\x00d\x00h\x00a\x00n\x00d\x00.\x00p\x00n\x00g\
\x00\x0c\
\x0a\x8a\xde\x87\
\x00o\
\x00p\x00e\x00n\x00h\x00a\x00n\x00d\x00.\x00p\x00n\x00g\
\x00\x09\
\x00\xbb\xa3g\
\x00s\
\x00i\x00z\x00e\x00h\x00.\x00p\x00n\x00g\
\x00\x09\
\x00\xc9\xa3g\
\x00s\
\x00i\x00z\x00e\x00v\x00.\x00p\x00n\x00g\
\x00\x09\
\x00\xb9\xa3g\
\x00s\
\x00i\x00z\x00e\x00f\x00.\x00p\x00n\x00g\
\x00\x08\
\x08GZ\x87\
\x00h\
\x00a\x00n\x00d\x00.\x00p\x00n\x00g\
\x00\x08\
\x0c\xacZg\
\x00b\
\x00u\x00s\x00y\x00.\x00p\x00n\x00g\
\x00\x06\
\x07RWG\
\x00n\
\x00o\x00.\x00p\x00n\x00g\
"

qt_resource_struct = b"\
\x00\x00\x00\x00\x00\x02\x00\x00\x00\x01\x00\x00\x00\x01\
\x00\x00\x00\x00\x00\x00\x00\x00\
\x00\x00\x00\x00\x00\x02\x00\x00\x00\x01\x00\x00\x00\x02\
\x00\x00\x00\x00\x00\x00\x00\x00\
\x00\x00\x00\x22\x00\x02\x00\x00\x00\x01\x00\x00\x00\x03\
\x00\x00\x00\x00\x00\x00\x00\x00\
\x00\x00\x00<\x00\x02\x00\x00\x00\x1d\x00\x00\x00\x04\
\x00\x00\x00\x00\x00\x00\x00\x00\
\x00\x00\x03\xa2\x00\x02\x00\x00\x00*\x00\x00\x00\x8a\
\x00\x00\x00\x00\x00\x00\x00\x00\
\x00\x00\x00\x84\x00\x02\x00\x00\x00*\x00\x00\x00`\
\x00\x00\x00\x00\x00\x00\x00\x00\
\x00\x00\x03&\x00\x00\x00\x00\x00\x01\x00\x00ms\
\x00\x00\x01\x84X\x93_ \
\x00\x00\x02N\x00\x00\x00\x00\x00\x01\x00\x00a\x09\
\x00\x00\x01\x84X\x93_ \
\x00\x00\x01\x90\x00\x00\x00\x00\x00\x01\x00\x00P-\
\x00\x00\x01\x84X\x93_ \
\x00\x00\x02\x88\x00\x00\x00\x00\x00\x01\x00\x00e5\
\x00\x00\x01\x84X\x93_ \
\x00\x00\x03\x86\x00\x00\x00\x00\x00\x01\x00\x00s\xa4\
\x00\x00\x01\x84X\x93_ \
\x00\x00\x02\xa8\x00\x00\x00\x00\x00\x01\x00\x00e\xa5\
\x00\x00\x01\x84X\x93_ \
\x00\x00\x03H\x00\x00\x00\x00\x00\x01\x00\x00o=\
\x00\x00\x01\x84X\x93_ \
\x00\x00\x02\x1e\x00\x00\x00\x00\x00\x01\x00\x00\x5c\xb8\
\x00\x00\x01\x84X\x93_ \
\x00\x00\x02\xc0\x00\x00\x00\x00\x00\x01\x00\x00f\x1e\
\x00\x00\x01\x84X\x93_ \
\x00\x00\x012\x00\x00\x00\x00\x00\x01\x00\x00Ir\
\x00\x00\x01\x84X\x93_ \
\x00\x00\x00\xa4\x00\x00\x00\x00\x00\x01\x00\x00\x04\x15\
\x00\x00\x01\x84X\x93_ \
\x00\x00\x00n\x00\x00\x00\x00\x00\x01\x00\x00\x01\xde\
\x00\x00\x01\x84X\x93_ \
\x00\x00\x00\xc8\x00\x00\x00\x00\x00\x01\x00\x00\x06>\
\x00\x00\x01\x84X\x93_ \
\x00\x00\x02\xe8\x00\x00\x00\x00\x00\x01\x00\x00hK\
\x00\x00\x01\x84X\x93_ \
\x00\x00\x00N\x00\x00\x00\x00\x00\x01\x00\x00\x00\x00\
\x00\x00\x01\x84X\x93_ \
\x00\x00\x00\x90\x00\x02\x00\x00\x00\x12\x00\x00\x00N\
\x00\x00\x00\x00\x00\x00\x00\x00\
\x00\x00\x02r\x00\x00\x00\x00\x00\x01\x00\x00a\x90\
\x00\x00\x01\x84X\x93_ \
\x00\x00\x01t\x00\x00\x00\x00\x00\x01\x00\x00Ov\
\x00\x00\x01\x84X\x93_ \
\x00\x00\x01\xd0\x00\x00\x00\x00\x00\x01\x00\x00YD\
\x00\x00\x01\x84X\x93_ \
\x00\x00\x01\xac\x00\x00\x00\x00\x00\x01\x00\x00Q\xb0\
\x00\x00\x01\x84X\x93_ \
\x00\x00\x01\x0e\x00\x00\x00\x00\x00\x01\x00\x00\x0c\xd0\
\x00\x00\x01\x84X\x93_ \
\x00\x00\x01\xfa\x00\x00\x00\x00\x00\x01\x00\x00[W\
\x00\x00\x01\x84X\x93_ \
\x00\x00\x00\xea\x00\x00\x00\x00\x00\x01\x00\x00\x07\xdd\
\x00\x00\x01\x84X\x93_ \
\x00\x00\x02:\x00\x02\x00\x00\x00-\x00\x00\x00!\
\x00\x00\x00\x00\x00\x00\x00\x00\
\x00\x00\x03h\x00\x00\x00\x00\x00\x01\x00\x00qn\
\x00\x00\x01\x84X\x93_ \
\x00\x00\x01L\x00\x00\x00\x00\x00\x01\x00\x00N\xc9\
\x00\x00\x01\x84X\x93_ \
\x00\x00\x03\x08\x00\x00\x00\x00\x00\x01\x00\x00lG\
\x00\x00\x01\x84X\x93_ \
\x00\x00\x0d\xce\x00\x00\x00\x00\x00\x01\x00\x01\xbcu\
\x00\x00\x01\x84X\x93_ \
\x00\x00\x09\xf8\x00\x00\x00\x00\x00\x01\x00\x01_\x9c\
\x00\x00\x01\x84X\x93_ \
\x00\x00\x09N\x00\x00\x00\x00\x00\x01\x00\x01QC\
\x00\x00\x01\x84X\x93_ \
\x00\x00\x0b\xf0\x00\x00\x00\x00\x00\x01\x00\x01\x90H\
\x00\x00\x01\x84X\x93_ \
\x00\x00\x0e&\x00\x00\x00\x00\x00\x01\x00\x01\xc1c\
\x00\x00\x01\x84X\x93_ \
\x00\x00\x0aJ\x00\x00\x00\x00\x00\x01\x00\x01e\xd7\
\x00\x00\x01\x84X\x93_ \
\x00\x00\x0c\x18\x00\x00\x00\x00\x00\x01\x00\x01\x93s\
\x00\x00\x01\x84X\x93_ \
\x00\x00\x0c\xee\x00\x00\x00\x00\x00\x01\x00\x01\xa7\xa7\
\x00\x00\x01\x84X\x93_ \
\x00\x00\x090\x00\x00\x00\x00\x00\x01\x00\x01O\x10\
\x00\x00\x01\x84X\x93_ \
\x00\x00\x0a\xe6\x00\x00\x00\x00\x00\x01\x00\x01z\x88\
\x00\x00\x01\x84X\x93_ \
\x00\x00\x0b\xc6\x00\x00\x00\x00\x00\x01\x00\x01\x8c|\
\x00\x00\x01\x84X\x93_ \
\x00\x00\x0b\x08\x00\x00\x00\x00\x00\x01\x00\x01|$\
\x00\x00\x01\x84X\x93_ \
\x00\x00\x0b@\x00\x00\x00\x00\x00\x01\x00\x01~\x87\
\x00\x00\x01\x84X\x93_ \
\x00\x00\x0b\xa8\x00\x00\x00\x00\x00\x01\x00\x01\x89#\
\x00\x00\x01\x84X\x93_ \
\x00\x00\x0c\xb6\x00\x00\x00\x00\x00\x01\x00\x01\xa1\xa2\
\x00\x00\x01\x84X\x93_ \
\x00\x00\x0eD\x00\x00\x00\x00\x00\x01\x00\x01\xc4[\
\x00\x00\x01\x84X\x93_ \
\x00\x00\x0a\xa6\x00\x00\x00\x00\x00\x01\x00\x01p\xa8\
\x00\x00\x01\x84X\x93_ \
\x00\x00\x0b\x22\x00\x00\x00\x00\x00\x01\x00\x01|\xcc\
\x00\x00\x01\x84X\x93_ \
\x00\x00\x0cr\x00\x00\x00\x00\x00\x01\x00\x01\x9c?\
\x00\x00\x01\x84X\x93_ \
\x00\x00\x0eb\x00\x00\x00\x00\x00\x01\x00\x01\xc7\x96\
\x00\x00\x01\x84X\x93_ \
\x00\x00\x09z\x00\x00\x00\x00\x00\x01\x00\x01U2\
\x00\x00\x01\x84X\x93_ \
\x00\x00\x0a\xc4\x00\x00\x00\x00\x00\x01\x00\x01u\xf5\
\x00\x00\x01\x84X\x93_ \
\x00\x00\x0a2\x00\x00\x00\x00\x00\x01\x00\x01c\x02\
\x00\x00\x01\x84X\x93_ \
\x00\x00\x09\xb8\x00\x00\x00\x00\x00\x01\x00\x01Z\xc7\
\x00\x00\x01\x84X\x93_ \
\x00\x00\x0ap\x00\x00\x00\x00\x00\x01\x00\x01jy\
\x00\x00\x01\x84X\x93_ \
\x00\x00\x0d\xb6\x00\x00\x00\x00\x00\x01\x00\x01\xb8\xb8\
\x00\x00\x01\x84X\x93_ \
\x00\x00\x0e\x80\x00\x00\x00\x00\x00\x01\x00\x01\xca:\
\x00\x00\x01\x84X\x93_ \
\x00\x00\x0dX\x00\x00\x00\x00\x00\x01\x00\x01\xb1\xb4\
\x00\x00\x01\x84X\x93_ \
\x00\x00\x0a\x8a\x00\x00\x00\x00\x00\x01\x00\x01m\xff\
\x00\x00\x01\x84X\x93_ \
\x00\x00\x0d\x9a\x00\x00\x00\x00\x00\x01\x00\x01\xb5\x97\
\x00\x00\x01\x84X\x93_ \
\x00\x00\x09\x9c\x00\x00\x00\x00\x00\x01\x00\x01W\xb4\
\x00\x00\x01\x84X\x93_ \
\x00\x00\x0d<\x00\x00\x00\x00\x00\x01\x00\x01\xaf\x08\
\x00\x00\x01\x84X\x93_ \
\x00\x00\x0c<\x00\x00\x00\x00\x00\x01\x00\x01\x96\xb3\
\x00\x00\x01\x84X\x93_ \
\x00\x00\x09\x14\x00\x00\x00\x00\x00\x01\x00\x01L3\
\x00\x00\x01\x84X\x93_ \
\x00\x00\x0cV\x00\x00\x00\x00\x00\x01\x00\x01\x99e\
\x00\x00\x01\x84X\x93_ \
\x00\x00\x0bx\x00\x00\x00\x00\x00\x01\x00\x01\x84g\
\x00\x00\x01\x84X\x93_ \
\x00\x00\x0d\xe4\x00\x00\x00\x00\x00\x01\x00\x01\xbd\x98\
\x00\x00\x01\x84X\x93_ \
\x00\x00\x0dx\x00\x00\x00\x00\x00\x01\x00\x01\xb3\xf4\
\x00\x00\x01\x84X\x93_ \
\x00\x00\x0c\x90\x00\x00\x00\x00\x00\x01\x00\x01\x9d\xd8\
\x00\x00\x01\x84X\x93_ \
\x00\x00\x0d\x14\x00\x00\x00\x00\x00\x01\x00\x01\xac\x17\
\x00\x00\x01\x84X\x93_ \
\x00\x00\x09\xd4\x00\x00\x00\x00\x00\x01\x00\x01]N\
\x00\x00\x01\x84X\x93_ \
\x00\x00\x0a\x10\x00\x00\x00\x00\x00\x01\x00\x01`\xda\
\x00\x00\x01\x84X\x93_ \
\x00\x00\x0c\xd4\x00\x00\x00\x00\x00\x01\x00\x01\xa4\xd7\
\x00\x00\x01\x84X\x93_ \
\x00\x00\x0e\x06\x00\x00\x00\x00\x00\x01\x00\x01\xbf4\
\x00\x00\x01\x84X\x93_ \
\x00\x00\x0bb\x00\x00\x00\x00\x00\x01\x00\x01\x80\x91\
\x00\x00\x01\x84X\x93_ \
\x00\x00\x0f6\x00\x00\x00\x00\x00\x01\x00\x01\xcf\xc6\
\x00\x00\x01\x84X\x93_ \
\x00\x00\x0f\xf0\x00\x00\x00\x00\x00\x01\x00\x01\xd4.\
\x00\x00\x01\x84X\x93_ \
\x00\x00\x0f\xc0\x00\x00\x00\x00\x00\x01\x00\x01\xd3\x08\
\x00\x00\x01\x84X\x93_ \
\x00\x00\x0f\xd8\x00\x00\x00\x00\x00\x01\x00\x01\xd3\x9d\
\x00\x00\x01\x84X\x93_ \
\x00\x00\x0f\x80\x00\x00\x00\x00\x00\x01\x00\x01\xd1\xcd\
\x00\x00\x01\x84X\x93_ \
\x00\x00\x0f\x1c\x00\x00\x00\x00\x00\x01\x00\x01\xcf!\
\x00\x00\x01\x84X\x93_ \
\x00\x00\x0b\x08\x00\x00\x00\x00\x00\x01\x00\x01\xd5v\
\x00\x00\x01\x84X\x93_ \
\x00\x00\x0e\xcc\x00\x00\x00\x00\x00\x01\x00\x01\xcdX\
\x00\x00\x01\x84X\x93_ \
\x00\x00\x0e\xec\x00\x00\x00\x00\x00\x01\x00\x01\xce\x1b\
\x00\x00\x01\x84X\x93_ \
\x00\x00\x104\x00\x00\x00\x00\x00\x01\x00\x01\xd6\xe2\
\x00\x00\x01\x84X\x93_ \
\x00\x00\x0fN\x00\x00\x00\x00\x00\x01\x00\x01\xd0k\
\x00\x00\x01\x84X\x93_ \
\x00\x00\x10\x08\x00\x00\x00\x00\x00\x01\x00\x01\xd4\xd3\
\x00\x00\x01\x84X\x93_ \
\x00\x00\x0fd\x00\x00\x00\x00\x00\x01\x00\x01\xd1\x1b\
\x00\x00\x01\x84X\x93_ \
\x00\x00\x0e\xb4\x00\x00\x00\x00\x00\x01\x00\x01\xcc\xa9\
\x00\x00\x01\x84X\x93_ \
\x00\x00\x0e\x98\x00\x00\x00\x00\x00\x01\x00\x01\xcc!\
\x00\x00\x01\x84X\x93_ \
\x00\x00\x0f\xa2\x00\x00\x00\x00\x00\x01\x00\x01\xd2d\
\x00\x00\x01\x84X\x93_ \
\x00\x00\x0f\x04\x00\x00\x00\x00\x00\x01\x00\x01\xce\xa1\
\x00\x00\x01\x84X\x93_ \
\x00\x00\x10\x1e\x00\x00\x00\x00\x00\x01\x00\x01\xd6\x15\
\x00\x00\x01\x84X\x93_ \
\x00\x00\x05\x04\x00\x00\x00\x00\x00\x01\x00\x02\x06\x9c\
\x00\x00\x01\x84X\x93_ \
\x00\x00\x04\x02\x00\x00\x00\x00\x00\x01\x00\x01\xe9\xa5\
\x00\x00\x01\x84X\x93_ \
\x00\x00\x04\xcc\x00\x00\x00\x00\x00\x01\x00\x01\xff\xc0\
\x00\x00\x01\x84X\x93_ \
\x00\x00\x07\xc4\x00\x00\x00\x00\x00\x01\x00\x02S?\
\x00\x00\x01\x84X\x93_ \
\x00\x00\x06\x96\x00\x00\x00\x00\x00\x01\x00\x020\x09\
\x00\x00\x01\x84X\x93_ \
\x00\x00\x07<\x00\x00\x00\x00\x00\x01\x00\x02Cw\
\x00\x00\x01\x84X\x93_ \
\x00\x00\x07Z\x00\x00\x00\x00\x00\x01\x00\x02F\x1c\
\x00\x00\x01\x84X\x93_ \
\x00\x00\x06\x0e\x00\x00\x00\x00\x00\x01\x00\x02\x22X\
\x00\x00\x01\x84X\x93_ \
\x00\x00\x03\xe4\x00\x00\x00\x00\x00\x01\x00\x01\xdf\x16\
\x00\x00\x01\x84X\x93_ \
\x00\x00\x04x\x00\x00\x00\x00\x00\x01\x00\x01\xf7\xe6\
\x00\x00\x01\x84X\x93_ \
\x00\x00\x07$\x00\x00\x00\x00\x00\x01\x00\x02A\xc6\
\x00\x00\x01\x84X\x93_ \
\x00\x00\x04$\x00\x00\x00\x00\x00\x01\x00\x01\xec\x1c\
\x00\x00\x01\x84X\x93_ \
\x00\x00\x07\xe0\x00\x00\x00\x00\x00\x01\x00\x02VC\
\x00\x00\x01\x84X\x93_ \
\x00\x00\x05\x9c\x00\x00\x00\x00\x00\x01\x00\x02\x15\x11\
\x00\x00\x01\x84X\x93_ \
\x00\x00\x08\xd0\x00\x00\x00\x00\x00\x01\x00\x02r\xcd\
\x00\x00\x01\x84X\x93_ \
\x00\x00\x066\x00\x00\x00\x00\x00\x01\x00\x02%\xdd\
\x00\x00\x01\x84X\x93_ \
\x00\x00\x04\xb6\x00\x00\x00\x00\x00\x01\x00\x01\xfd\x16\
\x00\x00\x01\x84X\x93_ \
\x00\x00\x07\xa0\x00\x00\x00\x00\x00\x01\x00\x02Q\xe7\
\x00\x00\x01\x84X\x93_ \
\x00\x00\x07\x8e\x00\x00\x00\x00\x00\x01\x00\x02O/\
\x00\x00\x01\x84X\x93_ \
\x00\x00\x05H\x00\x00\x00\x00\x00\x01\x00\x02\x0dp\
\x00\x00\x01\x84X\x93_ \
\x00\x00\x05\xb2\x00\x00\x00\x00\x00\x01\x00\x02\x17g\
\x00\x00\x01\x84X\x93_ \
\x00\x00\x05(\x00\x00\x00\x00\x00\x01\x00\x02\x09W\
\x00\x00\x01\x84X\x93_ \
\x00\x00\x06Z\x00\x00\x00\x00\x00\x01\x00\x02'\xa8\
\x00\x00\x01\x84X\x93_ \
\x00\x00\x03\xc4\x00\x00\x00\x00\x00\x01\x00\x01\xdcm\
\x00\x00\x01\x84X\x93_ \
\x00\x00\x08V\x00\x00\x00\x00\x00\x01\x00\x02`5\
\x00\x00\x01\x84X\x93_ \
\x00\x00\x08\xb4\x00\x00\x00\x00\x00\x01\x00\x02ma\
\x00\x00\x01\x84X\x93_ \
\x00\x00\x08v\x00\x00\x00\x00\x00\x01\x00\x02d\x1e\
\x00\x00\x01\x84X\x93_ \
\x00\x00\x06\xba\x00\x00\x00\x00\x00\x01\x00\x023\x82\
\x00\x00\x01\x84X\x93_ \
\x00\x00\x08\xf2\x00\x00\x00\x00\x00\x01\x00\x02w\xbf\
\x00\x00\x01\x84X\x93_ \
\x00\x00\x08\x96\x00\x00\x00\x00\x00\x01\x00\x02h0\
\x00\x00\x01\x84X\x93_ \
\x00\x00\x07\x06\x00\x00\x00\x00\x00\x01\x00\x02;D\
\x00\x00\x01\x84X\x93_ \
\x00\x00\x05v\x00\x00\x00\x00\x00\x01\x00\x02\x10X\
\x00\x00\x01\x84X\x93_ \
\x00\x00\x04F\x00\x00\x00\x00\x00\x01\x00\x01\xf2M\
\x00\x00\x01\x84X\x93_ \
\x00\x00\x03\xae\x00\x00\x00\x00\x00\x01\x00\x01\xd7\xad\
\x00\x00\x01\x84X\x93_ \
\x00\x00\x088\x00\x00\x00\x00\x00\x01\x00\x02^\xd4\
\x00\x00\x01\x84X\x93_ \
\x00\x00\x05\xe0\x00\x00\x00\x00\x00\x01\x00\x02\x1a\xc7\
\x00\x00\x01\x84X\x93_ \
\x00\x00\x04\xe2\x00\x00\x00\x00\x00\x01\x00\x02\x02\x89\
\x00\x00\x01\x84X\x93_ \
\x00\x00\x07p\x00\x00\x00\x00\x00\x01\x00\x02J\xbd\
\x00\x00\x01\x84X\x93_ \
\x00\x00\x06v\x00\x00\x00\x00\x00\x01\x00\x02*;\
\x00\x00\x01\x84X\x93_ \
\x00\x00\x08\x0c\x00\x00\x00\x00\x00\x01\x00\x02Y\xa7\
\x00\x00\x01\x84X\x93_ \
\x00\x00\x04\x96\x00\x00\x00\x00\x00\x01\x00\x01\xf9G\
\x00\x00\x01\x84X\x93_ \
\x00\x00\x06\xdc\x00\x00\x00\x00\x00\x01\x00\x026\xd8\
\x00\x00\x01\x84X\x93_ \
\x00\x00\x05\x04\x00\x00\x00\x00\x00\x01\x00\x00\xb3\xaa\
\x00\x00\x01\x84X\x93_ \
\x00\x00\x04\x02\x00\x00\x00\x00\x00\x01\x00\x00\x86\xf4\
\x00\x00\x01\x84X\x93_ \
\x00\x00\x04\xcc\x00\x00\x00\x00\x00\x01\x00\x00\xa9&\
\x00\x00\x01\x84X\x93_ \
\x00\x00\x07\xc4\x00\x00\x00\x00\x00\x01\x00\x01\x18(\
\x00\x00\x01\x84X\x93_ \
\x00\x00\x06\x96\x00\x00\x00\x00\x00\x01\x00\x00\xea\x94\
\x00\x00\x01\x84X\x93_ \
\x00\x00\x07<\x00\x00\x00\x00\x00\x01\x00\x01\x01&\
\x00\x00\x01\x84X\x93_ \
\x00\x00\x07Z\x00\x00\x00\x00\x00\x01\x00\x01\x05\xfd\
\x00\x00\x01\x84X\x93_ \
\x00\x00\x06\x0e\x00\x00\x00\x00\x00\x01\x00\x00\xd6\xf2\
\x00\x00\x01\x84X\x93_ \
\x00\x00\x03\xe4\x00\x00\x00\x00\x00\x01\x00\x00\x82:\
\x00\x00\x01\x84X\x93_ \
\x00\x00\x04x\x00\x00\x00\x00\x00\x01\x00\x00\x9e\xe6\
\x00\x00\x01\x84X\x93_ \
\x00\x00\x07$\x00\x00\x00\x00\x00\x01\x00\x00\xff:\
\x00\x00\x01\x84X\x93_ \
\x00\x00\x04$\x00\x00\x00\x00\x00\x01\x00\x00\x8ct\
\x00\x00\x01\x84X\x93_ \
\x00\x00\x07\xe0\x00\x00\x00\x00\x00\x01\x00\x01\x1b0\
\x00\x00\x01\x84X\x93_ \
\x00\x00\x05\x9c\x00\x00\x00\x00\x00\x01\x00\x00\xc8s\
\x00\x00\x01\x84X\x93_ \
\x00\x00\x08\xd0\x00\x00\x00\x00\x00\x01\x00\x01@\x16\
\x00\x00\x01\x84X\x93_ \
\x00\x00\x066\x00\x00\x00\x00\x00\x01\x00\x00\xdb\x14\
\x00\x00\x01\x84X\x93_ \
\x00\x00\x04\xb6\x00\x00\x00\x00\x00\x01\x00\x00\xa6|\
\x00\x00\x01\x84X\x93_ \
\x00\x00\x07\xa0\x00\x00\x00\x00\x00\x01\x00\x01\x15\xda\
\x00\x00\x01\x84X\x93_ \
\x00\x00\x07\x8e\x00\x00\x00\x00\x00\x01\x00\x01\x13\x22\
\x00\x00\x01\x84X\x93_ \
\x00\x00\x05H\x00\x00\x00\x00\x00\x01\x00\x00\xbdX\
\x00\x00\x01\x84X\x93_ \
\x00\x00\x05\xb2\x00\x00\x00\x00\x00\x01\x00\x00\xca\xc9\
\x00\x00\x01\x84X\x93_ \
\x00\x00\x05(\x00\x00\x00\x00\x00\x01\x00\x00\xb8\x97\
\x00\x00\x01\x84X\x93_ \
\x00\x00\x06Z\x00\x00\x00\x00\x00\x01\x00\x00\xe0\x8b\
\x00\x00\x01\x84X\x93_ \
\x00\x00\x03\xc4\x00\x00\x00\x00\x00\x01\x00\x00|\xb8\
\x00\x00\x01\x84X\x93_ \
\x00\x00\x08V\x00\x00\x00\x00\x00\x01\x00\x01*\x11\
\x00\x00\x01\x84X\x93_ \
\x00\x00\x08\xb4\x00\x00\x00\x00\x00\x01\x00\x01:*\
\x00\x00\x01\x84X\x93_ \
\x00\x00\x08v\x00\x00\x00\x00\x00\x01\x00\x012\x13\
\x00\x00\x01\x84X\x93_ \
\x00\x00\x06\xba\x00\x00\x00\x00\x00\x01\x00\x00\xef\x98\
\x00\x00\x01\x84X\x93_ \
\x00\x00\x08\xf2\x00\x00\x00\x00\x00\x01\x00\x01G\xa3\
\x00\x00\x01\x84X\x93_ \
\x00\x00\x08\x96\x00\x00\x00\x00\x00\x01\x00\x014j\
\x00\x00\x01\x84X\x93_ \
\x00\x00\x07\x06\x00\x00\x00\x00\x00\x01\x00\x00\xfb\xae\
\x00\x00\x01\x84X\x93_ \
\x00\x00\x05v\x00\x00\x00\x00\x00\x01\x00\x00\xc0\xc4\
\x00\x00\x01\x84X\x93_ \
\x00\x00\x04F\x00\x00\x00\x00\x00\x01\x00\x00\x96g\
\x00\x00\x01\x84X\x93_ \
\x00\x00\x03\xae\x00\x00\x00\x00\x00\x01\x00\x00u\xdc\
\x00\x00\x01\x84X\x93_ \
\x00\x00\x088\x00\x00\x00\x00\x00\x01\x00\x01'\xa0\
\x00\x00\x01\x84X\x93_ \
\x00\x00\x05\xe0\x00\x00\x00\x00\x00\x01\x00\x00\xcfq\
\x00\x00\x01\x84X\x93_ \
\x00\x00\x04\xe2\x00\x00\x00\x00\x00\x01\x00\x00\xacT\
\x00\x00\x01\x84X\x93_ \
\x00\x00\x07p\x00\x00\x00\x00\x00\x01\x00\x01\x0c\xd3\
\x00\x00\x01\x84X\x93_ \
\x00\x00\x06v\x00\x00\x00\x00\x00\x01\x00\x00\xe3\x1e\
\x00\x00\x01\x84X\x93_ \
\x00\x00\x08\x0c\x00\x00\x00\x00\x00\x01\x00\x01\x1f\x89\
\x00\x00\x01\x84X\x93_ \
\x00\x00\x04\x96\x00\x00\x00\x00\x00\x01\x00\x00\xa1\xd9\
\x00\x00\x01\x84X\x93_ \
\x00\x00\x06\xdc\x00\x00\x00\x00\x00\x01\x00\x00\xf3\xe5\
\x00\x00\x01\x84X\x93_ \
"

def qInitResources():
    QtCore.qRegisterResourceData(0x03, qt_resource_struct, qt_resource_name, qt_resource_data)

def qCleanupResources():
    QtCore.qUnregisterResourceData(0x03, qt_resource_struct, qt_resource_name, qt_resource_data)

qInitResources()
